card,benchmark_id,score_json
models/01-ai/yi-1-5-34b-32k.md,arc_challenge,64.4
models/01-ai/yi-1-5-34b-32k.md,hellaswag,85.5
models/01-ai/yi-1-5-34b-32k.md,truthfulqa,52.1
models/01-ai/yi-1-5-34b-32k.md,winogrande,84.0
models/01-ai/yi-1-5-34b-32k.md,mmlu_abstract_algebra,56.0
models/01-ai/yi-1-5-34b-32k.md,mmlu_anatomy,75.6
models/01-ai/yi-1-5-34b-32k.md,mmlu_astronomy,89.5
models/01-ai/yi-1-5-34b-32k.md,mmlu_business_ethics,82.0
models/01-ai/yi-1-5-34b-32k.md,mmlu_clinical_knowledge,82.6
models/01-ai/yi-1-5-34b-32k.md,mmlu_college_biology,86.1
models/01-ai/yi-1-5-34b-32k.md,mmlu_college_chemistry,52.0
models/01-ai/yi-1-5-34b-32k.md,mmlu_college_computer_science,72.0
models/01-ai/yi-1-5-34b-32k.md,mmlu_college_mathematics,54.0
models/01-ai/yi-1-5-34b-32k.md,mmlu_college_medicine,74.6
models/01-ai/yi-1-5-34b-32k.md,mmlu_college_physics,59.8
models/01-ai/yi-1-5-34b-32k.md,mmlu_computer_security,86.0
models/01-ai/yi-1-5-34b-32k.md,mmlu_conceptual_physics,84.7
models/01-ai/yi-1-5-34b-32k.md,mmlu_econometrics,63.2
models/01-ai/yi-1-5-34b-32k.md,mmlu_electrical_engineering,80.7
models/01-ai/yi-1-5-34b-32k.md,mmlu_elementary_mathematics,74.3
models/01-ai/yi-1-5-34b-32k.md,mmlu_formal_logic,62.7
models/01-ai/yi-1-5-34b-32k.md,mmlu_global_facts,54.0
models/01-ai/yi-1-5-34b-32k.md,mmlu_high_school_biology,89.7
models/01-ai/yi-1-5-34b-32k.md,mmlu_high_school_chemistry,70.9
models/01-ai/yi-1-5-34b-32k.md,mmlu_high_school_computer_science,84.0
models/01-ai/yi-1-5-34b-32k.md,mmlu_high_school_european_history,88.5
models/01-ai/yi-1-5-34b-32k.md,mmlu_high_school_geography,91.9
models/01-ai/yi-1-5-34b-32k.md,mmlu_high_school_government_and_politics,94.8
models/01-ai/yi-1-5-34b-32k.md,mmlu_high_school_macroeconomics,83.6
models/01-ai/yi-1-5-34b-32k.md,mmlu_high_school_mathematics,51.9
models/01-ai/yi-1-5-34b-32k.md,mmlu_high_school_microeconomics,88.7
models/01-ai/yi-1-5-34b-32k.md,mmlu_high_school_physics,54.3
models/01-ai/yi-1-5-34b-32k.md,mmlu_high_school_psychology,91.0
models/01-ai/yi-1-5-34b-32k.md,mmlu_high_school_statistics,71.3
models/01-ai/yi-1-5-34b-32k.md,mmlu_high_school_us_history,89.2
models/01-ai/yi-1-5-34b-32k.md,mmlu_high_school_world_history,89.0
models/01-ai/yi-1-5-34b-32k.md,mmlu_human_aging,82.5
models/01-ai/yi-1-5-34b-32k.md,mmlu_human_sexuality,88.5
models/01-ai/yi-1-5-34b-32k.md,mmlu_international_law,88.4
models/01-ai/yi-1-5-34b-32k.md,mmlu_jurisprudence,88.9
models/01-ai/yi-1-5-34b-32k.md,mmlu_logical_fallacies,86.5
models/01-ai/yi-1-5-34b-32k.md,mmlu_machine_learning,58.9
models/01-ai/yi-1-5-34b-32k.md,mmlu_management,86.4
models/01-ai/yi-1-5-34b-32k.md,mmlu_marketing,95.3
models/01-ai/yi-1-5-34b-32k.md,mmlu_medical_genetics,87.0
models/01-ai/yi-1-5-34b-32k.md,mmlu_miscellaneous,90.5
models/01-ai/yi-1-5-34b-32k.md,mmlu_moral_disputes,82.1
models/01-ai/yi-1-5-34b-32k.md,mmlu_moral_scenarios,67.2
models/01-ai/yi-1-5-34b-32k.md,mmlu_nutrition,83.7
models/01-ai/yi-1-5-34b-32k.md,mmlu_philosophy,80.4
models/01-ai/yi-1-5-34b-32k.md,mmlu_prehistory,86.1
models/01-ai/yi-1-5-34b-32k.md,mmlu_professional_accounting,64.2
models/01-ai/yi-1-5-34b-32k.md,mmlu_professional_law,58.5
models/01-ai/yi-1-5-34b-32k.md,mmlu_professional_medicine,82.7
models/01-ai/yi-1-5-34b-32k.md,mmlu_professional_psychology,81.7
models/01-ai/yi-1-5-34b-32k.md,mmlu_public_relations,75.5
models/01-ai/yi-1-5-34b-32k.md,mmlu_security_studies,81.6
models/01-ai/yi-1-5-34b-32k.md,mmlu_sociology,89.1
models/01-ai/yi-1-5-34b-32k.md,mmlu_us_foreign_policy,92.0
models/01-ai/yi-1-5-34b-32k.md,mmlu_virology,57.8
models/01-ai/yi-1-5-34b-32k.md,mmlu_world_religions,90.6
models/01-ai/yi-1-5-34b-32k.md,ifeval,31.2
models/01-ai/yi-1-5-34b-32k.md,bbh,60.2
models/01-ai/yi-1-5-34b-32k.md,math_lvl5,15.4
models/01-ai/yi-1-5-34b-32k.md,gpqa_pooled,36.3
models/01-ai/yi-1-5-34b-32k.md,musr,44.0
models/01-ai/yi-1-5-34b-32k.md,mmlu_pro,47.1
models/01-ai/yi-1-5-34b-chat-16k.md,arc_challenge,70.5
models/01-ai/yi-1-5-34b-chat-16k.md,gsm8k,71.6
models/01-ai/yi-1-5-34b-chat-16k.md,hellaswag,86.0
models/01-ai/yi-1-5-34b-chat-16k.md,truthfulqa,62.2
models/01-ai/yi-1-5-34b-chat-16k.md,winogrande,81.6
models/01-ai/yi-1-5-34b-chat-16k.md,mmlu_abstract_algebra,58.0
models/01-ai/yi-1-5-34b-chat-16k.md,mmlu_anatomy,80.0
models/01-ai/yi-1-5-34b-chat-16k.md,mmlu_astronomy,87.5
models/01-ai/yi-1-5-34b-chat-16k.md,mmlu_business_ethics,81.0
models/01-ai/yi-1-5-34b-chat-16k.md,mmlu_clinical_knowledge,77.4
models/01-ai/yi-1-5-34b-chat-16k.md,mmlu_college_biology,82.6
models/01-ai/yi-1-5-34b-chat-16k.md,mmlu_college_chemistry,56.0
models/01-ai/yi-1-5-34b-chat-16k.md,mmlu_college_computer_science,69.0
models/01-ai/yi-1-5-34b-chat-16k.md,mmlu_college_mathematics,51.0
models/01-ai/yi-1-5-34b-chat-16k.md,mmlu_college_medicine,75.1
models/01-ai/yi-1-5-34b-chat-16k.md,mmlu_college_physics,52.0
models/01-ai/yi-1-5-34b-chat-16k.md,mmlu_computer_security,82.0
models/01-ai/yi-1-5-34b-chat-16k.md,mmlu_conceptual_physics,81.7
models/01-ai/yi-1-5-34b-chat-16k.md,mmlu_econometrics,57.9
models/01-ai/yi-1-5-34b-chat-16k.md,mmlu_electrical_engineering,74.5
models/01-ai/yi-1-5-34b-chat-16k.md,mmlu_elementary_mathematics,75.4
models/01-ai/yi-1-5-34b-chat-16k.md,mmlu_formal_logic,66.7
models/01-ai/yi-1-5-34b-chat-16k.md,mmlu_global_facts,51.0
models/01-ai/yi-1-5-34b-chat-16k.md,mmlu_high_school_biology,88.4
models/01-ai/yi-1-5-34b-chat-16k.md,mmlu_high_school_chemistry,66.5
models/01-ai/yi-1-5-34b-chat-16k.md,mmlu_high_school_computer_science,90.0
models/01-ai/yi-1-5-34b-chat-16k.md,mmlu_high_school_european_history,86.1
models/01-ai/yi-1-5-34b-chat-16k.md,mmlu_high_school_geography,88.4
models/01-ai/yi-1-5-34b-chat-16k.md,mmlu_high_school_government_and_politics,95.9
models/01-ai/yi-1-5-34b-chat-16k.md,mmlu_high_school_macroeconomics,83.8
models/01-ai/yi-1-5-34b-chat-16k.md,mmlu_high_school_mathematics,55.6
models/01-ai/yi-1-5-34b-chat-16k.md,mmlu_high_school_microeconomics,87.8
models/01-ai/yi-1-5-34b-chat-16k.md,mmlu_high_school_physics,60.9
models/01-ai/yi-1-5-34b-chat-16k.md,mmlu_high_school_psychology,89.0
models/01-ai/yi-1-5-34b-chat-16k.md,mmlu_high_school_statistics,68.1
models/01-ai/yi-1-5-34b-chat-16k.md,mmlu_high_school_us_history,90.7
models/01-ai/yi-1-5-34b-chat-16k.md,mmlu_high_school_world_history,88.2
models/01-ai/yi-1-5-34b-chat-16k.md,mmlu_human_aging,80.7
models/01-ai/yi-1-5-34b-chat-16k.md,mmlu_human_sexuality,87.8
models/01-ai/yi-1-5-34b-chat-16k.md,mmlu_international_law,87.6
models/01-ai/yi-1-5-34b-chat-16k.md,mmlu_jurisprudence,83.3
models/01-ai/yi-1-5-34b-chat-16k.md,mmlu_logical_fallacies,85.9
models/01-ai/yi-1-5-34b-chat-16k.md,mmlu_machine_learning,63.4
models/01-ai/yi-1-5-34b-chat-16k.md,mmlu_management,88.3
models/01-ai/yi-1-5-34b-chat-16k.md,mmlu_marketing,92.3
models/01-ai/yi-1-5-34b-chat-16k.md,mmlu_medical_genetics,84.0
models/01-ai/yi-1-5-34b-chat-16k.md,mmlu_miscellaneous,89.9
models/01-ai/yi-1-5-34b-chat-16k.md,mmlu_moral_disputes,81.2
models/01-ai/yi-1-5-34b-chat-16k.md,mmlu_moral_scenarios,68.2
models/01-ai/yi-1-5-34b-chat-16k.md,mmlu_nutrition,82.7
models/01-ai/yi-1-5-34b-chat-16k.md,mmlu_philosophy,77.5
models/01-ai/yi-1-5-34b-chat-16k.md,mmlu_prehistory,85.2
models/01-ai/yi-1-5-34b-chat-16k.md,mmlu_professional_accounting,63.1
models/01-ai/yi-1-5-34b-chat-16k.md,mmlu_professional_law,57.0
models/01-ai/yi-1-5-34b-chat-16k.md,mmlu_professional_medicine,81.2
models/01-ai/yi-1-5-34b-chat-16k.md,mmlu_professional_psychology,78.3
models/01-ai/yi-1-5-34b-chat-16k.md,mmlu_public_relations,72.7
models/01-ai/yi-1-5-34b-chat-16k.md,mmlu_security_studies,82.0
models/01-ai/yi-1-5-34b-chat-16k.md,mmlu_sociology,88.1
models/01-ai/yi-1-5-34b-chat-16k.md,mmlu_us_foreign_policy,86.0
models/01-ai/yi-1-5-34b-chat-16k.md,mmlu_virology,62.7
models/01-ai/yi-1-5-34b-chat-16k.md,mmlu_world_religions,86.5
models/01-ai/yi-1-5-34b-chat-16k.md,ifeval,45.6
models/01-ai/yi-1-5-34b-chat-16k.md,bbh,61.0
models/01-ai/yi-1-5-34b-chat-16k.md,math_lvl5,21.4
models/01-ai/yi-1-5-34b-chat-16k.md,gpqa_pooled,33.8
models/01-ai/yi-1-5-34b-chat-16k.md,musr,44.0
models/01-ai/yi-1-5-34b-chat-16k.md,mmlu_pro,45.4
models/01-ai/yi-1-5-34b-chat.md,bbh,60.8
models/01-ai/yi-1-5-34b-chat.md,ifeval,60.7
models/01-ai/yi-1-5-34b-chat.md,mmlu_pro,45.2
models/01-ai/yi-1-5-34b-chat.md,musr,42.8
models/01-ai/yi-1-5-34b-chat.md,arc_challenge,70.5
models/01-ai/yi-1-5-34b-chat.md,gsm8k,71.6
models/01-ai/yi-1-5-34b-chat.md,hellaswag,86.0
models/01-ai/yi-1-5-34b-chat.md,truthfulqa,62.2
models/01-ai/yi-1-5-34b-chat.md,winogrande,81.6
models/01-ai/yi-1-5-34b-chat.md,mmlu_abstract_algebra,58.0
models/01-ai/yi-1-5-34b-chat.md,mmlu_anatomy,80.0
models/01-ai/yi-1-5-34b-chat.md,mmlu_astronomy,87.5
models/01-ai/yi-1-5-34b-chat.md,mmlu_business_ethics,81.0
models/01-ai/yi-1-5-34b-chat.md,mmlu_clinical_knowledge,77.4
models/01-ai/yi-1-5-34b-chat.md,mmlu_college_biology,82.6
models/01-ai/yi-1-5-34b-chat.md,mmlu_college_chemistry,56.0
models/01-ai/yi-1-5-34b-chat.md,mmlu_college_computer_science,69.0
models/01-ai/yi-1-5-34b-chat.md,mmlu_college_mathematics,51.0
models/01-ai/yi-1-5-34b-chat.md,mmlu_college_medicine,75.1
models/01-ai/yi-1-5-34b-chat.md,mmlu_college_physics,52.0
models/01-ai/yi-1-5-34b-chat.md,mmlu_computer_security,82.0
models/01-ai/yi-1-5-34b-chat.md,mmlu_conceptual_physics,81.7
models/01-ai/yi-1-5-34b-chat.md,mmlu_econometrics,57.9
models/01-ai/yi-1-5-34b-chat.md,mmlu_electrical_engineering,74.5
models/01-ai/yi-1-5-34b-chat.md,mmlu_elementary_mathematics,75.4
models/01-ai/yi-1-5-34b-chat.md,mmlu_formal_logic,66.7
models/01-ai/yi-1-5-34b-chat.md,mmlu_global_facts,51.0
models/01-ai/yi-1-5-34b-chat.md,mmlu_high_school_biology,88.4
models/01-ai/yi-1-5-34b-chat.md,mmlu_high_school_chemistry,66.5
models/01-ai/yi-1-5-34b-chat.md,mmlu_high_school_computer_science,90.0
models/01-ai/yi-1-5-34b-chat.md,mmlu_high_school_european_history,86.1
models/01-ai/yi-1-5-34b-chat.md,mmlu_high_school_geography,88.4
models/01-ai/yi-1-5-34b-chat.md,mmlu_high_school_government_and_politics,95.9
models/01-ai/yi-1-5-34b-chat.md,mmlu_high_school_macroeconomics,83.8
models/01-ai/yi-1-5-34b-chat.md,mmlu_high_school_mathematics,55.6
models/01-ai/yi-1-5-34b-chat.md,mmlu_high_school_microeconomics,87.8
models/01-ai/yi-1-5-34b-chat.md,mmlu_high_school_physics,60.9
models/01-ai/yi-1-5-34b-chat.md,mmlu_high_school_psychology,89.0
models/01-ai/yi-1-5-34b-chat.md,mmlu_high_school_statistics,68.1
models/01-ai/yi-1-5-34b-chat.md,mmlu_high_school_us_history,90.7
models/01-ai/yi-1-5-34b-chat.md,mmlu_high_school_world_history,88.2
models/01-ai/yi-1-5-34b-chat.md,mmlu_human_aging,80.7
models/01-ai/yi-1-5-34b-chat.md,mmlu_human_sexuality,87.8
models/01-ai/yi-1-5-34b-chat.md,mmlu_international_law,87.6
models/01-ai/yi-1-5-34b-chat.md,mmlu_jurisprudence,83.3
models/01-ai/yi-1-5-34b-chat.md,mmlu_logical_fallacies,85.9
models/01-ai/yi-1-5-34b-chat.md,mmlu_machine_learning,63.4
models/01-ai/yi-1-5-34b-chat.md,mmlu_management,88.3
models/01-ai/yi-1-5-34b-chat.md,mmlu_marketing,92.3
models/01-ai/yi-1-5-34b-chat.md,mmlu_medical_genetics,84.0
models/01-ai/yi-1-5-34b-chat.md,mmlu_miscellaneous,89.9
models/01-ai/yi-1-5-34b-chat.md,mmlu_moral_disputes,81.2
models/01-ai/yi-1-5-34b-chat.md,mmlu_moral_scenarios,68.2
models/01-ai/yi-1-5-34b-chat.md,mmlu_nutrition,82.7
models/01-ai/yi-1-5-34b-chat.md,mmlu_philosophy,77.5
models/01-ai/yi-1-5-34b-chat.md,mmlu_prehistory,85.2
models/01-ai/yi-1-5-34b-chat.md,mmlu_professional_accounting,63.1
models/01-ai/yi-1-5-34b-chat.md,mmlu_professional_law,57.0
models/01-ai/yi-1-5-34b-chat.md,mmlu_professional_medicine,81.2
models/01-ai/yi-1-5-34b-chat.md,mmlu_professional_psychology,78.3
models/01-ai/yi-1-5-34b-chat.md,mmlu_public_relations,72.7
models/01-ai/yi-1-5-34b-chat.md,mmlu_security_studies,82.0
models/01-ai/yi-1-5-34b-chat.md,mmlu_sociology,88.1
models/01-ai/yi-1-5-34b-chat.md,mmlu_us_foreign_policy,86.0
models/01-ai/yi-1-5-34b-chat.md,mmlu_virology,62.7
models/01-ai/yi-1-5-34b-chat.md,mmlu_world_religions,86.5
models/01-ai/yi-1-5-34b.md,bbh,59.8
models/01-ai/yi-1-5-34b.md,ifeval,28.4
models/01-ai/yi-1-5-34b.md,mmlu_pro,46.7
models/01-ai/yi-1-5-34b.md,musr,42.4
models/01-ai/yi-1-5-34b.md,arc_challenge,65.8
models/01-ai/yi-1-5-34b.md,gsm8k,73.2
models/01-ai/yi-1-5-34b.md,hellaswag,86.1
models/01-ai/yi-1-5-34b.md,truthfulqa,53.8
models/01-ai/yi-1-5-34b.md,winogrande,84.1
models/01-ai/yi-1-5-34b.md,mmlu_abstract_algebra,55.0
models/01-ai/yi-1-5-34b.md,mmlu_anatomy,75.6
models/01-ai/yi-1-5-34b.md,mmlu_astronomy,88.2
models/01-ai/yi-1-5-34b.md,mmlu_business_ethics,80.0
models/01-ai/yi-1-5-34b.md,mmlu_clinical_knowledge,83.0
models/01-ai/yi-1-5-34b.md,mmlu_college_biology,87.5
models/01-ai/yi-1-5-34b.md,mmlu_college_chemistry,57.0
models/01-ai/yi-1-5-34b.md,mmlu_college_computer_science,70.0
models/01-ai/yi-1-5-34b.md,mmlu_college_mathematics,59.0
models/01-ai/yi-1-5-34b.md,mmlu_college_medicine,75.1
models/01-ai/yi-1-5-34b.md,mmlu_college_physics,56.9
models/01-ai/yi-1-5-34b.md,mmlu_computer_security,86.0
models/01-ai/yi-1-5-34b.md,mmlu_conceptual_physics,83.8
models/01-ai/yi-1-5-34b.md,mmlu_econometrics,64.9
models/01-ai/yi-1-5-34b.md,mmlu_electrical_engineering,78.6
models/01-ai/yi-1-5-34b.md,mmlu_elementary_mathematics,72.0
models/01-ai/yi-1-5-34b.md,mmlu_formal_logic,67.5
models/01-ai/yi-1-5-34b.md,mmlu_global_facts,55.0
models/01-ai/yi-1-5-34b.md,mmlu_high_school_biology,87.7
models/01-ai/yi-1-5-34b.md,mmlu_high_school_chemistry,69.5
models/01-ai/yi-1-5-34b.md,mmlu_high_school_computer_science,83.0
models/01-ai/yi-1-5-34b.md,mmlu_high_school_european_history,87.3
models/01-ai/yi-1-5-34b.md,mmlu_high_school_geography,93.4
models/01-ai/yi-1-5-34b.md,mmlu_high_school_government_and_politics,94.8
models/01-ai/yi-1-5-34b.md,mmlu_high_school_macroeconomics,83.1
models/01-ai/yi-1-5-34b.md,mmlu_high_school_mathematics,51.1
models/01-ai/yi-1-5-34b.md,mmlu_high_school_microeconomics,88.7
models/01-ai/yi-1-5-34b.md,mmlu_high_school_physics,55.6
models/01-ai/yi-1-5-34b.md,mmlu_high_school_psychology,91.4
models/01-ai/yi-1-5-34b.md,mmlu_high_school_statistics,72.7
models/01-ai/yi-1-5-34b.md,mmlu_high_school_us_history,89.2
models/01-ai/yi-1-5-34b.md,mmlu_high_school_world_history,90.7
models/01-ai/yi-1-5-34b.md,mmlu_human_aging,81.2
models/01-ai/yi-1-5-34b.md,mmlu_human_sexuality,87.8
models/01-ai/yi-1-5-34b.md,mmlu_international_law,87.6
models/01-ai/yi-1-5-34b.md,mmlu_jurisprudence,85.2
models/01-ai/yi-1-5-34b.md,mmlu_logical_fallacies,87.1
models/01-ai/yi-1-5-34b.md,mmlu_machine_learning,58.0
models/01-ai/yi-1-5-34b.md,mmlu_management,91.3
models/01-ai/yi-1-5-34b.md,mmlu_marketing,94.9
models/01-ai/yi-1-5-34b.md,mmlu_medical_genetics,86.0
models/01-ai/yi-1-5-34b.md,mmlu_miscellaneous,90.2
models/01-ai/yi-1-5-34b.md,mmlu_moral_disputes,81.2
models/01-ai/yi-1-5-34b.md,mmlu_moral_scenarios,64.7
models/01-ai/yi-1-5-34b.md,mmlu_nutrition,84.3
models/01-ai/yi-1-5-34b.md,mmlu_philosophy,81.4
models/01-ai/yi-1-5-34b.md,mmlu_prehistory,84.6
models/01-ai/yi-1-5-34b.md,mmlu_professional_accounting,62.1
models/01-ai/yi-1-5-34b.md,mmlu_professional_law,58.0
models/01-ai/yi-1-5-34b.md,mmlu_professional_medicine,84.9
models/01-ai/yi-1-5-34b.md,mmlu_professional_psychology,80.9
models/01-ai/yi-1-5-34b.md,mmlu_public_relations,76.4
models/01-ai/yi-1-5-34b.md,mmlu_security_studies,82.4
models/01-ai/yi-1-5-34b.md,mmlu_sociology,87.1
models/01-ai/yi-1-5-34b.md,mmlu_us_foreign_policy,90.0
models/01-ai/yi-1-5-34b.md,mmlu_virology,56.6
models/01-ai/yi-1-5-34b.md,mmlu_world_religions,88.9
models/01-ai/yi-1-5-6b-chat.md,arc_challenge,60.7
models/01-ai/yi-1-5-6b-chat.md,gsm8k,67.1
models/01-ai/yi-1-5-6b-chat.md,hellaswag,78.9
models/01-ai/yi-1-5-6b-chat.md,truthfulqa,52.6
models/01-ai/yi-1-5-6b-chat.md,winogrande,73.6
models/01-ai/yi-1-5-6b-chat.md,mmlu_abstract_algebra,45.0
models/01-ai/yi-1-5-6b-chat.md,mmlu_anatomy,51.9
models/01-ai/yi-1-5-6b-chat.md,mmlu_astronomy,67.1
models/01-ai/yi-1-5-6b-chat.md,mmlu_business_ethics,70.0
models/01-ai/yi-1-5-6b-chat.md,mmlu_clinical_knowledge,67.9
models/01-ai/yi-1-5-6b-chat.md,mmlu_college_biology,72.2
models/01-ai/yi-1-5-6b-chat.md,mmlu_college_chemistry,45.0
models/01-ai/yi-1-5-6b-chat.md,mmlu_college_computer_science,54.0
models/01-ai/yi-1-5-6b-chat.md,mmlu_college_mathematics,41.0
models/01-ai/yi-1-5-6b-chat.md,mmlu_college_medicine,60.7
models/01-ai/yi-1-5-6b-chat.md,mmlu_college_physics,45.1
models/01-ai/yi-1-5-6b-chat.md,mmlu_computer_security,71.0
models/01-ai/yi-1-5-6b-chat.md,mmlu_conceptual_physics,64.7
models/01-ai/yi-1-5-6b-chat.md,mmlu_econometrics,51.8
models/01-ai/yi-1-5-6b-chat.md,mmlu_electrical_engineering,63.4
models/01-ai/yi-1-5-6b-chat.md,mmlu_elementary_mathematics,53.4
models/01-ai/yi-1-5-6b-chat.md,mmlu_formal_logic,58.7
models/01-ai/yi-1-5-6b-chat.md,mmlu_global_facts,42.0
models/01-ai/yi-1-5-6b-chat.md,mmlu_high_school_biology,75.8
models/01-ai/yi-1-5-6b-chat.md,mmlu_high_school_chemistry,53.2
models/01-ai/yi-1-5-6b-chat.md,mmlu_high_school_computer_science,75.0
models/01-ai/yi-1-5-6b-chat.md,mmlu_high_school_european_history,78.8
models/01-ai/yi-1-5-6b-chat.md,mmlu_high_school_geography,78.3
models/01-ai/yi-1-5-6b-chat.md,mmlu_high_school_government_and_politics,84.5
models/01-ai/yi-1-5-6b-chat.md,mmlu_high_school_macroeconomics,66.9
models/01-ai/yi-1-5-6b-chat.md,mmlu_high_school_mathematics,42.6
models/01-ai/yi-1-5-6b-chat.md,mmlu_high_school_microeconomics,82.8
models/01-ai/yi-1-5-6b-chat.md,mmlu_high_school_physics,39.1
models/01-ai/yi-1-5-6b-chat.md,mmlu_high_school_psychology,82.4
models/01-ai/yi-1-5-6b-chat.md,mmlu_high_school_statistics,53.2
models/01-ai/yi-1-5-6b-chat.md,mmlu_high_school_us_history,77.0
models/01-ai/yi-1-5-6b-chat.md,mmlu_high_school_world_history,78.5
models/01-ai/yi-1-5-6b-chat.md,mmlu_human_aging,61.0
models/01-ai/yi-1-5-6b-chat.md,mmlu_human_sexuality,65.6
models/01-ai/yi-1-5-6b-chat.md,mmlu_international_law,76.0
models/01-ai/yi-1-5-6b-chat.md,mmlu_jurisprudence,77.8
models/01-ai/yi-1-5-6b-chat.md,mmlu_logical_fallacies,76.7
models/01-ai/yi-1-5-6b-chat.md,mmlu_machine_learning,56.2
models/01-ai/yi-1-5-6b-chat.md,mmlu_management,80.6
models/01-ai/yi-1-5-6b-chat.md,mmlu_marketing,88.9
models/01-ai/yi-1-5-6b-chat.md,mmlu_medical_genetics,68.0
models/01-ai/yi-1-5-6b-chat.md,mmlu_miscellaneous,79.7
models/01-ai/yi-1-5-6b-chat.md,mmlu_moral_disputes,69.7
models/01-ai/yi-1-5-6b-chat.md,mmlu_moral_scenarios,38.2
models/01-ai/yi-1-5-6b-chat.md,mmlu_nutrition,68.0
models/01-ai/yi-1-5-6b-chat.md,mmlu_philosophy,64.0
models/01-ai/yi-1-5-6b-chat.md,mmlu_prehistory,63.6
models/01-ai/yi-1-5-6b-chat.md,mmlu_professional_accounting,52.1
models/01-ai/yi-1-5-6b-chat.md,mmlu_professional_law,47.3
models/01-ai/yi-1-5-6b-chat.md,mmlu_professional_medicine,53.7
models/01-ai/yi-1-5-6b-chat.md,mmlu_professional_psychology,62.3
models/01-ai/yi-1-5-6b-chat.md,mmlu_public_relations,64.5
models/01-ai/yi-1-5-6b-chat.md,mmlu_security_studies,68.6
models/01-ai/yi-1-5-6b-chat.md,mmlu_sociology,81.1
models/01-ai/yi-1-5-6b-chat.md,mmlu_us_foreign_policy,81.0
models/01-ai/yi-1-5-6b-chat.md,mmlu_virology,50.0
models/01-ai/yi-1-5-6b-chat.md,mmlu_world_religions,74.3
models/01-ai/yi-1-5-6b-chat.md,ifeval,51.5
models/01-ai/yi-1-5-6b-chat.md,bbh,45.7
models/01-ai/yi-1-5-6b-chat.md,math_lvl5,16.2
models/01-ai/yi-1-5-6b-chat.md,gpqa_pooled,30.2
models/01-ai/yi-1-5-6b-chat.md,musr,43.9
models/01-ai/yi-1-5-6b-chat.md,mmlu_pro,31.9
models/01-ai/yi-1-5-6b.md,arc_challenge,57.3
models/01-ai/yi-1-5-6b.md,gsm8k,49.8
models/01-ai/yi-1-5-6b.md,hellaswag,78.0
models/01-ai/yi-1-5-6b.md,truthfulqa,44.0
models/01-ai/yi-1-5-6b.md,winogrande,75.5
models/01-ai/yi-1-5-6b.md,mmlu_abstract_algebra,37.0
models/01-ai/yi-1-5-6b.md,mmlu_anatomy,55.6
models/01-ai/yi-1-5-6b.md,mmlu_astronomy,66.4
models/01-ai/yi-1-5-6b.md,mmlu_business_ethics,70.0
models/01-ai/yi-1-5-6b.md,mmlu_clinical_knowledge,65.7
models/01-ai/yi-1-5-6b.md,mmlu_college_biology,70.8
models/01-ai/yi-1-5-6b.md,mmlu_college_chemistry,44.0
models/01-ai/yi-1-5-6b.md,mmlu_college_computer_science,57.0
models/01-ai/yi-1-5-6b.md,mmlu_college_mathematics,39.0
models/01-ai/yi-1-5-6b.md,mmlu_college_medicine,60.7
models/01-ai/yi-1-5-6b.md,mmlu_college_physics,44.1
models/01-ai/yi-1-5-6b.md,mmlu_computer_security,79.0
models/01-ai/yi-1-5-6b.md,mmlu_conceptual_physics,66.8
models/01-ai/yi-1-5-6b.md,mmlu_econometrics,46.5
models/01-ai/yi-1-5-6b.md,mmlu_electrical_engineering,65.5
models/01-ai/yi-1-5-6b.md,mmlu_elementary_mathematics,51.9
models/01-ai/yi-1-5-6b.md,mmlu_formal_logic,49.2
models/01-ai/yi-1-5-6b.md,mmlu_global_facts,34.0
models/01-ai/yi-1-5-6b.md,mmlu_high_school_biology,77.7
models/01-ai/yi-1-5-6b.md,mmlu_high_school_chemistry,62.1
models/01-ai/yi-1-5-6b.md,mmlu_high_school_computer_science,69.0
models/01-ai/yi-1-5-6b.md,mmlu_high_school_european_history,79.4
models/01-ai/yi-1-5-6b.md,mmlu_high_school_geography,80.8
models/01-ai/yi-1-5-6b.md,mmlu_high_school_government_and_politics,87.6
models/01-ai/yi-1-5-6b.md,mmlu_high_school_macroeconomics,71.0
models/01-ai/yi-1-5-6b.md,mmlu_high_school_mathematics,40.7
models/01-ai/yi-1-5-6b.md,mmlu_high_school_microeconomics,81.9
models/01-ai/yi-1-5-6b.md,mmlu_high_school_physics,44.4
models/01-ai/yi-1-5-6b.md,mmlu_high_school_psychology,83.1
models/01-ai/yi-1-5-6b.md,mmlu_high_school_statistics,57.4
models/01-ai/yi-1-5-6b.md,mmlu_high_school_us_history,82.4
models/01-ai/yi-1-5-6b.md,mmlu_high_school_world_history,77.2
models/01-ai/yi-1-5-6b.md,mmlu_human_aging,62.8
models/01-ai/yi-1-5-6b.md,mmlu_human_sexuality,70.2
models/01-ai/yi-1-5-6b.md,mmlu_international_law,75.2
models/01-ai/yi-1-5-6b.md,mmlu_jurisprudence,77.8
models/01-ai/yi-1-5-6b.md,mmlu_logical_fallacies,73.6
models/01-ai/yi-1-5-6b.md,mmlu_machine_learning,46.4
models/01-ai/yi-1-5-6b.md,mmlu_management,79.6
models/01-ai/yi-1-5-6b.md,mmlu_marketing,90.2
models/01-ai/yi-1-5-6b.md,mmlu_medical_genetics,75.0
models/01-ai/yi-1-5-6b.md,mmlu_miscellaneous,80.6
models/01-ai/yi-1-5-6b.md,mmlu_moral_disputes,69.4
models/01-ai/yi-1-5-6b.md,mmlu_moral_scenarios,33.2
models/01-ai/yi-1-5-6b.md,mmlu_nutrition,69.3
models/01-ai/yi-1-5-6b.md,mmlu_philosophy,68.5
models/01-ai/yi-1-5-6b.md,mmlu_prehistory,71.3
models/01-ai/yi-1-5-6b.md,mmlu_professional_accounting,54.3
models/01-ai/yi-1-5-6b.md,mmlu_professional_law,47.1
models/01-ai/yi-1-5-6b.md,mmlu_professional_medicine,65.8
models/01-ai/yi-1-5-6b.md,mmlu_professional_psychology,65.5
models/01-ai/yi-1-5-6b.md,mmlu_public_relations,69.1
models/01-ai/yi-1-5-6b.md,mmlu_security_studies,72.7
models/01-ai/yi-1-5-6b.md,mmlu_sociology,77.1
models/01-ai/yi-1-5-6b.md,mmlu_us_foreign_policy,86.0
models/01-ai/yi-1-5-6b.md,mmlu_virology,50.6
models/01-ai/yi-1-5-6b.md,mmlu_world_religions,76.0
models/01-ai/yi-1-5-6b.md,ifeval,26.2
models/01-ai/yi-1-5-6b.md,bbh,44.9
models/01-ai/yi-1-5-6b.md,math_lvl5,6.6
models/01-ai/yi-1-5-6b.md,gpqa_pooled,31.4
models/01-ai/yi-1-5-6b.md,musr,43.7
models/01-ai/yi-1-5-6b.md,mmlu_pro,31.4
models/01-ai/yi-1-5-9b-32k.md,arc_challenge,61.1
models/01-ai/yi-1-5-9b-32k.md,hellaswag,79.8
models/01-ai/yi-1-5-9b-32k.md,truthfulqa,42.5
models/01-ai/yi-1-5-9b-32k.md,winogrande,76.9
models/01-ai/yi-1-5-9b-32k.md,mmlu_abstract_algebra,48.0
models/01-ai/yi-1-5-9b-32k.md,mmlu_anatomy,65.9
models/01-ai/yi-1-5-9b-32k.md,mmlu_astronomy,77.0
models/01-ai/yi-1-5-9b-32k.md,mmlu_business_ethics,75.0
models/01-ai/yi-1-5-9b-32k.md,mmlu_clinical_knowledge,71.7
models/01-ai/yi-1-5-9b-32k.md,mmlu_college_biology,81.9
models/01-ai/yi-1-5-9b-32k.md,mmlu_college_chemistry,49.0
models/01-ai/yi-1-5-9b-32k.md,mmlu_college_computer_science,60.0
models/01-ai/yi-1-5-9b-32k.md,mmlu_college_mathematics,53.0
models/01-ai/yi-1-5-9b-32k.md,mmlu_college_medicine,70.5
models/01-ai/yi-1-5-9b-32k.md,mmlu_college_physics,47.1
models/01-ai/yi-1-5-9b-32k.md,mmlu_computer_security,84.0
models/01-ai/yi-1-5-9b-32k.md,mmlu_conceptual_physics,71.9
models/01-ai/yi-1-5-9b-32k.md,mmlu_econometrics,63.2
models/01-ai/yi-1-5-9b-32k.md,mmlu_electrical_engineering,71.0
models/01-ai/yi-1-5-9b-32k.md,mmlu_elementary_mathematics,60.3
models/01-ai/yi-1-5-9b-32k.md,mmlu_formal_logic,57.1
models/01-ai/yi-1-5-9b-32k.md,mmlu_global_facts,43.0
models/01-ai/yi-1-5-9b-32k.md,mmlu_high_school_biology,84.2
models/01-ai/yi-1-5-9b-32k.md,mmlu_high_school_chemistry,63.5
models/01-ai/yi-1-5-9b-32k.md,mmlu_high_school_computer_science,82.0
models/01-ai/yi-1-5-9b-32k.md,mmlu_high_school_european_history,82.4
models/01-ai/yi-1-5-9b-32k.md,mmlu_high_school_geography,84.8
models/01-ai/yi-1-5-9b-32k.md,mmlu_high_school_government_and_politics,91.2
models/01-ai/yi-1-5-9b-32k.md,mmlu_high_school_macroeconomics,73.6
models/01-ai/yi-1-5-9b-32k.md,mmlu_high_school_mathematics,43.0
models/01-ai/yi-1-5-9b-32k.md,mmlu_high_school_microeconomics,82.8
models/01-ai/yi-1-5-9b-32k.md,mmlu_high_school_physics,46.4
models/01-ai/yi-1-5-9b-32k.md,mmlu_high_school_psychology,86.4
models/01-ai/yi-1-5-9b-32k.md,mmlu_high_school_statistics,66.2
models/01-ai/yi-1-5-9b-32k.md,mmlu_high_school_us_history,84.3
models/01-ai/yi-1-5-9b-32k.md,mmlu_high_school_world_history,84.4
models/01-ai/yi-1-5-9b-32k.md,mmlu_human_aging,74.4
models/01-ai/yi-1-5-9b-32k.md,mmlu_human_sexuality,80.2
models/01-ai/yi-1-5-9b-32k.md,mmlu_international_law,81.0
models/01-ai/yi-1-5-9b-32k.md,mmlu_jurisprudence,80.6
models/01-ai/yi-1-5-9b-32k.md,mmlu_logical_fallacies,74.2
models/01-ai/yi-1-5-9b-32k.md,mmlu_machine_learning,50.9
models/01-ai/yi-1-5-9b-32k.md,mmlu_management,81.6
models/01-ai/yi-1-5-9b-32k.md,mmlu_marketing,89.7
models/01-ai/yi-1-5-9b-32k.md,mmlu_medical_genetics,80.0
models/01-ai/yi-1-5-9b-32k.md,mmlu_miscellaneous,84.4
models/01-ai/yi-1-5-9b-32k.md,mmlu_moral_disputes,75.7
models/01-ai/yi-1-5-9b-32k.md,mmlu_moral_scenarios,45.8
models/01-ai/yi-1-5-9b-32k.md,mmlu_nutrition,78.1
models/01-ai/yi-1-5-9b-32k.md,mmlu_philosophy,76.8
models/01-ai/yi-1-5-9b-32k.md,mmlu_prehistory,74.4
models/01-ai/yi-1-5-9b-32k.md,mmlu_professional_accounting,56.7
models/01-ai/yi-1-5-9b-32k.md,mmlu_professional_law,50.7
models/01-ai/yi-1-5-9b-32k.md,mmlu_professional_medicine,69.5
models/01-ai/yi-1-5-9b-32k.md,mmlu_professional_psychology,71.7
models/01-ai/yi-1-5-9b-32k.md,mmlu_public_relations,73.6
models/01-ai/yi-1-5-9b-32k.md,mmlu_security_studies,75.9
models/01-ai/yi-1-5-9b-32k.md,mmlu_sociology,83.6
models/01-ai/yi-1-5-9b-32k.md,mmlu_us_foreign_policy,93.0
models/01-ai/yi-1-5-9b-32k.md,mmlu_virology,54.2
models/01-ai/yi-1-5-9b-32k.md,mmlu_world_religions,83.6
models/01-ai/yi-1-5-9b-32k.md,ifeval,23.0
models/01-ai/yi-1-5-9b-32k.md,bbh,49.6
models/01-ai/yi-1-5-9b-32k.md,math_lvl5,10.8
models/01-ai/yi-1-5-9b-32k.md,gpqa_pooled,35.9
models/01-ai/yi-1-5-9b-32k.md,musr,41.9
models/01-ai/yi-1-5-9b-32k.md,mmlu_pro,37.6
models/01-ai/yi-1-5-9b-chat-16k.md,arc_challenge,64.3
models/01-ai/yi-1-5-9b-chat-16k.md,gsm8k,59.7
models/01-ai/yi-1-5-9b-chat-16k.md,hellaswag,80.9
models/01-ai/yi-1-5-9b-chat-16k.md,truthfulqa,51.0
models/01-ai/yi-1-5-9b-chat-16k.md,winogrande,75.0
models/01-ai/yi-1-5-9b-chat-16k.md,mmlu_abstract_algebra,46.0
models/01-ai/yi-1-5-9b-chat-16k.md,mmlu_anatomy,68.1
models/01-ai/yi-1-5-9b-chat-16k.md,mmlu_astronomy,74.3
models/01-ai/yi-1-5-9b-chat-16k.md,mmlu_business_ethics,76.0
models/01-ai/yi-1-5-9b-chat-16k.md,mmlu_clinical_knowledge,72.5
models/01-ai/yi-1-5-9b-chat-16k.md,mmlu_college_biology,78.5
models/01-ai/yi-1-5-9b-chat-16k.md,mmlu_college_chemistry,54.0
models/01-ai/yi-1-5-9b-chat-16k.md,mmlu_college_computer_science,62.0
models/01-ai/yi-1-5-9b-chat-16k.md,mmlu_college_mathematics,47.0
models/01-ai/yi-1-5-9b-chat-16k.md,mmlu_college_medicine,69.4
models/01-ai/yi-1-5-9b-chat-16k.md,mmlu_college_physics,47.1
models/01-ai/yi-1-5-9b-chat-16k.md,mmlu_computer_security,77.0
models/01-ai/yi-1-5-9b-chat-16k.md,mmlu_conceptual_physics,71.1
models/01-ai/yi-1-5-9b-chat-16k.md,mmlu_econometrics,59.6
models/01-ai/yi-1-5-9b-chat-16k.md,mmlu_electrical_engineering,66.2
models/01-ai/yi-1-5-9b-chat-16k.md,mmlu_elementary_mathematics,64.3
models/01-ai/yi-1-5-9b-chat-16k.md,mmlu_formal_logic,61.1
models/01-ai/yi-1-5-9b-chat-16k.md,mmlu_global_facts,45.0
models/01-ai/yi-1-5-9b-chat-16k.md,mmlu_high_school_biology,84.5
models/01-ai/yi-1-5-9b-chat-16k.md,mmlu_high_school_chemistry,61.1
models/01-ai/yi-1-5-9b-chat-16k.md,mmlu_high_school_computer_science,87.0
models/01-ai/yi-1-5-9b-chat-16k.md,mmlu_high_school_european_history,83.6
models/01-ai/yi-1-5-9b-chat-16k.md,mmlu_high_school_geography,83.3
models/01-ai/yi-1-5-9b-chat-16k.md,mmlu_high_school_government_and_politics,89.1
models/01-ai/yi-1-5-9b-chat-16k.md,mmlu_high_school_macroeconomics,76.2
models/01-ai/yi-1-5-9b-chat-16k.md,mmlu_high_school_mathematics,45.6
models/01-ai/yi-1-5-9b-chat-16k.md,mmlu_high_school_microeconomics,84.5
models/01-ai/yi-1-5-9b-chat-16k.md,mmlu_high_school_physics,51.0
models/01-ai/yi-1-5-9b-chat-16k.md,mmlu_high_school_psychology,85.7
models/01-ai/yi-1-5-9b-chat-16k.md,mmlu_high_school_statistics,65.3
models/01-ai/yi-1-5-9b-chat-16k.md,mmlu_high_school_us_history,86.8
models/01-ai/yi-1-5-9b-chat-16k.md,mmlu_high_school_world_history,84.8
models/01-ai/yi-1-5-9b-chat-16k.md,mmlu_human_aging,71.7
models/01-ai/yi-1-5-9b-chat-16k.md,mmlu_human_sexuality,74.8
models/01-ai/yi-1-5-9b-chat-16k.md,mmlu_international_law,80.2
models/01-ai/yi-1-5-9b-chat-16k.md,mmlu_jurisprudence,77.8
models/01-ai/yi-1-5-9b-chat-16k.md,mmlu_logical_fallacies,82.2
models/01-ai/yi-1-5-9b-chat-16k.md,mmlu_machine_learning,51.8
models/01-ai/yi-1-5-9b-chat-16k.md,mmlu_management,76.7
models/01-ai/yi-1-5-9b-chat-16k.md,mmlu_marketing,91.5
models/01-ai/yi-1-5-9b-chat-16k.md,mmlu_medical_genetics,80.0
models/01-ai/yi-1-5-9b-chat-16k.md,mmlu_miscellaneous,84.2
models/01-ai/yi-1-5-9b-chat-16k.md,mmlu_moral_disputes,72.3
models/01-ai/yi-1-5-9b-chat-16k.md,mmlu_moral_scenarios,54.6
models/01-ai/yi-1-5-9b-chat-16k.md,mmlu_nutrition,77.5
models/01-ai/yi-1-5-9b-chat-16k.md,mmlu_philosophy,75.9
models/01-ai/yi-1-5-9b-chat-16k.md,mmlu_prehistory,74.1
models/01-ai/yi-1-5-9b-chat-16k.md,mmlu_professional_accounting,57.8
models/01-ai/yi-1-5-9b-chat-16k.md,mmlu_professional_law,50.1
models/01-ai/yi-1-5-9b-chat-16k.md,mmlu_professional_medicine,68.0
models/01-ai/yi-1-5-9b-chat-16k.md,mmlu_professional_psychology,70.8
models/01-ai/yi-1-5-9b-chat-16k.md,mmlu_public_relations,72.7
models/01-ai/yi-1-5-9b-chat-16k.md,mmlu_security_studies,77.1
models/01-ai/yi-1-5-9b-chat-16k.md,mmlu_sociology,81.1
models/01-ai/yi-1-5-9b-chat-16k.md,mmlu_us_foreign_policy,93.0
models/01-ai/yi-1-5-9b-chat-16k.md,mmlu_virology,57.2
models/01-ai/yi-1-5-9b-chat-16k.md,mmlu_world_religions,84.2
models/01-ai/yi-1-5-9b-chat-16k.md,ifeval,42.1
models/01-ai/yi-1-5-9b-chat-16k.md,bbh,51.5
models/01-ai/yi-1-5-9b-chat-16k.md,math_lvl5,17.8
models/01-ai/yi-1-5-9b-chat-16k.md,gpqa_pooled,30.9
models/01-ai/yi-1-5-9b-chat-16k.md,musr,41.0
models/01-ai/yi-1-5-9b-chat-16k.md,mmlu_pro,39.9
models/01-ai/yi-1-5-9b-chat.md,arc_challenge,63.7
models/01-ai/yi-1-5-9b-chat.md,gsm8k,71.9
models/01-ai/yi-1-5-9b-chat.md,hellaswag,80.9
models/01-ai/yi-1-5-9b-chat.md,truthfulqa,52.7
models/01-ai/yi-1-5-9b-chat.md,winogrande,77.2
models/01-ai/yi-1-5-9b-chat.md,mmlu_abstract_algebra,46.0
models/01-ai/yi-1-5-9b-chat.md,mmlu_anatomy,63.7
models/01-ai/yi-1-5-9b-chat.md,mmlu_astronomy,72.4
models/01-ai/yi-1-5-9b-chat.md,mmlu_business_ethics,74.0
models/01-ai/yi-1-5-9b-chat.md,mmlu_clinical_knowledge,72.8
models/01-ai/yi-1-5-9b-chat.md,mmlu_college_biology,79.2
models/01-ai/yi-1-5-9b-chat.md,mmlu_college_chemistry,59.0
models/01-ai/yi-1-5-9b-chat.md,mmlu_college_computer_science,66.0
models/01-ai/yi-1-5-9b-chat.md,mmlu_college_mathematics,48.0
models/01-ai/yi-1-5-9b-chat.md,mmlu_college_medicine,71.1
models/01-ai/yi-1-5-9b-chat.md,mmlu_college_physics,46.1
models/01-ai/yi-1-5-9b-chat.md,mmlu_computer_security,77.0
models/01-ai/yi-1-5-9b-chat.md,mmlu_conceptual_physics,72.3
models/01-ai/yi-1-5-9b-chat.md,mmlu_econometrics,58.8
models/01-ai/yi-1-5-9b-chat.md,mmlu_electrical_engineering,69.7
models/01-ai/yi-1-5-9b-chat.md,mmlu_elementary_mathematics,64.0
models/01-ai/yi-1-5-9b-chat.md,mmlu_formal_logic,57.9
models/01-ai/yi-1-5-9b-chat.md,mmlu_global_facts,45.0
models/01-ai/yi-1-5-9b-chat.md,mmlu_high_school_biology,83.5
models/01-ai/yi-1-5-9b-chat.md,mmlu_high_school_chemistry,66.5
models/01-ai/yi-1-5-9b-chat.md,mmlu_high_school_computer_science,87.0
models/01-ai/yi-1-5-9b-chat.md,mmlu_high_school_european_history,84.2
models/01-ai/yi-1-5-9b-chat.md,mmlu_high_school_geography,85.9
models/01-ai/yi-1-5-9b-chat.md,mmlu_high_school_government_and_politics,90.2
models/01-ai/yi-1-5-9b-chat.md,mmlu_high_school_macroeconomics,77.9
models/01-ai/yi-1-5-9b-chat.md,mmlu_high_school_mathematics,47.0
models/01-ai/yi-1-5-9b-chat.md,mmlu_high_school_microeconomics,87.0
models/01-ai/yi-1-5-9b-chat.md,mmlu_high_school_physics,45.7
models/01-ai/yi-1-5-9b-chat.md,mmlu_high_school_psychology,86.4
models/01-ai/yi-1-5-9b-chat.md,mmlu_high_school_statistics,68.5
models/01-ai/yi-1-5-9b-chat.md,mmlu_high_school_us_history,84.8
models/01-ai/yi-1-5-9b-chat.md,mmlu_high_school_world_history,82.7
models/01-ai/yi-1-5-9b-chat.md,mmlu_human_aging,72.2
models/01-ai/yi-1-5-9b-chat.md,mmlu_human_sexuality,74.8
models/01-ai/yi-1-5-9b-chat.md,mmlu_international_law,83.5
models/01-ai/yi-1-5-9b-chat.md,mmlu_jurisprudence,75.0
models/01-ai/yi-1-5-9b-chat.md,mmlu_logical_fallacies,80.4
models/01-ai/yi-1-5-9b-chat.md,mmlu_machine_learning,53.6
models/01-ai/yi-1-5-9b-chat.md,mmlu_management,86.4
models/01-ai/yi-1-5-9b-chat.md,mmlu_marketing,91.9
models/01-ai/yi-1-5-9b-chat.md,mmlu_medical_genetics,80.0
models/01-ai/yi-1-5-9b-chat.md,mmlu_miscellaneous,83.4
models/01-ai/yi-1-5-9b-chat.md,mmlu_moral_disputes,73.7
models/01-ai/yi-1-5-9b-chat.md,mmlu_moral_scenarios,55.0
models/01-ai/yi-1-5-9b-chat.md,mmlu_nutrition,74.5
models/01-ai/yi-1-5-9b-chat.md,mmlu_philosophy,73.6
models/01-ai/yi-1-5-9b-chat.md,mmlu_prehistory,73.1
models/01-ai/yi-1-5-9b-chat.md,mmlu_professional_accounting,57.8
models/01-ai/yi-1-5-9b-chat.md,mmlu_professional_law,48.0
models/01-ai/yi-1-5-9b-chat.md,mmlu_professional_medicine,67.6
models/01-ai/yi-1-5-9b-chat.md,mmlu_professional_psychology,69.6
models/01-ai/yi-1-5-9b-chat.md,mmlu_public_relations,69.1
models/01-ai/yi-1-5-9b-chat.md,mmlu_security_studies,73.1
models/01-ai/yi-1-5-9b-chat.md,mmlu_sociology,81.6
models/01-ai/yi-1-5-9b-chat.md,mmlu_us_foreign_policy,91.0
models/01-ai/yi-1-5-9b-chat.md,mmlu_virology,56.0
models/01-ai/yi-1-5-9b-chat.md,mmlu_world_religions,82.5
models/01-ai/yi-1-5-9b-chat.md,ifeval,60.5
models/01-ai/yi-1-5-9b-chat.md,bbh,55.6
models/01-ai/yi-1-5-9b-chat.md,math_lvl5,22.6
models/01-ai/yi-1-5-9b-chat.md,gpqa_pooled,33.5
models/01-ai/yi-1-5-9b-chat.md,musr,42.6
models/01-ai/yi-1-5-9b-chat.md,mmlu_pro,39.8
models/01-ai/yi-1-5-9b.md,arc_challenge,61.9
models/01-ai/yi-1-5-9b.md,gsm8k,62.7
models/01-ai/yi-1-5-9b.md,hellaswag,80.4
models/01-ai/yi-1-5-9b.md,truthfulqa,46.7
models/01-ai/yi-1-5-9b.md,winogrande,78.0
models/01-ai/yi-1-5-9b.md,mmlu_abstract_algebra,44.0
models/01-ai/yi-1-5-9b.md,mmlu_anatomy,66.7
models/01-ai/yi-1-5-9b.md,mmlu_astronomy,75.7
models/01-ai/yi-1-5-9b.md,mmlu_business_ethics,78.0
models/01-ai/yi-1-5-9b.md,mmlu_clinical_knowledge,68.3
models/01-ai/yi-1-5-9b.md,mmlu_college_biology,79.2
models/01-ai/yi-1-5-9b.md,mmlu_college_chemistry,53.0
models/01-ai/yi-1-5-9b.md,mmlu_college_computer_science,58.0
models/01-ai/yi-1-5-9b.md,mmlu_college_mathematics,53.0
models/01-ai/yi-1-5-9b.md,mmlu_college_medicine,69.9
models/01-ai/yi-1-5-9b.md,mmlu_college_physics,47.1
models/01-ai/yi-1-5-9b.md,mmlu_computer_security,85.0
models/01-ai/yi-1-5-9b.md,mmlu_conceptual_physics,73.6
models/01-ai/yi-1-5-9b.md,mmlu_econometrics,63.2
models/01-ai/yi-1-5-9b.md,mmlu_electrical_engineering,69.0
models/01-ai/yi-1-5-9b.md,mmlu_elementary_mathematics,63.2
models/01-ai/yi-1-5-9b.md,mmlu_formal_logic,53.2
models/01-ai/yi-1-5-9b.md,mmlu_global_facts,40.0
models/01-ai/yi-1-5-9b.md,mmlu_high_school_biology,84.5
models/01-ai/yi-1-5-9b.md,mmlu_high_school_chemistry,63.5
models/01-ai/yi-1-5-9b.md,mmlu_high_school_computer_science,83.0
models/01-ai/yi-1-5-9b.md,mmlu_high_school_european_history,83.0
models/01-ai/yi-1-5-9b.md,mmlu_high_school_geography,84.8
models/01-ai/yi-1-5-9b.md,mmlu_high_school_government_and_politics,90.2
models/01-ai/yi-1-5-9b.md,mmlu_high_school_macroeconomics,75.4
models/01-ai/yi-1-5-9b.md,mmlu_high_school_mathematics,43.7
models/01-ai/yi-1-5-9b.md,mmlu_high_school_microeconomics,86.1
models/01-ai/yi-1-5-9b.md,mmlu_high_school_physics,47.7
models/01-ai/yi-1-5-9b.md,mmlu_high_school_psychology,85.9
models/01-ai/yi-1-5-9b.md,mmlu_high_school_statistics,65.3
models/01-ai/yi-1-5-9b.md,mmlu_high_school_us_history,84.3
models/01-ai/yi-1-5-9b.md,mmlu_high_school_world_history,84.8
models/01-ai/yi-1-5-9b.md,mmlu_human_aging,74.4
models/01-ai/yi-1-5-9b.md,mmlu_human_sexuality,77.9
models/01-ai/yi-1-5-9b.md,mmlu_international_law,82.6
models/01-ai/yi-1-5-9b.md,mmlu_jurisprudence,74.1
models/01-ai/yi-1-5-9b.md,mmlu_logical_fallacies,78.5
models/01-ai/yi-1-5-9b.md,mmlu_machine_learning,50.0
models/01-ai/yi-1-5-9b.md,mmlu_management,80.6
models/01-ai/yi-1-5-9b.md,mmlu_marketing,89.7
models/01-ai/yi-1-5-9b.md,mmlu_medical_genetics,77.0
models/01-ai/yi-1-5-9b.md,mmlu_miscellaneous,83.0
models/01-ai/yi-1-5-9b.md,mmlu_moral_disputes,74.6
models/01-ai/yi-1-5-9b.md,mmlu_moral_scenarios,48.6
models/01-ai/yi-1-5-9b.md,mmlu_nutrition,78.4
models/01-ai/yi-1-5-9b.md,mmlu_philosophy,75.6
models/01-ai/yi-1-5-9b.md,mmlu_prehistory,75.3
models/01-ai/yi-1-5-9b.md,mmlu_professional_accounting,56.7
models/01-ai/yi-1-5-9b.md,mmlu_professional_law,50.3
models/01-ai/yi-1-5-9b.md,mmlu_professional_medicine,70.2
models/01-ai/yi-1-5-9b.md,mmlu_professional_psychology,73.9
models/01-ai/yi-1-5-9b.md,mmlu_public_relations,70.9
models/01-ai/yi-1-5-9b.md,mmlu_security_studies,75.5
models/01-ai/yi-1-5-9b.md,mmlu_sociology,84.1
models/01-ai/yi-1-5-9b.md,mmlu_us_foreign_policy,91.0
models/01-ai/yi-1-5-9b.md,mmlu_virology,53.6
models/01-ai/yi-1-5-9b.md,mmlu_world_religions,83.0
models/01-ai/yi-1-5-9b.md,ifeval,29.4
models/01-ai/yi-1-5-9b.md,bbh,51.4
models/01-ai/yi-1-5-9b.md,math_lvl5,11.4
models/01-ai/yi-1-5-9b.md,gpqa_pooled,37.9
models/01-ai/yi-1-5-9b.md,musr,43.3
models/01-ai/yi-1-5-9b.md,mmlu_pro,39.2
models/01-ai/yi-34b-200k.md,arc_challenge,65.8
models/01-ai/yi-34b-200k.md,gsm8k,34.9
models/01-ai/yi-34b-200k.md,hellaswag,82.1
models/01-ai/yi-34b-200k.md,truthfulqa,42.6
models/01-ai/yi-34b-200k.md,winogrande,82.9
models/01-ai/yi-34b-200k.md,mmlu_abstract_algebra,42.0
models/01-ai/yi-34b-200k.md,mmlu_anatomy,73.3
models/01-ai/yi-34b-200k.md,mmlu_astronomy,89.5
models/01-ai/yi-34b-200k.md,mmlu_business_ethics,78.0
models/01-ai/yi-34b-200k.md,mmlu_clinical_knowledge,81.1
models/01-ai/yi-34b-200k.md,mmlu_college_biology,88.2
models/01-ai/yi-34b-200k.md,mmlu_college_chemistry,47.0
models/01-ai/yi-34b-200k.md,mmlu_college_computer_science,63.0
models/01-ai/yi-34b-200k.md,mmlu_college_mathematics,40.0
models/01-ai/yi-34b-200k.md,mmlu_college_medicine,71.1
models/01-ai/yi-34b-200k.md,mmlu_college_physics,54.9
models/01-ai/yi-34b-200k.md,mmlu_computer_security,80.0
models/01-ai/yi-34b-200k.md,mmlu_conceptual_physics,77.4
models/01-ai/yi-34b-200k.md,mmlu_econometrics,56.1
models/01-ai/yi-34b-200k.md,mmlu_electrical_engineering,77.2
models/01-ai/yi-34b-200k.md,mmlu_elementary_mathematics,64.6
models/01-ai/yi-34b-200k.md,mmlu_formal_logic,51.6
models/01-ai/yi-34b-200k.md,mmlu_global_facts,57.0
models/01-ai/yi-34b-200k.md,mmlu_high_school_biology,89.7
models/01-ai/yi-34b-200k.md,mmlu_high_school_chemistry,65.0
models/01-ai/yi-34b-200k.md,mmlu_high_school_computer_science,82.0
models/01-ai/yi-34b-200k.md,mmlu_high_school_european_history,84.8
models/01-ai/yi-34b-200k.md,mmlu_high_school_geography,92.9
models/01-ai/yi-34b-200k.md,mmlu_high_school_government_and_politics,97.4
models/01-ai/yi-34b-200k.md,mmlu_high_school_macroeconomics,78.2
models/01-ai/yi-34b-200k.md,mmlu_high_school_mathematics,38.1
models/01-ai/yi-34b-200k.md,mmlu_high_school_microeconomics,84.0
models/01-ai/yi-34b-200k.md,mmlu_high_school_physics,46.4
models/01-ai/yi-34b-200k.md,mmlu_high_school_psychology,92.1
models/01-ai/yi-34b-200k.md,mmlu_high_school_statistics,67.1
models/01-ai/yi-34b-200k.md,mmlu_high_school_us_history,90.7
models/01-ai/yi-34b-200k.md,mmlu_high_school_world_history,90.7
models/01-ai/yi-34b-200k.md,mmlu_human_aging,79.4
models/01-ai/yi-34b-200k.md,mmlu_human_sexuality,86.3
models/01-ai/yi-34b-200k.md,mmlu_international_law,91.7
models/01-ai/yi-34b-200k.md,mmlu_jurisprudence,88.9
models/01-ai/yi-34b-200k.md,mmlu_logical_fallacies,88.3
models/01-ai/yi-34b-200k.md,mmlu_machine_learning,58.0
models/01-ai/yi-34b-200k.md,mmlu_management,89.3
models/01-ai/yi-34b-200k.md,mmlu_marketing,94.0
models/01-ai/yi-34b-200k.md,mmlu_medical_genetics,88.0
models/01-ai/yi-34b-200k.md,mmlu_miscellaneous,90.3
models/01-ai/yi-34b-200k.md,mmlu_moral_disputes,80.3
models/01-ai/yi-34b-200k.md,mmlu_moral_scenarios,67.6
models/01-ai/yi-34b-200k.md,mmlu_nutrition,84.6
models/01-ai/yi-34b-200k.md,mmlu_philosophy,82.0
models/01-ai/yi-34b-200k.md,mmlu_prehistory,83.6
models/01-ai/yi-34b-200k.md,mmlu_professional_accounting,61.3
models/01-ai/yi-34b-200k.md,mmlu_professional_law,59.1
models/01-ai/yi-34b-200k.md,mmlu_professional_medicine,80.9
models/01-ai/yi-34b-200k.md,mmlu_professional_psychology,82.0
models/01-ai/yi-34b-200k.md,mmlu_public_relations,72.7
models/01-ai/yi-34b-200k.md,mmlu_security_studies,82.0
models/01-ai/yi-34b-200k.md,mmlu_sociology,88.1
models/01-ai/yi-34b-200k.md,mmlu_us_foreign_policy,92.0
models/01-ai/yi-34b-200k.md,mmlu_virology,57.2
models/01-ai/yi-34b-200k.md,mmlu_world_religions,87.7
models/01-ai/yi-34b-200k.md,ifeval,15.4
models/01-ai/yi-34b-200k.md,bbh,54.4
models/01-ai/yi-34b-200k.md,math_lvl5,5.7
models/01-ai/yi-34b-200k.md,gpqa_pooled,35.7
models/01-ai/yi-34b-200k.md,musr,38.2
models/01-ai/yi-34b-200k.md,mmlu_pro,45.3
models/01-ai/yi-34b-chat.md,arc_challenge,65.4
models/01-ai/yi-34b-chat.md,gsm8k,31.9
models/01-ai/yi-34b-chat.md,hellaswag,84.2
models/01-ai/yi-34b-chat.md,truthfulqa,55.4
models/01-ai/yi-34b-chat.md,winogrande,80.1
models/01-ai/yi-34b-chat.md,mmlu_abstract_algebra,45.0
models/01-ai/yi-34b-chat.md,mmlu_anatomy,71.1
models/01-ai/yi-34b-chat.md,mmlu_astronomy,85.5
models/01-ai/yi-34b-chat.md,mmlu_business_ethics,79.0
models/01-ai/yi-34b-chat.md,mmlu_clinical_knowledge,79.2
models/01-ai/yi-34b-chat.md,mmlu_college_biology,84.7
models/01-ai/yi-34b-chat.md,mmlu_college_chemistry,53.0
models/01-ai/yi-34b-chat.md,mmlu_college_computer_science,59.0
models/01-ai/yi-34b-chat.md,mmlu_college_mathematics,34.0
models/01-ai/yi-34b-chat.md,mmlu_college_medicine,69.9
models/01-ai/yi-34b-chat.md,mmlu_college_physics,46.1
models/01-ai/yi-34b-chat.md,mmlu_computer_security,82.0
models/01-ai/yi-34b-chat.md,mmlu_conceptual_physics,76.6
models/01-ai/yi-34b-chat.md,mmlu_econometrics,55.3
models/01-ai/yi-34b-chat.md,mmlu_electrical_engineering,80.0
models/01-ai/yi-34b-chat.md,mmlu_elementary_mathematics,63.5
models/01-ai/yi-34b-chat.md,mmlu_formal_logic,54.0
models/01-ai/yi-34b-chat.md,mmlu_global_facts,56.0
models/01-ai/yi-34b-chat.md,mmlu_high_school_biology,87.1
models/01-ai/yi-34b-chat.md,mmlu_high_school_chemistry,62.1
models/01-ai/yi-34b-chat.md,mmlu_high_school_computer_science,81.0
models/01-ai/yi-34b-chat.md,mmlu_high_school_european_history,85.5
models/01-ai/yi-34b-chat.md,mmlu_high_school_geography,89.9
models/01-ai/yi-34b-chat.md,mmlu_high_school_government_and_politics,95.3
models/01-ai/yi-34b-chat.md,mmlu_high_school_macroeconomics,78.5
models/01-ai/yi-34b-chat.md,mmlu_high_school_mathematics,35.6
models/01-ai/yi-34b-chat.md,mmlu_high_school_microeconomics,83.6
models/01-ai/yi-34b-chat.md,mmlu_high_school_physics,50.3
models/01-ai/yi-34b-chat.md,mmlu_high_school_psychology,90.8
models/01-ai/yi-34b-chat.md,mmlu_high_school_statistics,63.4
models/01-ai/yi-34b-chat.md,mmlu_high_school_us_history,90.7
models/01-ai/yi-34b-chat.md,mmlu_high_school_world_history,90.3
models/01-ai/yi-34b-chat.md,mmlu_human_aging,81.2
models/01-ai/yi-34b-chat.md,mmlu_human_sexuality,89.3
models/01-ai/yi-34b-chat.md,mmlu_international_law,89.3
models/01-ai/yi-34b-chat.md,mmlu_jurisprudence,88.9
models/01-ai/yi-34b-chat.md,mmlu_logical_fallacies,85.3
models/01-ai/yi-34b-chat.md,mmlu_machine_learning,61.6
models/01-ai/yi-34b-chat.md,mmlu_management,87.4
models/01-ai/yi-34b-chat.md,mmlu_marketing,91.5
models/01-ai/yi-34b-chat.md,mmlu_medical_genetics,87.0
models/01-ai/yi-34b-chat.md,mmlu_miscellaneous,89.9
models/01-ai/yi-34b-chat.md,mmlu_moral_disputes,80.9
models/01-ai/yi-34b-chat.md,mmlu_moral_scenarios,70.2
models/01-ai/yi-34b-chat.md,mmlu_nutrition,83.0
models/01-ai/yi-34b-chat.md,mmlu_philosophy,81.0
models/01-ai/yi-34b-chat.md,mmlu_prehistory,87.0
models/01-ai/yi-34b-chat.md,mmlu_professional_accounting,61.7
models/01-ai/yi-34b-chat.md,mmlu_professional_law,55.0
models/01-ai/yi-34b-chat.md,mmlu_professional_medicine,78.3
models/01-ai/yi-34b-chat.md,mmlu_professional_psychology,82.7
models/01-ai/yi-34b-chat.md,mmlu_public_relations,72.7
models/01-ai/yi-34b-chat.md,mmlu_security_studies,83.7
models/01-ai/yi-34b-chat.md,mmlu_sociology,88.6
models/01-ai/yi-34b-chat.md,mmlu_us_foreign_policy,89.0
models/01-ai/yi-34b-chat.md,mmlu_virology,58.4
models/01-ai/yi-34b-chat.md,mmlu_world_religions,87.7
models/01-ai/yi-34b-chat.md,ifeval,47.0
models/01-ai/yi-34b-chat.md,bbh,55.6
models/01-ai/yi-34b-chat.md,math_lvl5,6.3
models/01-ai/yi-34b-chat.md,gpqa_pooled,33.8
models/01-ai/yi-34b-chat.md,musr,39.8
models/01-ai/yi-34b-chat.md,mmlu_pro,40.9
models/01-ai/yi-34b.md,gsm8k,50.6
models/01-ai/yi-34b.md,winogrande,83.0
models/01-ai/yi-34b.md,ifeval,30.5
models/01-ai/yi-34b.md,bbh,54.6
models/01-ai/yi-34b.md,math_lvl5,5.1
models/01-ai/yi-34b.md,gpqa_pooled,36.7
models/01-ai/yi-34b.md,musr,41.2
models/01-ai/yi-34b.md,mmlu_pro,44.1
models/01-ai/yi-6b-200k.md,gsm8k,30.3
models/01-ai/yi-6b-200k.md,ifeval,8.4
models/01-ai/yi-6b-200k.md,bbh,42.9
models/01-ai/yi-6b-200k.md,math_lvl5,1.8
models/01-ai/yi-6b-200k.md,gpqa_pooled,28.2
models/01-ai/yi-6b-200k.md,musr,45.9
models/01-ai/yi-6b-200k.md,mmlu_pro,28.4
models/01-ai/yi-6b-chat.md,arc_challenge,55.5
models/01-ai/yi-6b-chat.md,gsm8k,12.1
models/01-ai/yi-6b-chat.md,hellaswag,76.6
models/01-ai/yi-6b-chat.md,truthfulqa,42.0
models/01-ai/yi-6b-chat.md,winogrande,74.2
models/01-ai/yi-6b-chat.md,mmlu_abstract_algebra,30.0
models/01-ai/yi-6b-chat.md,mmlu_anatomy,61.5
models/01-ai/yi-6b-chat.md,mmlu_astronomy,65.8
models/01-ai/yi-6b-chat.md,mmlu_business_ethics,67.0
models/01-ai/yi-6b-chat.md,mmlu_clinical_knowledge,66.8
models/01-ai/yi-6b-chat.md,mmlu_college_biology,66.0
models/01-ai/yi-6b-chat.md,mmlu_college_chemistry,43.0
models/01-ai/yi-6b-chat.md,mmlu_college_computer_science,51.0
models/01-ai/yi-6b-chat.md,mmlu_college_mathematics,42.0
models/01-ai/yi-6b-chat.md,mmlu_college_medicine,60.7
models/01-ai/yi-6b-chat.md,mmlu_college_physics,34.3
models/01-ai/yi-6b-chat.md,mmlu_computer_security,75.0
models/01-ai/yi-6b-chat.md,mmlu_conceptual_physics,60.4
models/01-ai/yi-6b-chat.md,mmlu_econometrics,35.1
models/01-ai/yi-6b-chat.md,mmlu_electrical_engineering,64.1
models/01-ai/yi-6b-chat.md,mmlu_elementary_mathematics,45.0
models/01-ai/yi-6b-chat.md,mmlu_formal_logic,43.7
models/01-ai/yi-6b-chat.md,mmlu_global_facts,45.0
models/01-ai/yi-6b-chat.md,mmlu_high_school_biology,77.4
models/01-ai/yi-6b-chat.md,mmlu_high_school_chemistry,53.2
models/01-ai/yi-6b-chat.md,mmlu_high_school_computer_science,65.0
models/01-ai/yi-6b-chat.md,mmlu_high_school_european_history,75.2
models/01-ai/yi-6b-chat.md,mmlu_high_school_geography,82.3
models/01-ai/yi-6b-chat.md,mmlu_high_school_government_and_politics,89.6
models/01-ai/yi-6b-chat.md,mmlu_high_school_macroeconomics,64.9
models/01-ai/yi-6b-chat.md,mmlu_high_school_mathematics,32.6
models/01-ai/yi-6b-chat.md,mmlu_high_school_microeconomics,73.9
models/01-ai/yi-6b-chat.md,mmlu_high_school_physics,39.1
models/01-ai/yi-6b-chat.md,mmlu_high_school_psychology,82.8
models/01-ai/yi-6b-chat.md,mmlu_high_school_statistics,51.9
models/01-ai/yi-6b-chat.md,mmlu_high_school_us_history,80.9
models/01-ai/yi-6b-chat.md,mmlu_high_school_world_history,78.9
models/01-ai/yi-6b-chat.md,mmlu_human_aging,67.3
models/01-ai/yi-6b-chat.md,mmlu_human_sexuality,74.0
models/01-ai/yi-6b-chat.md,mmlu_international_law,76.9
models/01-ai/yi-6b-chat.md,mmlu_jurisprudence,79.6
models/01-ai/yi-6b-chat.md,mmlu_logical_fallacies,79.1
models/01-ai/yi-6b-chat.md,mmlu_machine_learning,42.0
models/01-ai/yi-6b-chat.md,mmlu_management,80.6
models/01-ai/yi-6b-chat.md,mmlu_marketing,90.2
models/01-ai/yi-6b-chat.md,mmlu_medical_genetics,79.0
models/01-ai/yi-6b-chat.md,mmlu_miscellaneous,80.7
models/01-ai/yi-6b-chat.md,mmlu_moral_disputes,69.9
models/01-ai/yi-6b-chat.md,mmlu_moral_scenarios,42.5
models/01-ai/yi-6b-chat.md,mmlu_nutrition,71.6
models/01-ai/yi-6b-chat.md,mmlu_philosophy,69.1
models/01-ai/yi-6b-chat.md,mmlu_prehistory,71.0
models/01-ai/yi-6b-chat.md,mmlu_professional_accounting,47.9
models/01-ai/yi-6b-chat.md,mmlu_professional_law,49.5
models/01-ai/yi-6b-chat.md,mmlu_professional_medicine,67.3
models/01-ai/yi-6b-chat.md,mmlu_professional_psychology,66.0
models/01-ai/yi-6b-chat.md,mmlu_public_relations,73.6
models/01-ai/yi-6b-chat.md,mmlu_security_studies,75.9
models/01-ai/yi-6b-chat.md,mmlu_sociology,82.1
models/01-ai/yi-6b-chat.md,mmlu_us_foreign_policy,85.0
models/01-ai/yi-6b-chat.md,mmlu_virology,46.4
models/01-ai/yi-6b-chat.md,mmlu_world_religions,83.0
models/01-ai/yi-6b-chat.md,ifeval,34.0
models/01-ai/yi-6b-chat.md,bbh,41.3
models/01-ai/yi-6b-chat.md,math_lvl5,1.4
models/01-ai/yi-6b-chat.md,gpqa_pooled,29.4
models/01-ai/yi-6b-chat.md,musr,36.9
models/01-ai/yi-6b-chat.md,mmlu_pro,30.6
models/01-ai/yi-6b.md,arc_challenge,55.5
models/01-ai/yi-6b.md,gsm8k,12.1
models/01-ai/yi-6b.md,hellaswag,76.6
models/01-ai/yi-6b.md,truthfulqa,42.0
models/01-ai/yi-6b.md,winogrande,74.2
models/01-ai/yi-6b.md,mmlu_abstract_algebra,30.0
models/01-ai/yi-6b.md,mmlu_anatomy,61.5
models/01-ai/yi-6b.md,mmlu_astronomy,65.8
models/01-ai/yi-6b.md,mmlu_business_ethics,67.0
models/01-ai/yi-6b.md,mmlu_clinical_knowledge,66.8
models/01-ai/yi-6b.md,mmlu_college_biology,66.0
models/01-ai/yi-6b.md,mmlu_college_chemistry,43.0
models/01-ai/yi-6b.md,mmlu_college_computer_science,51.0
models/01-ai/yi-6b.md,mmlu_college_mathematics,42.0
models/01-ai/yi-6b.md,mmlu_college_medicine,60.7
models/01-ai/yi-6b.md,mmlu_college_physics,34.3
models/01-ai/yi-6b.md,mmlu_computer_security,75.0
models/01-ai/yi-6b.md,mmlu_conceptual_physics,60.4
models/01-ai/yi-6b.md,mmlu_econometrics,35.1
models/01-ai/yi-6b.md,mmlu_electrical_engineering,64.1
models/01-ai/yi-6b.md,mmlu_elementary_mathematics,45.0
models/01-ai/yi-6b.md,mmlu_formal_logic,43.7
models/01-ai/yi-6b.md,mmlu_global_facts,45.0
models/01-ai/yi-6b.md,mmlu_high_school_biology,77.4
models/01-ai/yi-6b.md,mmlu_high_school_chemistry,53.2
models/01-ai/yi-6b.md,mmlu_high_school_computer_science,65.0
models/01-ai/yi-6b.md,mmlu_high_school_european_history,75.2
models/01-ai/yi-6b.md,mmlu_high_school_geography,82.3
models/01-ai/yi-6b.md,mmlu_high_school_government_and_politics,89.6
models/01-ai/yi-6b.md,mmlu_high_school_macroeconomics,64.9
models/01-ai/yi-6b.md,mmlu_high_school_mathematics,32.6
models/01-ai/yi-6b.md,mmlu_high_school_microeconomics,73.9
models/01-ai/yi-6b.md,mmlu_high_school_physics,39.1
models/01-ai/yi-6b.md,mmlu_high_school_psychology,82.8
models/01-ai/yi-6b.md,mmlu_high_school_statistics,51.9
models/01-ai/yi-6b.md,mmlu_high_school_us_history,80.9
models/01-ai/yi-6b.md,mmlu_high_school_world_history,78.9
models/01-ai/yi-6b.md,mmlu_human_aging,67.3
models/01-ai/yi-6b.md,mmlu_human_sexuality,74.0
models/01-ai/yi-6b.md,mmlu_international_law,76.9
models/01-ai/yi-6b.md,mmlu_jurisprudence,79.6
models/01-ai/yi-6b.md,mmlu_logical_fallacies,79.1
models/01-ai/yi-6b.md,mmlu_machine_learning,42.0
models/01-ai/yi-6b.md,mmlu_management,80.6
models/01-ai/yi-6b.md,mmlu_marketing,90.2
models/01-ai/yi-6b.md,mmlu_medical_genetics,79.0
models/01-ai/yi-6b.md,mmlu_miscellaneous,80.7
models/01-ai/yi-6b.md,mmlu_moral_disputes,69.9
models/01-ai/yi-6b.md,mmlu_moral_scenarios,42.5
models/01-ai/yi-6b.md,mmlu_nutrition,71.6
models/01-ai/yi-6b.md,mmlu_philosophy,69.1
models/01-ai/yi-6b.md,mmlu_prehistory,71.0
models/01-ai/yi-6b.md,mmlu_professional_accounting,47.9
models/01-ai/yi-6b.md,mmlu_professional_law,49.5
models/01-ai/yi-6b.md,mmlu_professional_medicine,67.3
models/01-ai/yi-6b.md,mmlu_professional_psychology,66.0
models/01-ai/yi-6b.md,mmlu_public_relations,73.6
models/01-ai/yi-6b.md,mmlu_security_studies,75.9
models/01-ai/yi-6b.md,mmlu_sociology,82.1
models/01-ai/yi-6b.md,mmlu_us_foreign_policy,85.0
models/01-ai/yi-6b.md,mmlu_virology,46.4
models/01-ai/yi-6b.md,mmlu_world_religions,83.0
models/01-ai/yi-6b.md,ifeval,28.9
models/01-ai/yi-6b.md,bbh,43.1
models/01-ai/yi-6b.md,math_lvl5,1.6
models/01-ai/yi-6b.md,gpqa_pooled,26.9
models/01-ai/yi-6b.md,musr,39.4
models/01-ai/yi-6b.md,mmlu_pro,29.9
models/01-ai/yi-9b-200k.md,ifeval,23.3
models/01-ai/yi-9b-200k.md,bbh,47.9
models/01-ai/yi-9b-200k.md,math_lvl5,6.6
models/01-ai/yi-9b-200k.md,gpqa_pooled,31.5
models/01-ai/yi-9b-200k.md,musr,42.9
models/01-ai/yi-9b-200k.md,mmlu_pro,36.2
models/01-ai/yi-9b.md,arc_challenge,61.2
models/01-ai/yi-9b.md,gsm8k,49.0
models/01-ai/yi-9b.md,hellaswag,78.8
models/01-ai/yi-9b.md,truthfulqa,42.4
models/01-ai/yi-9b.md,winogrande,77.5
models/01-ai/yi-9b.md,mmlu_abstract_algebra,34.0
models/01-ai/yi-9b.md,mmlu_anatomy,57.8
models/01-ai/yi-9b.md,mmlu_astronomy,75.7
models/01-ai/yi-9b.md,mmlu_business_ethics,80.0
models/01-ai/yi-9b.md,mmlu_clinical_knowledge,73.2
models/01-ai/yi-9b.md,mmlu_college_biology,82.6
models/01-ai/yi-9b.md,mmlu_college_chemistry,54.0
models/01-ai/yi-9b.md,mmlu_college_computer_science,62.0
models/01-ai/yi-9b.md,mmlu_college_mathematics,43.0
models/01-ai/yi-9b.md,mmlu_college_medicine,74.6
models/01-ai/yi-9b.md,mmlu_college_physics,42.2
models/01-ai/yi-9b.md,mmlu_computer_security,82.0
models/01-ai/yi-9b.md,mmlu_conceptual_physics,71.9
models/01-ai/yi-9b.md,mmlu_econometrics,52.6
models/01-ai/yi-9b.md,mmlu_electrical_engineering,72.4
models/01-ai/yi-9b.md,mmlu_elementary_mathematics,60.1
models/01-ai/yi-9b.md,mmlu_formal_logic,58.7
models/01-ai/yi-9b.md,mmlu_global_facts,33.0
models/01-ai/yi-9b.md,mmlu_high_school_biology,84.5
models/01-ai/yi-9b.md,mmlu_high_school_chemistry,58.1
models/01-ai/yi-9b.md,mmlu_high_school_computer_science,83.0
models/01-ai/yi-9b.md,mmlu_high_school_european_history,78.2
models/01-ai/yi-9b.md,mmlu_high_school_geography,85.4
models/01-ai/yi-9b.md,mmlu_high_school_government_and_politics,93.8
models/01-ai/yi-9b.md,mmlu_high_school_macroeconomics,75.9
models/01-ai/yi-9b.md,mmlu_high_school_mathematics,40.0
models/01-ai/yi-9b.md,mmlu_high_school_microeconomics,82.4
models/01-ai/yi-9b.md,mmlu_high_school_physics,41.1
models/01-ai/yi-9b.md,mmlu_high_school_psychology,86.8
models/01-ai/yi-9b.md,mmlu_high_school_statistics,68.5
models/01-ai/yi-9b.md,mmlu_high_school_us_history,86.3
models/01-ai/yi-9b.md,mmlu_high_school_world_history,81.9
models/01-ai/yi-9b.md,mmlu_human_aging,74.4
models/01-ai/yi-9b.md,mmlu_human_sexuality,78.6
models/01-ai/yi-9b.md,mmlu_international_law,83.5
models/01-ai/yi-9b.md,mmlu_jurisprudence,79.6
models/01-ai/yi-9b.md,mmlu_logical_fallacies,76.1
models/01-ai/yi-9b.md,mmlu_machine_learning,58.0
models/01-ai/yi-9b.md,mmlu_management,83.5
models/01-ai/yi-9b.md,mmlu_marketing,91.0
models/01-ai/yi-9b.md,mmlu_medical_genetics,75.0
models/01-ai/yi-9b.md,mmlu_miscellaneous,83.9
models/01-ai/yi-9b.md,mmlu_moral_disputes,76.6
models/01-ai/yi-9b.md,mmlu_moral_scenarios,40.0
models/01-ai/yi-9b.md,mmlu_nutrition,75.5
models/01-ai/yi-9b.md,mmlu_philosophy,77.5
models/01-ai/yi-9b.md,mmlu_prehistory,76.9
models/01-ai/yi-9b.md,mmlu_professional_accounting,56.4
models/01-ai/yi-9b.md,mmlu_professional_law,49.5
models/01-ai/yi-9b.md,mmlu_professional_medicine,71.0
models/01-ai/yi-9b.md,mmlu_professional_psychology,70.4
models/01-ai/yi-9b.md,mmlu_public_relations,74.5
models/01-ai/yi-9b.md,mmlu_security_studies,75.9
models/01-ai/yi-9b.md,mmlu_sociology,86.1
models/01-ai/yi-9b.md,mmlu_us_foreign_policy,90.0
models/01-ai/yi-9b.md,mmlu_virology,51.2
models/01-ai/yi-9b.md,mmlu_world_religions,83.0
models/01-ai/yi-9b.md,ifeval,27.1
models/01-ai/yi-9b.md,bbh,49.4
models/01-ai/yi-9b.md,math_lvl5,5.6
models/01-ai/yi-9b.md,gpqa_pooled,31.8
models/01-ai/yi-9b.md,musr,40.5
models/01-ai/yi-9b.md,mmlu_pro,35.7
models/01-ai/yi-coder-9b-chat.md,ifeval,48.2
models/01-ai/yi-coder-9b-chat.md,bbh,48.1
models/01-ai/yi-coder-9b-chat.md,math_lvl5,4.0
models/01-ai/yi-coder-9b-chat.md,gpqa_pooled,24.7
models/01-ai/yi-coder-9b-chat.md,musr,39.9
models/01-ai/yi-coder-9b-chat.md,mmlu_pro,24.3
models/ai21/jamba-v0-1.md,ifeval,20.3
models/ai21/jamba-v0-1.md,bbh,36.0
models/ai21/jamba-v0-1.md,math_lvl5,1.6
models/ai21/jamba-v0-1.md,gpqa_pooled,26.8
models/ai21/jamba-v0-1.md,musr,35.9
models/ai21/jamba-v0-1.md,mmlu_pro,24.9
models/allen-ai/olmo-1b-hf.md,arc_challenge,34.6
models/allen-ai/olmo-1b-hf.md,gsm8k,1.9
models/allen-ai/olmo-1b-hf.md,hellaswag,63.6
models/allen-ai/olmo-1b-hf.md,truthfulqa,32.9
models/allen-ai/olmo-1b-hf.md,winogrande,61.1
models/allen-ai/olmo-1b-hf.md,mmlu_abstract_algebra,29.0
models/allen-ai/olmo-1b-hf.md,mmlu_anatomy,32.6
models/allen-ai/olmo-1b-hf.md,mmlu_astronomy,20.4
models/allen-ai/olmo-1b-hf.md,mmlu_business_ethics,23.0
models/allen-ai/olmo-1b-hf.md,mmlu_clinical_knowledge,19.6
models/allen-ai/olmo-1b-hf.md,mmlu_college_biology,25.7
models/allen-ai/olmo-1b-hf.md,mmlu_college_chemistry,20.0
models/allen-ai/olmo-1b-hf.md,mmlu_college_computer_science,36.0
models/allen-ai/olmo-1b-hf.md,mmlu_college_mathematics,26.0
models/allen-ai/olmo-1b-hf.md,mmlu_college_medicine,27.2
models/allen-ai/olmo-1b-hf.md,mmlu_college_physics,22.5
models/allen-ai/olmo-1b-hf.md,mmlu_computer_security,27.0
models/allen-ai/olmo-1b-hf.md,mmlu_conceptual_physics,23.0
models/allen-ai/olmo-1b-hf.md,mmlu_econometrics,23.7
models/allen-ai/olmo-1b-hf.md,mmlu_electrical_engineering,30.3
models/allen-ai/olmo-1b-hf.md,mmlu_elementary_mathematics,24.6
models/allen-ai/olmo-1b-hf.md,mmlu_formal_logic,20.6
models/allen-ai/olmo-1b-hf.md,mmlu_global_facts,34.0
models/allen-ai/olmo-1b-hf.md,mmlu_high_school_biology,29.7
models/allen-ai/olmo-1b-hf.md,mmlu_high_school_chemistry,28.6
models/allen-ai/olmo-1b-hf.md,mmlu_high_school_computer_science,31.0
models/allen-ai/olmo-1b-hf.md,mmlu_high_school_european_history,24.8
models/allen-ai/olmo-1b-hf.md,mmlu_high_school_geography,18.2
models/allen-ai/olmo-1b-hf.md,mmlu_high_school_government_and_politics,25.9
models/allen-ai/olmo-1b-hf.md,mmlu_high_school_macroeconomics,27.2
models/allen-ai/olmo-1b-hf.md,mmlu_high_school_mathematics,25.9
models/allen-ai/olmo-1b-hf.md,mmlu_high_school_microeconomics,21.4
models/allen-ai/olmo-1b-hf.md,mmlu_high_school_physics,31.1
models/allen-ai/olmo-1b-hf.md,mmlu_high_school_psychology,24.0
models/allen-ai/olmo-1b-hf.md,mmlu_high_school_statistics,36.6
models/allen-ai/olmo-1b-hf.md,mmlu_high_school_us_history,27.9
models/allen-ai/olmo-1b-hf.md,mmlu_high_school_world_history,28.3
models/allen-ai/olmo-1b-hf.md,mmlu_human_aging,21.5
models/allen-ai/olmo-1b-hf.md,mmlu_human_sexuality,21.4
models/allen-ai/olmo-1b-hf.md,mmlu_international_law,28.1
models/allen-ai/olmo-1b-hf.md,mmlu_jurisprudence,24.1
models/allen-ai/olmo-1b-hf.md,mmlu_logical_fallacies,27.0
models/allen-ai/olmo-1b-hf.md,mmlu_machine_learning,33.0
models/allen-ai/olmo-1b-hf.md,mmlu_management,22.3
models/allen-ai/olmo-1b-hf.md,mmlu_marketing,25.2
models/allen-ai/olmo-1b-hf.md,mmlu_medical_genetics,27.0
models/allen-ai/olmo-1b-hf.md,mmlu_miscellaneous,29.0
models/allen-ai/olmo-1b-hf.md,mmlu_moral_disputes,25.1
models/allen-ai/olmo-1b-hf.md,mmlu_moral_scenarios,24.7
models/allen-ai/olmo-1b-hf.md,mmlu_nutrition,29.7
models/allen-ai/olmo-1b-hf.md,mmlu_philosophy,28.9
models/allen-ai/olmo-1b-hf.md,mmlu_prehistory,25.6
models/allen-ai/olmo-1b-hf.md,mmlu_professional_accounting,22.0
models/allen-ai/olmo-1b-hf.md,mmlu_professional_law,24.1
models/allen-ai/olmo-1b-hf.md,mmlu_professional_medicine,40.4
models/allen-ai/olmo-1b-hf.md,mmlu_professional_psychology,27.5
models/allen-ai/olmo-1b-hf.md,mmlu_public_relations,24.5
models/allen-ai/olmo-1b-hf.md,mmlu_security_studies,21.2
models/allen-ai/olmo-1b-hf.md,mmlu_sociology,22.4
models/allen-ai/olmo-1b-hf.md,mmlu_us_foreign_policy,30.0
models/allen-ai/olmo-1b-hf.md,mmlu_virology,22.9
models/allen-ai/olmo-1b-hf.md,mmlu_world_religions,25.7
models/allen-ai/olmo-1b-hf.md,ifeval,21.8
models/allen-ai/olmo-1b-hf.md,bbh,30.5
models/allen-ai/olmo-1b-hf.md,math_lvl5,1.7
models/allen-ai/olmo-1b-hf.md,gpqa_pooled,26.2
models/allen-ai/olmo-1b-hf.md,musr,41.0
models/allen-ai/olmo-1b-hf.md,mmlu_pro,11.7
models/allen-ai/olmoe-1b-7b-0125-instruct.md,ifeval,67.6
models/allen-ai/olmoe-1b-7b-0125-instruct.md,bbh,38.2
models/allen-ai/olmoe-1b-7b-0125-instruct.md,math_lvl5,9.0
models/allen-ai/olmoe-1b-7b-0125-instruct.md,gpqa_pooled,26.0
models/allen-ai/olmoe-1b-7b-0125-instruct.md,musr,36.4
models/allen-ai/olmoe-1b-7b-0125-instruct.md,mmlu_pro,19.1
models/allen-ai/olmoe-1b-7b-0924.md,ifeval,21.8
models/allen-ai/olmoe-1b-7b-0924.md,bbh,33.9
models/allen-ai/olmoe-1b-7b-0924.md,math_lvl5,1.7
models/allen-ai/olmoe-1b-7b-0924.md,gpqa_pooled,24.7
models/allen-ai/olmoe-1b-7b-0924.md,musr,34.9
models/allen-ai/olmoe-1b-7b-0924.md,mmlu_pro,17.4
models/anthropic/claude-3-5-haiku-20241022.md,aider_polyglot,28.0
models/anthropic/claude-3-5-haiku-20241022.md,arena_elo_coding,1270.0
models/anthropic/claude-3-5-haiku-20241022.md,arena_elo_hard_prompts,1343.3
models/anthropic/claude-3-5-haiku-20241022.md,arena_elo_math,1250.0
models/anthropic/claude-3-5-haiku-20241022.md,arena_elo_overall,1260.0
models/anthropic/claude-3-5-haiku-20241022.md,arena_elo_style_control,1322.4
models/anthropic/claude-3-5-haiku-20241022.md,arena_elo_vision,1126.8
models/anthropic/claude-3-5-haiku-20241022.md,gpqa_diamond,51.2
models/anthropic/claude-3-5-haiku-20241022.md,humaneval,82.5
models/anthropic/claude-3-5-haiku-20241022.md,ifeval,80.5
models/anthropic/claude-3-5-haiku-20241022.md,live_code_bench,28.8
models/anthropic/claude-3-5-haiku-20241022.md,math_500,69.5
models/anthropic/claude-3-5-haiku-20241022.md,medqa,77.8
models/anthropic/claude-3-5-haiku-20241022.md,mgsm,85.6
models/anthropic/claude-3-5-haiku-20241022.md,mmlu_pro,65.3
models/anthropic/claude-3-5-haiku-20241022.md,multipl_e_csharp,72.5
models/anthropic/claude-3-5-haiku-20241022.md,multipl_e_julia,51.8
models/anthropic/claude-3-5-haiku-20241022.md,multipl_e_kotlin,62.8
models/anthropic/claude-3-5-haiku-20241022.md,multipl_e_lua,46.8
models/anthropic/claude-3-5-haiku-20241022.md,multipl_e_perl,42.5
models/anthropic/claude-3-5-haiku-20241022.md,multipl_e_php,68.8
models/anthropic/claude-3-5-haiku-20241022.md,multipl_e_r,48.5
models/anthropic/claude-3-5-haiku-20241022.md,multipl_e_ruby,58.2
models/anthropic/claude-3-5-haiku-20241022.md,multipl_e_scala,52.5
models/anthropic/claude-3-5-haiku-20241022.md,multipl_e_swift,56.5
models/anthropic/claude-3-5-haiku-20241022.md,swe_bench_verified,40.6
models/anthropic/claude-3-5-haiku-20241022.md,helm_safety,89.8
models/anthropic/claude-3-5-haiku-20241022.md,bbq,84.5
models/anthropic/claude-3-5-haiku-20241022.md,toxigen,92.5
models/anthropic/claude-3-5-haiku-latest.md,arena_elo_coding,1270.0
models/anthropic/claude-3-5-haiku-latest.md,arena_elo_math,1250.0
models/anthropic/claude-3-5-haiku-latest.md,arena_elo_overall,1260.0
models/anthropic/claude-3-5-haiku-latest.md,gpqa_diamond,51.2
models/anthropic/claude-3-5-haiku-latest.md,humaneval,82.5
models/anthropic/claude-3-5-haiku-latest.md,ifeval,80.5
models/anthropic/claude-3-5-haiku-latest.md,math_500,69.5
models/anthropic/claude-3-5-haiku-latest.md,mmlu_pro,65.3
models/anthropic/claude-3-5-haiku-latest.md,mgsm,85.6
models/anthropic/claude-3-5-haiku-latest.md,multipl_e_csharp,72.5
models/anthropic/claude-3-5-haiku-latest.md,multipl_e_php,68.8
models/anthropic/claude-3-5-haiku-latest.md,multipl_e_ruby,58.2
models/anthropic/claude-3-5-haiku-latest.md,multipl_e_swift,56.5
models/anthropic/claude-3-5-haiku-latest.md,multipl_e_r,48.5
models/anthropic/claude-3-5-haiku-latest.md,multipl_e_julia,51.8
models/anthropic/claude-3-5-haiku-latest.md,multipl_e_perl,42.5
models/anthropic/claude-3-5-haiku-latest.md,multipl_e_lua,46.8
models/anthropic/claude-3-5-haiku-latest.md,multipl_e_scala,52.5
models/anthropic/claude-3-5-haiku-latest.md,multipl_e_kotlin,62.8
models/anthropic/claude-3-5-haiku-latest.md,live_code_bench,28.8
models/anthropic/claude-3-5-haiku-latest.md,aider_polyglot,28.0
models/anthropic/claude-3-5-haiku-latest.md,swe_bench_verified,40.6
models/anthropic/claude-3-5-haiku-latest.md,medqa,77.8
models/anthropic/claude-3-5-haiku-latest.md,helm_safety,89.8
models/anthropic/claude-3-5-haiku-latest.md,bbq,84.5
models/anthropic/claude-3-5-haiku-latest.md,toxigen,92.5
models/anthropic/claude-3-5-sonnet-20240620.md,alpaca_eval,52.4
models/anthropic/claude-3-5-sonnet-20240620.md,arena_elo_hard_prompts,1358.7
models/anthropic/claude-3-5-sonnet-20240620.md,arena_elo_style_control,1341.3
models/anthropic/claude-3-5-sonnet-20240620.md,arena_elo_vision,1145.5
models/anthropic/claude-3-5-sonnet-20240620.md,mgsm,91.6
models/anthropic/claude-3-5-sonnet-20241022.md,aider_polyglot,51.6
models/anthropic/claude-3-5-sonnet-20241022.md,arena_elo_hard_prompts,1396.7
models/anthropic/claude-3-5-sonnet-20241022.md,arena_elo_style_control,1371.4
models/anthropic/claude-3-5-sonnet-20241022.md,arena_elo_vision,1160.4
models/anthropic/claude-3-5-sonnet-20241022.md,math,78.3
models/anthropic/claude-3-5-sonnet-20241022.md,swe_bench_verified,49.0
models/anthropic/claude-3-7-sonnet-20250219.md,aider_polyglot,64.9
models/anthropic/claude-3-7-sonnet-20250219.md,arena_elo_coding,1330.0
models/anthropic/claude-3-7-sonnet-20250219.md,arena_elo_hard_prompts,1415.7
models/anthropic/claude-3-7-sonnet-20250219.md,arena_elo_math,1310.0
models/anthropic/claude-3-7-sonnet-20250219.md,arena_elo_overall,1320.0
models/anthropic/claude-3-7-sonnet-20250219.md,arena_elo_style_control,1386.3
models/anthropic/claude-3-7-sonnet-20250219.md,arena_elo_vision,1196.1
models/anthropic/claude-3-7-sonnet-20250219.md,gpqa_diamond,68.0
models/anthropic/claude-3-7-sonnet-20250219.md,humaneval,88.2
models/anthropic/claude-3-7-sonnet-20250219.md,ifeval,87.0
models/anthropic/claude-3-7-sonnet-20250219.md,live_code_bench,47.3
models/anthropic/claude-3-7-sonnet-20250219.md,math_500,85.5
models/anthropic/claude-3-7-sonnet-20250219.md,medqa,87.6
models/anthropic/claude-3-7-sonnet-20250219.md,mmlu_pro,78.0
models/anthropic/claude-3-7-sonnet-20250219.md,multipl_e_csharp,81.5
models/anthropic/claude-3-7-sonnet-20250219.md,multipl_e_julia,63.2
models/anthropic/claude-3-7-sonnet-20250219.md,multipl_e_kotlin,74.5
models/anthropic/claude-3-7-sonnet-20250219.md,multipl_e_lua,57.8
models/anthropic/claude-3-7-sonnet-20250219.md,multipl_e_perl,54.5
models/anthropic/claude-3-7-sonnet-20250219.md,multipl_e_php,78.8
models/anthropic/claude-3-7-sonnet-20250219.md,multipl_e_r,60.5
models/anthropic/claude-3-7-sonnet-20250219.md,multipl_e_ruby,70.5
models/anthropic/claude-3-7-sonnet-20250219.md,multipl_e_scala,64.2
models/anthropic/claude-3-7-sonnet-20250219.md,multipl_e_swift,68.2
models/anthropic/claude-3-7-sonnet-20250219.md,swe_bench_verified,49.0
models/anthropic/claude-3-7-sonnet-20250219.md,terminal_bench,35.2
models/anthropic/claude-3-haiku-20240307.md,arena_elo_coding,1170.0
models/anthropic/claude-3-haiku-20240307.md,arena_elo_hard_prompts,1263.2
models/anthropic/claude-3-haiku-20240307.md,arena_elo_math,1160.0
models/anthropic/claude-3-haiku-20240307.md,arena_elo_overall,1180.0
models/anthropic/claude-3-haiku-20240307.md,arena_elo_style_control,1259.9
models/anthropic/claude-3-haiku-20240307.md,arena_elo_vision,1000.8
models/anthropic/claude-3-haiku-20240307.md,gpqa_diamond,41.2
models/anthropic/claude-3-haiku-20240307.md,gsm8k,88.9
models/anthropic/claude-3-haiku-20240307.md,humaneval,75.9
models/anthropic/claude-3-haiku-20240307.md,ifeval,72.0
models/anthropic/claude-3-haiku-20240307.md,math_500,50.3
models/anthropic/claude-3-haiku-20240307.md,mgsm,75.1
models/anthropic/claude-3-haiku-20240307.md,mmlu_pro,55.8
models/anthropic/claude-3-haiku-20240307.md,mmmu,50.2
models/anthropic/claude-3-haiku-20240307.md,mathvista,47.9
models/anthropic/claude-3-haiku-20240307.md,docvqa,88.8
models/anthropic/claude-3-haiku-20240307.md,chartqa,81.1
models/anthropic/claude-3-haiku-20240307.md,ai2d,88.7
models/anthropic/claude-3-haiku-20240307.md,helm_safety,88.2
models/anthropic/claude-3-haiku-20240307.md,bbq,83.5
models/anthropic/claude-3-haiku-20240307.md,toxigen,91.5
models/anthropic/claude-3-opus-20240229.md,ai2d,88.1
models/anthropic/claude-3-opus-20240229.md,alpaca_eval,40.5
models/anthropic/claude-3-opus-20240229.md,arena_elo_coding,1250.0
models/anthropic/claude-3-opus-20240229.md,arena_elo_hard_prompts,1327.0
models/anthropic/claude-3-opus-20240229.md,arena_elo_math,1240.0
models/anthropic/claude-3-opus-20240229.md,arena_elo_overall,1260.0
models/anthropic/claude-3-opus-20240229.md,arena_elo_style_control,1320.7
models/anthropic/claude-3-opus-20240229.md,arena_elo_vision,1062.6
models/anthropic/claude-3-opus-20240229.md,bbq,86.5
models/anthropic/claude-3-opus-20240229.md,chartqa,80.8
models/anthropic/claude-3-opus-20240229.md,docvqa,89.3
models/anthropic/claude-3-opus-20240229.md,gpqa_diamond,59.4
models/anthropic/claude-3-opus-20240229.md,gsm8k,95.0
models/anthropic/claude-3-opus-20240229.md,helm_safety,90.8
models/anthropic/claude-3-opus-20240229.md,humaneval,84.9
models/anthropic/claude-3-opus-20240229.md,ifeval,81.0
models/anthropic/claude-3-opus-20240229.md,math_500,60.1
models/anthropic/claude-3-opus-20240229.md,mathvista,50.5
models/anthropic/claude-3-opus-20240229.md,mgsm,90.7
models/anthropic/claude-3-opus-20240229.md,mmlu_pro,68.5
models/anthropic/claude-3-opus-20240229.md,mmmu,59.4
models/anthropic/claude-3-opus-20240229.md,multipl_e_csharp,75.5
models/anthropic/claude-3-opus-20240229.md,multipl_e_julia,55.8
models/anthropic/claude-3-opus-20240229.md,multipl_e_kotlin,67.5
models/anthropic/claude-3-opus-20240229.md,multipl_e_lua,50.5
models/anthropic/claude-3-opus-20240229.md,multipl_e_perl,46.2
models/anthropic/claude-3-opus-20240229.md,multipl_e_php,72.8
models/anthropic/claude-3-opus-20240229.md,multipl_e_r,52.5
models/anthropic/claude-3-opus-20240229.md,multipl_e_ruby,62.5
models/anthropic/claude-3-opus-20240229.md,multipl_e_scala,56.2
models/anthropic/claude-3-opus-20240229.md,multipl_e_swift,60.5
models/anthropic/claude-3-opus-20240229.md,toxigen,93.8
models/anthropic/claude-3-sonnet-20240229.md,ai2d,88.1
models/anthropic/claude-3-sonnet-20240229.md,alpaca_eval,34.9
models/anthropic/claude-3-sonnet-20240229.md,arena_elo_coding,1190.0
models/anthropic/claude-3-sonnet-20240229.md,arena_elo_hard_prompts,1280.5
models/anthropic/claude-3-sonnet-20240229.md,arena_elo_math,1180.0
models/anthropic/claude-3-sonnet-20240229.md,arena_elo_overall,1200.0
models/anthropic/claude-3-sonnet-20240229.md,arena_elo_style_control,1279.8
models/anthropic/claude-3-sonnet-20240229.md,arena_elo_vision,1017.7
models/anthropic/claude-3-sonnet-20240229.md,bbq,85.2
models/anthropic/claude-3-sonnet-20240229.md,chartqa,80.8
models/anthropic/claude-3-sonnet-20240229.md,docvqa,89.3
models/anthropic/claude-3-sonnet-20240229.md,gpqa_diamond,45.5
models/anthropic/claude-3-sonnet-20240229.md,gsm8k,92.3
models/anthropic/claude-3-sonnet-20240229.md,helm_safety,89.5
models/anthropic/claude-3-sonnet-20240229.md,humaneval,73.0
models/anthropic/claude-3-sonnet-20240229.md,ifeval,75.5
models/anthropic/claude-3-sonnet-20240229.md,math_500,55.7
models/anthropic/claude-3-sonnet-20240229.md,mathvista,50.5
models/anthropic/claude-3-sonnet-20240229.md,mgsm,83.5
models/anthropic/claude-3-sonnet-20240229.md,mmlu_pro,60.1
models/anthropic/claude-3-sonnet-20240229.md,mmmu,53.1
models/anthropic/claude-3-sonnet-20240229.md,toxigen,92.8
models/anthropic/claude-haiku-4-5-20251001.md,arena_elo_coding,1320.0
models/anthropic/claude-haiku-4-5-20251001.md,arena_elo_hard_prompts,1436.6
models/anthropic/claude-haiku-4-5-20251001.md,arena_elo_math,1300.0
models/anthropic/claude-haiku-4-5-20251001.md,arena_elo_overall,1310.0
models/anthropic/claude-haiku-4-5-20251001.md,arena_elo_style_control,1407.2
models/anthropic/claude-haiku-4-5-20251001.md,gpqa_diamond,62.1
models/anthropic/claude-haiku-4-5-20251001.md,humaneval,86.2
models/anthropic/claude-haiku-4-5-20251001.md,ifeval,85.0
models/anthropic/claude-haiku-4-5-20251001.md,live_code_bench,51.1
models/anthropic/claude-haiku-4-5-20251001.md,math_500,84.3
models/anthropic/claude-haiku-4-5-20251001.md,medqa,77.8
models/anthropic/claude-haiku-4-5-20251001.md,mmlu_pro,75.2
models/anthropic/claude-haiku-4-5-20251001.md,multipl_e_csharp,78.5
models/anthropic/claude-haiku-4-5-20251001.md,multipl_e_julia,60.2
models/anthropic/claude-haiku-4-5-20251001.md,multipl_e_kotlin,72.2
models/anthropic/claude-haiku-4-5-20251001.md,multipl_e_lua,54.8
models/anthropic/claude-haiku-4-5-20251001.md,multipl_e_perl,50.5
models/anthropic/claude-haiku-4-5-20251001.md,multipl_e_php,75.8
models/anthropic/claude-haiku-4-5-20251001.md,multipl_e_r,56.8
models/anthropic/claude-haiku-4-5-20251001.md,multipl_e_ruby,66.2
models/anthropic/claude-haiku-4-5-20251001.md,multipl_e_scala,60.5
models/anthropic/claude-haiku-4-5-20251001.md,multipl_e_swift,65.5
models/anthropic/claude-haiku-4-5-20251001.md,swe_bench_verified,73.3
models/anthropic/claude-haiku-4-5-20251001.md,terminal_bench,41.0
models/anthropic/claude-haiku-4-5.md,arena_elo_coding,1320.0
models/anthropic/claude-haiku-4-5.md,arena_elo_math,1300.0
models/anthropic/claude-haiku-4-5.md,arena_elo_overall,1310.0
models/anthropic/claude-haiku-4-5.md,gpqa_diamond,62.1
models/anthropic/claude-haiku-4-5.md,humaneval,86.2
models/anthropic/claude-haiku-4-5.md,ifeval,85.0
models/anthropic/claude-haiku-4-5.md,math_500,84.3
models/anthropic/claude-haiku-4-5.md,mmlu_pro,75.2
models/anthropic/claude-haiku-4-5.md,multipl_e_csharp,78.5
models/anthropic/claude-haiku-4-5.md,multipl_e_php,75.8
models/anthropic/claude-haiku-4-5.md,multipl_e_ruby,66.2
models/anthropic/claude-haiku-4-5.md,multipl_e_swift,65.5
models/anthropic/claude-haiku-4-5.md,multipl_e_r,56.8
models/anthropic/claude-haiku-4-5.md,multipl_e_julia,60.2
models/anthropic/claude-haiku-4-5.md,multipl_e_perl,50.5
models/anthropic/claude-haiku-4-5.md,multipl_e_lua,54.8
models/anthropic/claude-haiku-4-5.md,multipl_e_scala,60.5
models/anthropic/claude-haiku-4-5.md,multipl_e_kotlin,72.2
models/anthropic/claude-haiku-4-5.md,live_code_bench,51.1
models/anthropic/claude-haiku-4-5.md,swe_bench_verified,73.3
models/anthropic/claude-haiku-4-5.md,terminal_bench,41.0
models/anthropic/claude-haiku-4-5.md,medqa,77.8
models/anthropic/claude-mythos-preview.md,browsecomp,86.9
models/anthropic/claude-mythos-preview.md,charxiv_reasoning,86.1
models/anthropic/claude-mythos-preview.md,charxiv_reasoning_tools,93.2
models/anthropic/claude-mythos-preview.md,gpqa_diamond,94.55
models/anthropic/claude-mythos-preview.md,graphwalks_bfs_256k_1m,80.0
models/anthropic/claude-mythos-preview.md,graphwalks_parents_256k_1m,97.7
models/anthropic/claude-mythos-preview.md,hle,56.8
models/anthropic/claude-mythos-preview.md,hle_tools,64.7
models/anthropic/claude-mythos-preview.md,lab_bench_figqa,79.7
models/anthropic/claude-mythos-preview.md,lab_bench_figqa_tools,89.0
models/anthropic/claude-mythos-preview.md,mmmlu,92.67
models/anthropic/claude-mythos-preview.md,osworld,79.6
models/anthropic/claude-mythos-preview.md,screenspot_pro,79.5
models/anthropic/claude-mythos-preview.md,screenspot_pro_tools,92.8
models/anthropic/claude-mythos-preview.md,swe_bench_multilingual,87.3
models/anthropic/claude-mythos-preview.md,swe_bench_multimodal,59.0
models/anthropic/claude-mythos-preview.md,swe_bench_pro,77.8
models/anthropic/claude-mythos-preview.md,swe_bench_verified,93.9
models/anthropic/claude-mythos-preview.md,terminal_bench_2,82.0
models/anthropic/claude-mythos-preview.md,usamo_2026,97.6
models/anthropic/claude-opus-4-0.md,arena_elo_coding,1380.0
models/anthropic/claude-opus-4-0.md,arena_elo_math,1360.0
models/anthropic/claude-opus-4-0.md,arena_elo_overall,1370.0
models/anthropic/claude-opus-4-0.md,gpqa_diamond,73.8
models/anthropic/claude-opus-4-0.md,humaneval,90.5
models/anthropic/claude-opus-4-0.md,ifeval,89.7
models/anthropic/claude-opus-4-0.md,math_500,92.8
models/anthropic/claude-opus-4-0.md,mmlu_pro,82.1
models/anthropic/claude-opus-4-0.md,swe_bench_verified,62.3
models/anthropic/claude-opus-4-0.md,multipl_e_csharp,84.5
models/anthropic/claude-opus-4-0.md,multipl_e_php,81.8
models/anthropic/claude-opus-4-0.md,multipl_e_ruby,74.5
models/anthropic/claude-opus-4-0.md,multipl_e_swift,72.1
models/anthropic/claude-opus-4-0.md,multipl_e_r,64.2
models/anthropic/claude-opus-4-0.md,multipl_e_julia,66.5
models/anthropic/claude-opus-4-0.md,multipl_e_perl,57.8
models/anthropic/claude-opus-4-0.md,multipl_e_lua,61.2
models/anthropic/claude-opus-4-0.md,multipl_e_scala,67.8
models/anthropic/claude-opus-4-0.md,multipl_e_kotlin,78.2
models/anthropic/claude-opus-4-0.md,live_code_bench,54.2
models/anthropic/claude-opus-4-0.md,aider_polyglot,72.0
models/anthropic/claude-opus-4-0.md,terminal_bench,39.2
models/anthropic/claude-opus-4-1-20250805.md,aider_polyglot,78.8
models/anthropic/claude-opus-4-1-20250805.md,arena_elo_coding,1400.0
models/anthropic/claude-opus-4-1-20250805.md,arena_elo_hard_prompts,1479.9
models/anthropic/claude-opus-4-1-20250805.md,arena_elo_math,1380.0
models/anthropic/claude-opus-4-1-20250805.md,arena_elo_overall,1390.0
models/anthropic/claude-opus-4-1-20250805.md,arena_elo_style_control,1448.6
models/anthropic/claude-opus-4-1-20250805.md,gpqa_diamond,76.2
models/anthropic/claude-opus-4-1-20250805.md,humaneval,91.7
models/anthropic/claude-opus-4-1-20250805.md,ifeval,91.0
models/anthropic/claude-opus-4-1-20250805.md,live_code_bench,65.4
models/anthropic/claude-opus-4-1-20250805.md,math_500,94.5
models/anthropic/claude-opus-4-1-20250805.md,mmlu_pro,83.8
models/anthropic/claude-opus-4-1-20250805.md,multipl_e_csharp,86.2
models/anthropic/claude-opus-4-1-20250805.md,multipl_e_julia,68.2
models/anthropic/claude-opus-4-1-20250805.md,multipl_e_kotlin,80.5
models/anthropic/claude-opus-4-1-20250805.md,multipl_e_lua,63.5
models/anthropic/claude-opus-4-1-20250805.md,multipl_e_perl,60.2
models/anthropic/claude-opus-4-1-20250805.md,multipl_e_php,83.5
models/anthropic/claude-opus-4-1-20250805.md,multipl_e_r,66.5
models/anthropic/claude-opus-4-1-20250805.md,multipl_e_ruby,76.2
models/anthropic/claude-opus-4-1-20250805.md,multipl_e_scala,70.1
models/anthropic/claude-opus-4-1-20250805.md,multipl_e_swift,74.5
models/anthropic/claude-opus-4-1-20250805.md,swe_bench_agent,58.2
models/anthropic/claude-opus-4-1-20250805.md,swe_bench_verified,68.8
models/anthropic/claude-opus-4-1-20250805.md,tau_bench,64.8
models/anthropic/claude-opus-4-1-20250805.md,terminal_bench,52.1
models/anthropic/claude-opus-4-1.md,aider_polyglot,78.8
models/anthropic/claude-opus-4-1.md,arena_elo_coding,1400.0
models/anthropic/claude-opus-4-1.md,arena_elo_math,1380.0
models/anthropic/claude-opus-4-1.md,arena_elo_overall,1390.0
models/anthropic/claude-opus-4-1.md,gpqa_diamond,76.2
models/anthropic/claude-opus-4-1.md,humaneval,91.7
models/anthropic/claude-opus-4-1.md,ifeval,91.0
models/anthropic/claude-opus-4-1.md,math_500,94.5
models/anthropic/claude-opus-4-1.md,mmlu_pro,83.8
models/anthropic/claude-opus-4-1.md,swe_bench_agent,58.2
models/anthropic/claude-opus-4-1.md,swe_bench_verified,68.8
models/anthropic/claude-opus-4-1.md,tau_bench,64.8
models/anthropic/claude-opus-4-1.md,terminal_bench,52.1
models/anthropic/claude-opus-4-1.md,multipl_e_csharp,86.2
models/anthropic/claude-opus-4-1.md,multipl_e_php,83.5
models/anthropic/claude-opus-4-1.md,multipl_e_ruby,76.2
models/anthropic/claude-opus-4-1.md,multipl_e_swift,74.5
models/anthropic/claude-opus-4-1.md,multipl_e_r,66.5
models/anthropic/claude-opus-4-1.md,multipl_e_julia,68.2
models/anthropic/claude-opus-4-1.md,multipl_e_perl,60.2
models/anthropic/claude-opus-4-1.md,multipl_e_lua,63.5
models/anthropic/claude-opus-4-1.md,multipl_e_scala,70.1
models/anthropic/claude-opus-4-1.md,multipl_e_kotlin,80.5
models/anthropic/claude-opus-4-1.md,live_code_bench,65.4
models/anthropic/claude-opus-4-20250514.md,aider_polyglot,82.1
models/anthropic/claude-opus-4-20250514.md,aime_2025,82.0
models/anthropic/claude-opus-4-20250514.md,alpaca_eval,55.2
models/anthropic/claude-opus-4-20250514.md,arena_elo_coding,1420.0
models/anthropic/claude-opus-4-20250514.md,arena_elo_hard_prompts,1455.5
models/anthropic/claude-opus-4-20250514.md,arena_elo_math,1400.0
models/anthropic/claude-opus-4-20250514.md,arena_elo_overall,1410.0
models/anthropic/claude-opus-4-20250514.md,arena_elo_style_control,1423.7
models/anthropic/claude-opus-4-20250514.md,arena_elo_vision,1207.5
models/anthropic/claude-opus-4-20250514.md,bbq,88.2
models/anthropic/claude-opus-4-20250514.md,chartqa,86.8
models/anthropic/claude-opus-4-20250514.md,docvqa,93.2
models/anthropic/claude-opus-4-20250514.md,finbench,71.2
models/anthropic/claude-opus-4-20250514.md,gpqa_diamond,78.4
models/anthropic/claude-opus-4-20250514.md,helm_safety,92.5
models/anthropic/claude-opus-4-20250514.md,humaneval,93.2
models/anthropic/claude-opus-4-20250514.md,ifeval,92.1
models/anthropic/claude-opus-4-20250514.md,legalbench,75.5
models/anthropic/claude-opus-4-20250514.md,live_code_bench,62.4
models/anthropic/claude-opus-4-20250514.md,math_500,96.4
models/anthropic/claude-opus-4-20250514.md,mathvista,65.5
models/anthropic/claude-opus-4-20250514.md,medqa,82.1
models/anthropic/claude-opus-4-20250514.md,mmlu_astronomy,80.5
models/anthropic/claude-opus-4-20250514.md,mmlu_biology,88.2
models/anthropic/claude-opus-4-20250514.md,mmlu_business_ethics,82.1
models/anthropic/claude-opus-4-20250514.md,mmlu_chemistry,82.5
models/anthropic/claude-opus-4-20250514.md,mmlu_clinical_knowledge,87.5
models/anthropic/claude-opus-4-20250514.md,mmlu_computer_science,88.8
models/anthropic/claude-opus-4-20250514.md,mmlu_jurisprudence,80.5
models/anthropic/claude-opus-4-20250514.md,mmlu_physics,85.1
models/anthropic/claude-opus-4-20250514.md,mmlu_pro,85.2
models/anthropic/claude-opus-4-20250514.md,mmlu_professional_accounting,72.5
models/anthropic/claude-opus-4-20250514.md,mmlu_professional_law,78.2
models/anthropic/claude-opus-4-20250514.md,mmmu,70.8
models/anthropic/claude-opus-4-20250514.md,mt_bench,9.4
models/anthropic/claude-opus-4-20250514.md,multipl_e,89.3
models/anthropic/claude-opus-4-20250514.md,multipl_e_cpp,88.5
models/anthropic/claude-opus-4-20250514.md,multipl_e_csharp,88.2
models/anthropic/claude-opus-4-20250514.md,multipl_e_go,85.5
models/anthropic/claude-opus-4-20250514.md,multipl_e_java,91.2
models/anthropic/claude-opus-4-20250514.md,multipl_e_javascript,91.5
models/anthropic/claude-opus-4-20250514.md,multipl_e_julia,70.2
models/anthropic/claude-opus-4-20250514.md,multipl_e_kotlin,82.5
models/anthropic/claude-opus-4-20250514.md,multipl_e_lua,65.8
models/anthropic/claude-opus-4-20250514.md,multipl_e_perl,62.5
models/anthropic/claude-opus-4-20250514.md,multipl_e_php,85.5
models/anthropic/claude-opus-4-20250514.md,multipl_e_python,95.5
models/anthropic/claude-opus-4-20250514.md,multipl_e_r,68.5
models/anthropic/claude-opus-4-20250514.md,multipl_e_ruby,78.5
models/anthropic/claude-opus-4-20250514.md,multipl_e_rust,82.1
models/anthropic/claude-opus-4-20250514.md,multipl_e_scala,72.2
models/anthropic/claude-opus-4-20250514.md,multipl_e_swift,76.8
models/anthropic/claude-opus-4-20250514.md,multipl_e_typescript,90.8
models/anthropic/claude-opus-4-20250514.md,swe_bench_agent,62.5
models/anthropic/claude-opus-4-20250514.md,swe_bench_verified,72.7
models/anthropic/claude-opus-4-20250514.md,tau_bench,68.2
models/anthropic/claude-opus-4-20250514.md,terminal_bench,55.8
models/anthropic/claude-opus-4-20250514.md,terminal_bench_2,65.4
models/anthropic/claude-opus-4-20250514.md,toxigen,95.1
models/anthropic/claude-opus-4-20250514.md,wildbench,82.5
models/anthropic/claude-opus-4-5-20251101.md,aime_2025,78.0
models/anthropic/claude-opus-4-5-20251101.md,arena_elo_coding,1410.0
models/anthropic/claude-opus-4-5-20251101.md,arena_elo_hard_prompts,1500.0
models/anthropic/claude-opus-4-5-20251101.md,arena_elo_math,1390.0
models/anthropic/claude-opus-4-5-20251101.md,arena_elo_overall,1400.0
models/anthropic/claude-opus-4-5-20251101.md,arena_elo_style_control,1473.1
models/anthropic/claude-opus-4-5-20251101.md,gpqa_diamond,77.0
models/anthropic/claude-opus-4-5-20251101.md,humaneval,92.5
models/anthropic/claude-opus-4-5-20251101.md,ifeval,91.5
models/anthropic/claude-opus-4-5-20251101.md,live_code_bench,73.8
models/anthropic/claude-opus-4-5-20251101.md,math_500,95.2
models/anthropic/claude-opus-4-5-20251101.md,mmlu_pro,84.5
models/anthropic/claude-opus-4-5-20251101.md,multipl_e_csharp,87.5
models/anthropic/claude-opus-4-5-20251101.md,multipl_e_julia,69.5
models/anthropic/claude-opus-4-5-20251101.md,multipl_e_kotlin,81.8
models/anthropic/claude-opus-4-5-20251101.md,multipl_e_lua,64.5
models/anthropic/claude-opus-4-5-20251101.md,multipl_e_perl,61.2
models/anthropic/claude-opus-4-5-20251101.md,multipl_e_php,84.8
models/anthropic/claude-opus-4-5-20251101.md,multipl_e_r,67.8
models/anthropic/claude-opus-4-5-20251101.md,multipl_e_ruby,77.2
models/anthropic/claude-opus-4-5-20251101.md,multipl_e_scala,71.5
models/anthropic/claude-opus-4-5-20251101.md,multipl_e_swift,75.5
models/anthropic/claude-opus-4-5-20251101.md,swe_bench_verified,70.3
models/anthropic/claude-opus-4-5-20251101.md,terminal_bench_2,59.3
models/anthropic/claude-opus-4-5.md,aime_2025,78.0
models/anthropic/claude-opus-4-5.md,arena_elo_coding,1410.0
models/anthropic/claude-opus-4-5.md,arena_elo_math,1390.0
models/anthropic/claude-opus-4-5.md,arena_elo_overall,1400.0
models/anthropic/claude-opus-4-5.md,gpqa_diamond,77.0
models/anthropic/claude-opus-4-5.md,humaneval,92.5
models/anthropic/claude-opus-4-5.md,ifeval,91.5
models/anthropic/claude-opus-4-5.md,math_500,95.2
models/anthropic/claude-opus-4-5.md,mmlu_pro,84.5
models/anthropic/claude-opus-4-5.md,swe_bench_verified,70.3
models/anthropic/claude-opus-4-5.md,multipl_e_csharp,87.5
models/anthropic/claude-opus-4-5.md,multipl_e_php,84.8
models/anthropic/claude-opus-4-5.md,multipl_e_ruby,77.2
models/anthropic/claude-opus-4-5.md,multipl_e_swift,75.5
models/anthropic/claude-opus-4-5.md,multipl_e_r,67.8
models/anthropic/claude-opus-4-5.md,multipl_e_julia,69.5
models/anthropic/claude-opus-4-5.md,multipl_e_perl,61.2
models/anthropic/claude-opus-4-5.md,multipl_e_lua,64.5
models/anthropic/claude-opus-4-5.md,multipl_e_scala,71.5
models/anthropic/claude-opus-4-5.md,multipl_e_kotlin,81.8
models/anthropic/claude-opus-4-5.md,live_code_bench,73.8
models/anthropic/claude-opus-4-5.md,terminal_bench_2,59.3
models/anthropic/claude-opus-4-6.md,aider_polyglot,82.1
models/anthropic/claude-opus-4-6.md,aime_2025,82.0
models/anthropic/claude-opus-4-6.md,alpaca_eval,55.2
models/anthropic/claude-opus-4-6.md,arena_elo_coding,1420.0
models/anthropic/claude-opus-4-6.md,arena_elo_hard_prompts,1534.7
models/anthropic/claude-opus-4-6.md,arena_elo_math,1400.0
models/anthropic/claude-opus-4-6.md,arena_elo_overall,1410.0
models/anthropic/claude-opus-4-6.md,arena_elo_style_control,1502.8
models/anthropic/claude-opus-4-6.md,arena_elo_vision,1295.0
models/anthropic/claude-opus-4-6.md,bbq,88.2
models/anthropic/claude-opus-4-6.md,browsecomp,83.7
models/anthropic/claude-opus-4-6.md,chartqa,86.8
models/anthropic/claude-opus-4-6.md,charxiv_reasoning,61.5
models/anthropic/claude-opus-4-6.md,charxiv_reasoning_tools,78.9
models/anthropic/claude-opus-4-6.md,docvqa,93.2
models/anthropic/claude-opus-4-6.md,finbench,71.2
models/anthropic/claude-opus-4-6.md,gpqa_diamond,91.3
models/anthropic/claude-opus-4-6.md,graphwalks_bfs_256k_1m,38.7
models/anthropic/claude-opus-4-6.md,helm_safety,92.5
models/anthropic/claude-opus-4-6.md,hle,40.0
models/anthropic/claude-opus-4-6.md,hle_tools,53.1
models/anthropic/claude-opus-4-6.md,humaneval,93.2
models/anthropic/claude-opus-4-6.md,ifeval,92.1
models/anthropic/claude-opus-4-6.md,lab_bench_figqa,58.5
models/anthropic/claude-opus-4-6.md,lab_bench_figqa_tools,75.1
models/anthropic/claude-opus-4-6.md,legalbench,75.5
models/anthropic/claude-opus-4-6.md,live_code_bench,62.4
models/anthropic/claude-opus-4-6.md,math_500,96.4
models/anthropic/claude-opus-4-6.md,mathvista,65.5
models/anthropic/claude-opus-4-6.md,medqa,82.1
models/anthropic/claude-opus-4-6.md,mmlu_astronomy,80.5
models/anthropic/claude-opus-4-6.md,mmlu_biology,88.2
models/anthropic/claude-opus-4-6.md,mmlu_business_ethics,82.1
models/anthropic/claude-opus-4-6.md,mmlu_chemistry,82.5
models/anthropic/claude-opus-4-6.md,mmlu_clinical_knowledge,87.5
models/anthropic/claude-opus-4-6.md,mmlu_computer_science,88.8
models/anthropic/claude-opus-4-6.md,mmlu_jurisprudence,80.5
models/anthropic/claude-opus-4-6.md,mmlu_physics,85.1
models/anthropic/claude-opus-4-6.md,mmlu_pro,85.2
models/anthropic/claude-opus-4-6.md,mmlu_professional_accounting,72.5
models/anthropic/claude-opus-4-6.md,mmlu_professional_law,78.2
models/anthropic/claude-opus-4-6.md,mmmlu,91.1
models/anthropic/claude-opus-4-6.md,mmmu,70.8
models/anthropic/claude-opus-4-6.md,mt_bench,9.4
models/anthropic/claude-opus-4-6.md,multipl_e,89.3
models/anthropic/claude-opus-4-6.md,multipl_e_cpp,88.5
models/anthropic/claude-opus-4-6.md,multipl_e_csharp,88.2
models/anthropic/claude-opus-4-6.md,multipl_e_go,85.5
models/anthropic/claude-opus-4-6.md,multipl_e_java,91.2
models/anthropic/claude-opus-4-6.md,multipl_e_javascript,91.5
models/anthropic/claude-opus-4-6.md,multipl_e_julia,70.2
models/anthropic/claude-opus-4-6.md,multipl_e_kotlin,82.5
models/anthropic/claude-opus-4-6.md,multipl_e_lua,65.8
models/anthropic/claude-opus-4-6.md,multipl_e_perl,62.5
models/anthropic/claude-opus-4-6.md,multipl_e_php,85.5
models/anthropic/claude-opus-4-6.md,multipl_e_python,95.5
models/anthropic/claude-opus-4-6.md,multipl_e_r,68.5
models/anthropic/claude-opus-4-6.md,multipl_e_ruby,78.5
models/anthropic/claude-opus-4-6.md,multipl_e_rust,82.1
models/anthropic/claude-opus-4-6.md,multipl_e_scala,72.2
models/anthropic/claude-opus-4-6.md,multipl_e_swift,76.8
models/anthropic/claude-opus-4-6.md,multipl_e_typescript,90.8
models/anthropic/claude-opus-4-6.md,osworld,72.7
models/anthropic/claude-opus-4-6.md,screenspot_pro,57.7
models/anthropic/claude-opus-4-6.md,screenspot_pro_tools,83.1
models/anthropic/claude-opus-4-6.md,swe_bench_agent,62.5
models/anthropic/claude-opus-4-6.md,swe_bench_multilingual,77.8
models/anthropic/claude-opus-4-6.md,swe_bench_multimodal,27.1
models/anthropic/claude-opus-4-6.md,swe_bench_pro,53.4
models/anthropic/claude-opus-4-6.md,swe_bench_verified,80.8
models/anthropic/claude-opus-4-6.md,tau_bench,68.2
models/anthropic/claude-opus-4-6.md,terminal_bench,55.8
models/anthropic/claude-opus-4-6.md,terminal_bench_2,65.4
models/anthropic/claude-opus-4-6.md,toxigen,95.1
models/anthropic/claude-opus-4-6.md,usamo_2026,42.3
models/anthropic/claude-opus-4-6.md,wildbench,82.5
models/anthropic/claude-sonnet-4-0.md,arena_elo_coding,1350.0
models/anthropic/claude-sonnet-4-0.md,arena_elo_math,1330.0
models/anthropic/claude-sonnet-4-0.md,arena_elo_overall,1340.0
models/anthropic/claude-sonnet-4-0.md,gpqa_diamond,68.4
models/anthropic/claude-sonnet-4-0.md,humaneval,88.7
models/anthropic/claude-sonnet-4-0.md,ifeval,87.2
models/anthropic/claude-sonnet-4-0.md,math_500,88.6
models/anthropic/claude-sonnet-4-0.md,mmlu_pro,78.5
models/anthropic/claude-sonnet-4-0.md,swe_bench_verified,55.2
models/anthropic/claude-sonnet-4-0.md,multipl_e_csharp,82.5
models/anthropic/claude-sonnet-4-0.md,multipl_e_php,79.8
models/anthropic/claude-sonnet-4-0.md,multipl_e_ruby,72.5
models/anthropic/claude-sonnet-4-0.md,multipl_e_swift,70.1
models/anthropic/claude-sonnet-4-0.md,multipl_e_r,62.1
models/anthropic/claude-sonnet-4-0.md,multipl_e_julia,64.5
models/anthropic/claude-sonnet-4-0.md,multipl_e_perl,55.5
models/anthropic/claude-sonnet-4-0.md,multipl_e_lua,58.8
models/anthropic/claude-sonnet-4-0.md,multipl_e_scala,65.8
models/anthropic/claude-sonnet-4-0.md,multipl_e_kotlin,76.2
models/anthropic/claude-sonnet-4-0.md,live_code_bench,65.5
models/anthropic/claude-sonnet-4-0.md,aider_polyglot,61.3
models/anthropic/claude-sonnet-4-0.md,terminal_bench,35.5
models/anthropic/claude-sonnet-4-20250514.md,aider_polyglot,75.5
models/anthropic/claude-sonnet-4-20250514.md,alpaca_eval,50.8
models/anthropic/claude-sonnet-4-20250514.md,arena_elo_coding,1390.0
models/anthropic/claude-sonnet-4-20250514.md,arena_elo_hard_prompts,1430.5
models/anthropic/claude-sonnet-4-20250514.md,arena_elo_math,1370.0
models/anthropic/claude-sonnet-4-20250514.md,arena_elo_overall,1380.0
models/anthropic/claude-sonnet-4-20250514.md,arena_elo_style_control,1398.5
models/anthropic/claude-sonnet-4-20250514.md,arena_elo_vision,1207.0
models/anthropic/claude-sonnet-4-20250514.md,bbq,87.5
models/anthropic/claude-sonnet-4-20250514.md,chartqa,84.2
models/anthropic/claude-sonnet-4-20250514.md,docvqa,91.5
models/anthropic/claude-sonnet-4-20250514.md,gpqa_diamond,74.1
models/anthropic/claude-sonnet-4-20250514.md,helm_safety,91.8
models/anthropic/claude-sonnet-4-20250514.md,humaneval,91.5
models/anthropic/claude-sonnet-4-20250514.md,ifeval,90.4
models/anthropic/claude-sonnet-4-20250514.md,live_code_bench,59.0
models/anthropic/claude-sonnet-4-20250514.md,math_500,93.8
models/anthropic/claude-sonnet-4-20250514.md,mathvista,62.1
models/anthropic/claude-sonnet-4-20250514.md,mmlu_astronomy,77.8
models/anthropic/claude-sonnet-4-20250514.md,mmlu_biology,85.5
models/anthropic/claude-sonnet-4-20250514.md,mmlu_business_ethics,79.5
models/anthropic/claude-sonnet-4-20250514.md,mmlu_chemistry,79.8
models/anthropic/claude-sonnet-4-20250514.md,mmlu_clinical_knowledge,84.2
models/anthropic/claude-sonnet-4-20250514.md,mmlu_computer_science,86.2
models/anthropic/claude-sonnet-4-20250514.md,mmlu_jurisprudence,77.8
models/anthropic/claude-sonnet-4-20250514.md,mmlu_physics,82.5
models/anthropic/claude-sonnet-4-20250514.md,mmlu_pro,83.0
models/anthropic/claude-sonnet-4-20250514.md,mmlu_professional_accounting,69.8
models/anthropic/claude-sonnet-4-20250514.md,mmlu_professional_law,75.5
models/anthropic/claude-sonnet-4-20250514.md,mmmu,68.2
models/anthropic/claude-sonnet-4-20250514.md,mt_bench,9.2
models/anthropic/claude-sonnet-4-20250514.md,multipl_e,86.7
models/anthropic/claude-sonnet-4-20250514.md,multipl_e_cpp,85.8
models/anthropic/claude-sonnet-4-20250514.md,multipl_e_csharp,85.5
models/anthropic/claude-sonnet-4-20250514.md,multipl_e_go,82.8
models/anthropic/claude-sonnet-4-20250514.md,multipl_e_java,89.1
models/anthropic/claude-sonnet-4-20250514.md,multipl_e_javascript,89.5
models/anthropic/claude-sonnet-4-20250514.md,multipl_e_julia,67.5
models/anthropic/claude-sonnet-4-20250514.md,multipl_e_kotlin,79.8
models/anthropic/claude-sonnet-4-20250514.md,multipl_e_lua,62.1
models/anthropic/claude-sonnet-4-20250514.md,multipl_e_perl,58.8
models/anthropic/claude-sonnet-4-20250514.md,multipl_e_php,82.2
models/anthropic/claude-sonnet-4-20250514.md,multipl_e_python,93.2
models/anthropic/claude-sonnet-4-20250514.md,multipl_e_r,65.2
models/anthropic/claude-sonnet-4-20250514.md,multipl_e_ruby,75.2
models/anthropic/claude-sonnet-4-20250514.md,multipl_e_rust,78.5
models/anthropic/claude-sonnet-4-20250514.md,multipl_e_scala,68.5
models/anthropic/claude-sonnet-4-20250514.md,multipl_e_swift,73.5
models/anthropic/claude-sonnet-4-20250514.md,multipl_e_typescript,88.2
models/anthropic/claude-sonnet-4-20250514.md,swe_bench_agent,55.8
models/anthropic/claude-sonnet-4-20250514.md,swe_bench_verified,65.3
models/anthropic/claude-sonnet-4-20250514.md,tau_bench,61.5
models/anthropic/claude-sonnet-4-20250514.md,terminal_bench,48.2
models/anthropic/claude-sonnet-4-20250514.md,terminal_bench_2,59.1
models/anthropic/claude-sonnet-4-20250514.md,toxigen,94.5
models/anthropic/claude-sonnet-4-20250514.md,wildbench,78.2
models/anthropic/claude-sonnet-4-5-20250929.md,aider_polyglot,75.5
models/anthropic/claude-sonnet-4-5-20250929.md,alpaca_eval,50.8
models/anthropic/claude-sonnet-4-5-20250929.md,arena_elo_coding,1380.0
models/anthropic/claude-sonnet-4-5-20250929.md,arena_elo_hard_prompts,1485.0
models/anthropic/claude-sonnet-4-5-20250929.md,arena_elo_math,1360.0
models/anthropic/claude-sonnet-4-5-20250929.md,arena_elo_overall,1370.0
models/anthropic/claude-sonnet-4-5-20250929.md,arena_elo_style_control,1451.9
models/anthropic/claude-sonnet-4-5-20250929.md,bbq,87.5
models/anthropic/claude-sonnet-4-5-20250929.md,chartqa,84.2
models/anthropic/claude-sonnet-4-5-20250929.md,docvqa,91.5
models/anthropic/claude-sonnet-4-5-20250929.md,gpqa_diamond,72.5
models/anthropic/claude-sonnet-4-5-20250929.md,helm_safety,91.8
models/anthropic/claude-sonnet-4-5-20250929.md,humaneval,90.8
models/anthropic/claude-sonnet-4-5-20250929.md,ifeval,89.3
models/anthropic/claude-sonnet-4-5-20250929.md,live_code_bench,59.0
models/anthropic/claude-sonnet-4-5-20250929.md,math_500,92.1
models/anthropic/claude-sonnet-4-5-20250929.md,mathvista,62.1
models/anthropic/claude-sonnet-4-5-20250929.md,mmlu_astronomy,77.8
models/anthropic/claude-sonnet-4-5-20250929.md,mmlu_biology,85.5
models/anthropic/claude-sonnet-4-5-20250929.md,mmlu_business_ethics,79.5
models/anthropic/claude-sonnet-4-5-20250929.md,mmlu_chemistry,79.8
models/anthropic/claude-sonnet-4-5-20250929.md,mmlu_clinical_knowledge,84.2
models/anthropic/claude-sonnet-4-5-20250929.md,mmlu_computer_science,86.2
models/anthropic/claude-sonnet-4-5-20250929.md,mmlu_jurisprudence,77.8
models/anthropic/claude-sonnet-4-5-20250929.md,mmlu_physics,82.5
models/anthropic/claude-sonnet-4-5-20250929.md,mmlu_pro,81.7
models/anthropic/claude-sonnet-4-5-20250929.md,mmlu_professional_accounting,69.8
models/anthropic/claude-sonnet-4-5-20250929.md,mmlu_professional_law,75.5
models/anthropic/claude-sonnet-4-5-20250929.md,mmmu,68.2
models/anthropic/claude-sonnet-4-5-20250929.md,mt_bench,9.2
models/anthropic/claude-sonnet-4-5-20250929.md,multipl_e,86.7
models/anthropic/claude-sonnet-4-5-20250929.md,multipl_e_cpp,85.8
models/anthropic/claude-sonnet-4-5-20250929.md,multipl_e_csharp,85.5
models/anthropic/claude-sonnet-4-5-20250929.md,multipl_e_go,82.8
models/anthropic/claude-sonnet-4-5-20250929.md,multipl_e_java,89.1
models/anthropic/claude-sonnet-4-5-20250929.md,multipl_e_javascript,89.5
models/anthropic/claude-sonnet-4-5-20250929.md,multipl_e_julia,67.5
models/anthropic/claude-sonnet-4-5-20250929.md,multipl_e_kotlin,79.8
models/anthropic/claude-sonnet-4-5-20250929.md,multipl_e_lua,62.1
models/anthropic/claude-sonnet-4-5-20250929.md,multipl_e_perl,58.8
models/anthropic/claude-sonnet-4-5-20250929.md,multipl_e_php,82.2
models/anthropic/claude-sonnet-4-5-20250929.md,multipl_e_python,93.2
models/anthropic/claude-sonnet-4-5-20250929.md,multipl_e_r,65.2
models/anthropic/claude-sonnet-4-5-20250929.md,multipl_e_ruby,75.2
models/anthropic/claude-sonnet-4-5-20250929.md,multipl_e_rust,78.5
models/anthropic/claude-sonnet-4-5-20250929.md,multipl_e_scala,68.5
models/anthropic/claude-sonnet-4-5-20250929.md,multipl_e_swift,73.5
models/anthropic/claude-sonnet-4-5-20250929.md,multipl_e_typescript,88.2
models/anthropic/claude-sonnet-4-5-20250929.md,swe_bench_agent,55.8
models/anthropic/claude-sonnet-4-5-20250929.md,swe_bench_verified,62.1
models/anthropic/claude-sonnet-4-5-20250929.md,tau_bench,61.5
models/anthropic/claude-sonnet-4-5-20250929.md,terminal_bench,48.2
models/anthropic/claude-sonnet-4-5-20250929.md,toxigen,94.5
models/anthropic/claude-sonnet-4-5-20250929.md,wildbench,78.2
models/anthropic/claude-sonnet-4-5.md,aider_polyglot,75.5
models/anthropic/claude-sonnet-4-5.md,alpaca_eval,50.8
models/anthropic/claude-sonnet-4-5.md,arena_elo_coding,1380.0
models/anthropic/claude-sonnet-4-5.md,arena_elo_math,1360.0
models/anthropic/claude-sonnet-4-5.md,arena_elo_overall,1370.0
models/anthropic/claude-sonnet-4-5.md,bbq,87.5
models/anthropic/claude-sonnet-4-5.md,chartqa,84.2
models/anthropic/claude-sonnet-4-5.md,docvqa,91.5
models/anthropic/claude-sonnet-4-5.md,gpqa_diamond,72.5
models/anthropic/claude-sonnet-4-5.md,helm_safety,91.8
models/anthropic/claude-sonnet-4-5.md,humaneval,90.8
models/anthropic/claude-sonnet-4-5.md,ifeval,89.3
models/anthropic/claude-sonnet-4-5.md,math_500,92.1
models/anthropic/claude-sonnet-4-5.md,mathvista,62.1
models/anthropic/claude-sonnet-4-5.md,mmlu_astronomy,77.8
models/anthropic/claude-sonnet-4-5.md,mmlu_biology,85.5
models/anthropic/claude-sonnet-4-5.md,mmlu_business_ethics,79.5
models/anthropic/claude-sonnet-4-5.md,mmlu_chemistry,79.8
models/anthropic/claude-sonnet-4-5.md,mmlu_clinical_knowledge,84.2
models/anthropic/claude-sonnet-4-5.md,mmlu_computer_science,86.2
models/anthropic/claude-sonnet-4-5.md,mmlu_jurisprudence,77.8
models/anthropic/claude-sonnet-4-5.md,mmlu_physics,82.5
models/anthropic/claude-sonnet-4-5.md,mmlu_pro,81.7
models/anthropic/claude-sonnet-4-5.md,mmlu_professional_accounting,69.8
models/anthropic/claude-sonnet-4-5.md,mmlu_professional_law,75.5
models/anthropic/claude-sonnet-4-5.md,mmmu,68.2
models/anthropic/claude-sonnet-4-5.md,mt_bench,9.2
models/anthropic/claude-sonnet-4-5.md,multipl_e,86.7
models/anthropic/claude-sonnet-4-5.md,multipl_e_cpp,85.8
models/anthropic/claude-sonnet-4-5.md,multipl_e_go,82.8
models/anthropic/claude-sonnet-4-5.md,multipl_e_java,89.1
models/anthropic/claude-sonnet-4-5.md,multipl_e_javascript,89.5
models/anthropic/claude-sonnet-4-5.md,multipl_e_python,93.2
models/anthropic/claude-sonnet-4-5.md,multipl_e_rust,78.5
models/anthropic/claude-sonnet-4-5.md,multipl_e_typescript,88.2
models/anthropic/claude-sonnet-4-5.md,swe_bench_agent,55.8
models/anthropic/claude-sonnet-4-5.md,swe_bench_verified,62.1
models/anthropic/claude-sonnet-4-5.md,tau_bench,61.5
models/anthropic/claude-sonnet-4-5.md,terminal_bench,48.2
models/anthropic/claude-sonnet-4-5.md,toxigen,94.5
models/anthropic/claude-sonnet-4-5.md,wildbench,78.2
models/anthropic/claude-sonnet-4-5.md,multipl_e_csharp,85.5
models/anthropic/claude-sonnet-4-5.md,multipl_e_php,82.2
models/anthropic/claude-sonnet-4-5.md,multipl_e_ruby,75.2
models/anthropic/claude-sonnet-4-5.md,multipl_e_swift,73.5
models/anthropic/claude-sonnet-4-5.md,multipl_e_r,65.2
models/anthropic/claude-sonnet-4-5.md,multipl_e_julia,67.5
models/anthropic/claude-sonnet-4-5.md,multipl_e_perl,58.8
models/anthropic/claude-sonnet-4-5.md,multipl_e_lua,62.1
models/anthropic/claude-sonnet-4-5.md,multipl_e_scala,68.5
models/anthropic/claude-sonnet-4-5.md,multipl_e_kotlin,79.8
models/anthropic/claude-sonnet-4-5.md,live_code_bench,59.0
models/anthropic/claude-sonnet-4-6.md,arena_elo_coding,1390.0
models/anthropic/claude-sonnet-4-6.md,arena_elo_hard_prompts,1498.7
models/anthropic/claude-sonnet-4-6.md,arena_elo_math,1370.0
models/anthropic/claude-sonnet-4-6.md,arena_elo_overall,1380.0
models/anthropic/claude-sonnet-4-6.md,arena_elo_style_control,1462.2
models/anthropic/claude-sonnet-4-6.md,arena_elo_vision,1271.1
models/anthropic/claude-sonnet-4-6.md,gpqa_diamond,74.1
models/anthropic/claude-sonnet-4-6.md,humaneval,91.5
models/anthropic/claude-sonnet-4-6.md,ifeval,90.4
models/anthropic/claude-sonnet-4-6.md,math_500,93.8
models/anthropic/claude-sonnet-4-6.md,mmlu_pro,83.0
models/anthropic/claude-sonnet-4-6.md,multipl_e_csharp,86.8
models/anthropic/claude-sonnet-4-6.md,multipl_e_julia,68.5
models/anthropic/claude-sonnet-4-6.md,multipl_e_kotlin,80.8
models/anthropic/claude-sonnet-4-6.md,multipl_e_lua,63.8
models/anthropic/claude-sonnet-4-6.md,multipl_e_perl,60.5
models/anthropic/claude-sonnet-4-6.md,multipl_e_php,83.5
models/anthropic/claude-sonnet-4-6.md,multipl_e_r,66.8
models/anthropic/claude-sonnet-4-6.md,multipl_e_ruby,76.5
models/anthropic/claude-sonnet-4-6.md,multipl_e_scala,70.2
models/anthropic/claude-sonnet-4-6.md,multipl_e_swift,74.8
models/anthropic/claude-sonnet-4-6.md,swe_bench_verified,65.3
models/anthropic/claude-sonnet-4-6.md,terminal_bench_2,59.1
models/baai/bge-base-en-v1-5.md,beir,50.2
models/baai/bge-base-en-v1-5.md,mteb_classification,68.5
models/baai/bge-base-en-v1-5.md,mteb_clustering,45.8
models/baai/bge-base-en-v1-5.md,mteb_overall,62.1
models/baai/bge-base-en-v1-5.md,mteb_retrieval,57.8
models/baai/bge-base-en-v1-5.md,mteb_reranking,54.8
models/baai/bge-base-en-v1-5.md,mteb_sts,80.5
models/baai/bge-base-en-v1-5.md,mteb_pair_classification,83.2
models/baai/bge-base-en-v1-5.md,mteb_summarization,28.8
models/baai/bge-base-en-v1-5.md,miracl,39.0
models/baai/bge-base-en.md,beir,49.0
models/baai/bge-base-en.md,mteb_classification,67.2
models/baai/bge-base-en.md,mteb_clustering,44.5
models/baai/bge-base-en.md,mteb_overall,60.8
models/baai/bge-base-en.md,mteb_retrieval,56.5
models/baai/bge-base-en.md,mteb_reranking,53.8
models/baai/bge-base-en.md,mteb_sts,79.5
models/baai/bge-base-en.md,mteb_pair_classification,82.5
models/baai/bge-base-en.md,mteb_summarization,28.0
models/baai/bge-base-en.md,miracl,37.5
models/baai/bge-base-zh-v1-5.md,mteb_classification,68.2
models/baai/bge-base-zh-v1-5.md,mteb_clustering,45.5
models/baai/bge-base-zh-v1-5.md,mteb_overall,62
models/baai/bge-base-zh-v1-5.md,mteb_retrieval,57.5
models/baai/bge-base-zh.md,mteb_classification,67.5
models/baai/bge-base-zh.md,mteb_clustering,44.8
models/baai/bge-base-zh.md,mteb_overall,61
models/baai/bge-base-zh.md,mteb_retrieval,56.8
models/baai/bge-code-v1.md,mteb_classification,66.8
models/baai/bge-code-v1.md,mteb_clustering,43.5
models/baai/bge-code-v1.md,mteb_overall,60.5
models/baai/bge-code-v1.md,mteb_retrieval,57.2
models/baai/bge-code-v1.md,mteb_reranking,53.0
models/baai/bge-code-v1.md,mteb_sts,78.5
models/baai/bge-code-v1.md,mteb_pair_classification,82.0
models/baai/bge-code-v1.md,mteb_summarization,27.5
models/baai/bge-large-en-v1-5.md,beir,52.1
models/baai/bge-large-en-v1-5.md,mteb_classification,70.3
models/baai/bge-large-en-v1-5.md,mteb_clustering,48.2
models/baai/bge-large-en-v1-5.md,mteb_overall,64.2
models/baai/bge-large-en-v1-5.md,mteb_retrieval,60.5
models/baai/bge-large-en-v1-5.md,mteb_reranking,56.5
models/baai/bge-large-en-v1-5.md,mteb_sts,82.5
models/baai/bge-large-en-v1-5.md,mteb_pair_classification,85.0
models/baai/bge-large-en-v1-5.md,mteb_summarization,30.0
models/baai/bge-large-en-v1-5.md,miracl,42.5
models/baai/bge-large-en.md,beir,51.0
models/baai/bge-large-en.md,mteb_classification,69.1
models/baai/bge-large-en.md,mteb_clustering,47.0
models/baai/bge-large-en.md,mteb_overall,63.0
models/baai/bge-large-en.md,mteb_retrieval,59.2
models/baai/bge-large-en.md,mteb_reranking,55.5
models/baai/bge-large-en.md,mteb_sts,81.5
models/baai/bge-large-en.md,mteb_pair_classification,84.0
models/baai/bge-large-en.md,mteb_summarization,29.2
models/baai/bge-large-en.md,miracl,41.0
models/baai/bge-large-zh-v1-5.md,mteb_classification,70.8
models/baai/bge-large-zh-v1-5.md,mteb_clustering,48.5
models/baai/bge-large-zh-v1-5.md,mteb_overall,64.5
models/baai/bge-large-zh-v1-5.md,mteb_retrieval,61
models/baai/bge-large-zh.md,mteb_classification,69.8
models/baai/bge-large-zh.md,mteb_clustering,47.5
models/baai/bge-large-zh.md,mteb_overall,63.5
models/baai/bge-large-zh.md,mteb_retrieval,60
models/baai/bge-m3.md,beir,54.8
models/baai/bge-m3.md,mteb_classification,72.1
models/baai/bge-m3.md,mteb_clustering,52.3
models/baai/bge-m3.md,mteb_overall,68.2
models/baai/bge-m3.md,mteb_retrieval,65.8
models/baai/bge-m3.md,mteb_reranking,57.5
models/baai/bge-m3.md,mteb_sts,82.0
models/baai/bge-m3.md,mteb_pair_classification,84.5
models/baai/bge-m3.md,mteb_summarization,29.8
models/baai/bge-m3.md,miracl,67.8
models/baai/bge-multilingual-gemma2.md,miracl,59.0
models/baai/bge-multilingual-gemma2.md,mteb_classification,71.2
models/baai/bge-multilingual-gemma2.md,mteb_clustering,50.5
models/baai/bge-multilingual-gemma2.md,mteb_overall,66.8
models/baai/bge-multilingual-gemma2.md,mteb_retrieval,63.5
models/baai/bge-multilingual-gemma2.md,mteb_reranking,58.0
models/baai/bge-multilingual-gemma2.md,mteb_sts,83.5
models/baai/bge-multilingual-gemma2.md,mteb_pair_classification,85.0
models/baai/bge-multilingual-gemma2.md,mteb_summarization,30.0
models/baai/bge-small-en-v1-5.md,beir,47.5
models/baai/bge-small-en-v1-5.md,mteb_classification,65.8
models/baai/bge-small-en-v1-5.md,mteb_clustering,42.1
models/baai/bge-small-en-v1-5.md,mteb_overall,59.3
models/baai/bge-small-en-v1-5.md,mteb_retrieval,54.2
models/baai/bge-small-en-v1-5.md,mteb_reranking,52.5
models/baai/bge-small-en-v1-5.md,mteb_sts,78.0
models/baai/bge-small-en-v1-5.md,mteb_pair_classification,81.0
models/baai/bge-small-en-v1-5.md,mteb_summarization,27.2
models/baai/bge-small-en-v1-5.md,miracl,35.5
models/baai/bge-small-en.md,beir,45.8
models/baai/bge-small-en.md,mteb_classification,64.0
models/baai/bge-small-en.md,mteb_clustering,40.5
models/baai/bge-small-en.md,mteb_overall,57.5
models/baai/bge-small-en.md,mteb_retrieval,52.0
models/baai/bge-small-en.md,mteb_reranking,51.5
models/baai/bge-small-en.md,mteb_sts,77.0
models/baai/bge-small-en.md,mteb_pair_classification,80.5
models/baai/bge-small-en.md,mteb_summarization,26.5
models/baai/bge-small-en.md,miracl,33.5
models/baai/bge-small-zh-v1-5.md,mteb_classification,65.5
models/baai/bge-small-zh-v1-5.md,mteb_clustering,42
models/baai/bge-small-zh-v1-5.md,mteb_overall,59
models/baai/bge-small-zh-v1-5.md,mteb_retrieval,54
models/baai/bge-small-zh.md,mteb_classification,64.8
models/baai/bge-small-zh.md,mteb_clustering,41.2
models/baai/bge-small-zh.md,mteb_overall,58.2
models/baai/bge-small-zh.md,mteb_retrieval,53
models/baai/infinity-instruct-3m-0625-llama3-8b.md,ifeval,60.5
models/baai/infinity-instruct-3m-0625-llama3-8b.md,bbh,49.5
models/baai/infinity-instruct-3m-0625-llama3-8b.md,math_lvl5,8.8
models/baai/infinity-instruct-3m-0625-llama3-8b.md,gpqa_pooled,27.5
models/baai/infinity-instruct-3m-0625-llama3-8b.md,musr,37.1
models/baai/infinity-instruct-3m-0625-llama3-8b.md,mmlu_pro,32.5
models/baai/infinity-instruct-3m-0625-yi-1-5-9b.md,ifeval,51.9
models/baai/infinity-instruct-3m-0625-yi-1-5-9b.md,bbh,55.1
models/baai/infinity-instruct-3m-0625-yi-1-5-9b.md,math_lvl5,16.4
models/baai/infinity-instruct-3m-0625-yi-1-5-9b.md,gpqa_pooled,35.4
models/baai/infinity-instruct-3m-0625-yi-1-5-9b.md,musr,45.8
models/baai/infinity-instruct-3m-0625-yi-1-5-9b.md,mmlu_pro,41.2
models/baai/infinity-instruct-7m-gen-llama3-1-8b.md,ifeval,61.3
models/baai/infinity-instruct-7m-gen-llama3-1-8b.md,bbh,50.8
models/baai/infinity-instruct-7m-gen-llama3-1-8b.md,math_lvl5,12.8
models/baai/infinity-instruct-7m-gen-llama3-1-8b.md,gpqa_pooled,29.3
models/baai/infinity-instruct-7m-gen-llama3-1-8b.md,musr,35.8
models/baai/infinity-instruct-7m-gen-llama3-1-8b.md,mmlu_pro,32.2
models/baichuan/baichuan-7b.md,gsm8k,2.8
models/baichuan/baichuan-7b.md,winogrande,66.8
models/cerebras/llama3-1-8b.md,ifeval,49.2
models/cerebras/llama3-1-8b.md,bbh,50.9
models/cerebras/llama3-1-8b.md,musr,39.7
models/cerebras/llama3-1-8b.md,mmlu_pro,38.0
models/cerebras/qwen-3-235b-a22b-instruct-2507.md,aider_polyglot,68.2
models/cerebras/qwen-3-235b-a22b-instruct-2507.md,alpaca_eval,44.5
models/cerebras/qwen-3-235b-a22b-instruct-2507.md,mmlu_astronomy,75.8
models/cerebras/qwen-3-235b-a22b-instruct-2507.md,mmlu_biology,83.8
models/cerebras/qwen-3-235b-a22b-instruct-2507.md,mmlu_business_ethics,76.5
models/cerebras/qwen-3-235b-a22b-instruct-2507.md,mmlu_chemistry,77.2
models/cerebras/qwen-3-235b-a22b-instruct-2507.md,mmlu_clinical_knowledge,82.2
models/cerebras/qwen-3-235b-a22b-instruct-2507.md,mmlu_computer_science,84.5
models/cerebras/qwen-3-235b-a22b-instruct-2507.md,mmlu_jurisprudence,73.8
models/cerebras/qwen-3-235b-a22b-instruct-2507.md,mmlu_physics,81.5
models/cerebras/qwen-3-235b-a22b-instruct-2507.md,mmlu_professional_accounting,67.5
models/cerebras/qwen-3-235b-a22b-instruct-2507.md,mmlu_professional_law,71.8
models/cerebras/qwen-3-235b-a22b-instruct-2507.md,mt_bench,8.9
models/cerebras/qwen-3-235b-a22b-instruct-2507.md,swe_bench_agent,45.5
models/cerebras/qwen-3-235b-a22b-instruct-2507.md,swe_bench_verified,52.1
models/cerebras/qwen-3-235b-a22b-instruct-2507.md,tau_bench,50.2
models/cerebras/qwen-3-235b-a22b-instruct-2507.md,wildbench,73.8
models/cohere/command-a-03-2025.md,arena_elo_coding,1260
models/cohere/command-a-03-2025.md,arena_elo_hard_prompts,1367.9
models/cohere/command-a-03-2025.md,arena_elo_math,1250
models/cohere/command-a-03-2025.md,arena_elo_overall,1270
models/cohere/command-a-03-2025.md,arena_elo_style_control,1353.4
models/cohere/command-a-03-2025.md,gpqa_diamond,48.2
models/cohere/command-a-03-2025.md,humaneval,78.5
models/cohere/command-a-03-2025.md,ifeval,78
models/cohere/command-a-03-2025.md,math_500,72.5
models/cohere/command-a-03-2025.md,mmlu_pro,63.8
models/cohere/command-a-reasoning-08-2025.md,arena_elo_coding,1260
models/cohere/command-a-reasoning-08-2025.md,arena_elo_math,1250
models/cohere/command-a-reasoning-08-2025.md,arena_elo_overall,1270
models/cohere/command-a-reasoning-08-2025.md,gpqa_diamond,48.2
models/cohere/command-a-reasoning-08-2025.md,humaneval,78.5
models/cohere/command-a-reasoning-08-2025.md,ifeval,78
models/cohere/command-a-reasoning-08-2025.md,math_500,72.5
models/cohere/command-a-reasoning-08-2025.md,mmlu_pro,63.8
models/cohere/command-a-vision-07-2025.md,chartqa,70.5
models/cohere/command-a-vision-07-2025.md,docvqa,81.2
models/cohere/command-a-vision-07-2025.md,mathvista,46.5
models/cohere/command-a-vision-07-2025.md,mmmu,52.1
models/cohere/command-a-vision-07-2025.md,medqa,73.3
models/cohere/command-r-08-2024.md,arena_elo_coding,1190
models/cohere/command-r-08-2024.md,arena_elo_hard_prompts,1254.6
models/cohere/command-r-08-2024.md,arena_elo_math,1180
models/cohere/command-r-08-2024.md,arena_elo_overall,1200
models/cohere/command-r-08-2024.md,arena_elo_style_control,1249.1
models/cohere/command-r-08-2024.md,bbh,38.5
models/cohere/command-r-08-2024.md,gpqa_diamond,35.2
models/cohere/command-r-08-2024.md,humaneval,65
models/cohere/command-r-08-2024.md,ifeval,70
models/cohere/command-r-08-2024.md,math_500,55.8
models/cohere/command-r-08-2024.md,mmlu_pro,50.2
models/cohere/command-r-08-2024.md,musr,12.5
models/cohere/command-r-plus-08-2024.md,alpaca_eval,35.2
models/cohere/command-r-plus-08-2024.md,arena_elo_coding,1220.0
models/cohere/command-r-plus-08-2024.md,arena_elo_hard_prompts,1259.3
models/cohere/command-r-plus-08-2024.md,arena_elo_math,1210.0
models/cohere/command-r-plus-08-2024.md,arena_elo_overall,1230.0
models/cohere/command-r-plus-08-2024.md,arena_elo_style_control,1275.5
models/cohere/command-r-plus-08-2024.md,bbh,47.3
models/cohere/command-r-plus-08-2024.md,bbq,79.2
models/cohere/command-r-plus-08-2024.md,gpqa_diamond,42.5
models/cohere/command-r-plus-08-2024.md,gsm8k,70.7
models/cohere/command-r-plus-08-2024.md,helm_safety,83.5
models/cohere/command-r-plus-08-2024.md,humaneval,72.5
models/cohere/command-r-plus-08-2024.md,ifeval,75.0
models/cohere/command-r-plus-08-2024.md,math_500,65.2
models/cohere/command-r-plus-08-2024.md,mmlu_pro,58.5
models/cohere/command-r-plus-08-2024.md,mt_bench,8.3
models/cohere/command-r-plus-08-2024.md,musr,17.3
models/cohere/command-r-plus-08-2024.md,toxigen,87.5
models/cohere/command-r-plus-08-2024.md,wildbench,60.5
models/deepseek/deepseek-coder-1-3b-instruct.md,arc_challenge,28.6
models/deepseek/deepseek-coder-1-3b-instruct.md,gsm8k,1.1
models/deepseek/deepseek-coder-1-3b-instruct.md,hellaswag,39.9
models/deepseek/deepseek-coder-1-3b-instruct.md,truthfulqa,44.0
models/deepseek/deepseek-coder-1-3b-instruct.md,winogrande,52.4
models/deepseek/deepseek-coder-1-3b-instruct.md,mmlu_abstract_algebra,28.0
models/deepseek/deepseek-coder-1-3b-instruct.md,mmlu_anatomy,29.6
models/deepseek/deepseek-coder-1-3b-instruct.md,mmlu_astronomy,19.7
models/deepseek/deepseek-coder-1-3b-instruct.md,mmlu_business_ethics,29.0
models/deepseek/deepseek-coder-1-3b-instruct.md,mmlu_clinical_knowledge,30.2
models/deepseek/deepseek-coder-1-3b-instruct.md,mmlu_college_biology,25.7
models/deepseek/deepseek-coder-1-3b-instruct.md,mmlu_college_chemistry,25.0
models/deepseek/deepseek-coder-1-3b-instruct.md,mmlu_college_computer_science,29.0
models/deepseek/deepseek-coder-1-3b-instruct.md,mmlu_college_mathematics,23.0
models/deepseek/deepseek-coder-1-3b-instruct.md,mmlu_college_medicine,24.3
models/deepseek/deepseek-coder-1-3b-instruct.md,mmlu_college_physics,25.5
models/deepseek/deepseek-coder-1-3b-instruct.md,mmlu_computer_security,37.0
models/deepseek/deepseek-coder-1-3b-instruct.md,mmlu_conceptual_physics,31.1
models/deepseek/deepseek-coder-1-3b-instruct.md,mmlu_econometrics,24.6
models/deepseek/deepseek-coder-1-3b-instruct.md,mmlu_electrical_engineering,38.6
models/deepseek/deepseek-coder-1-3b-instruct.md,mmlu_elementary_mathematics,25.9
models/deepseek/deepseek-coder-1-3b-instruct.md,mmlu_formal_logic,21.4
models/deepseek/deepseek-coder-1-3b-instruct.md,mmlu_global_facts,27.0
models/deepseek/deepseek-coder-1-3b-instruct.md,mmlu_high_school_biology,28.1
models/deepseek/deepseek-coder-1-3b-instruct.md,mmlu_high_school_chemistry,27.6
models/deepseek/deepseek-coder-1-3b-instruct.md,mmlu_high_school_computer_science,33.0
models/deepseek/deepseek-coder-1-3b-instruct.md,mmlu_high_school_european_history,29.1
models/deepseek/deepseek-coder-1-3b-instruct.md,mmlu_high_school_geography,35.9
models/deepseek/deepseek-coder-1-3b-instruct.md,mmlu_high_school_government_and_politics,32.6
models/deepseek/deepseek-coder-1-3b-instruct.md,mmlu_high_school_macroeconomics,26.9
models/deepseek/deepseek-coder-1-3b-instruct.md,mmlu_high_school_mathematics,24.4
models/deepseek/deepseek-coder-1-3b-instruct.md,mmlu_high_school_microeconomics,26.1
models/deepseek/deepseek-coder-1-3b-instruct.md,mmlu_high_school_physics,30.5
models/deepseek/deepseek-coder-1-3b-instruct.md,mmlu_high_school_psychology,31.7
models/deepseek/deepseek-coder-1-3b-instruct.md,mmlu_high_school_statistics,25.5
models/deepseek/deepseek-coder-1-3b-instruct.md,mmlu_high_school_us_history,25.5
models/deepseek/deepseek-coder-1-3b-instruct.md,mmlu_high_school_world_history,30.8
models/deepseek/deepseek-coder-1-3b-instruct.md,mmlu_human_aging,14.8
models/deepseek/deepseek-coder-1-3b-instruct.md,mmlu_human_sexuality,35.1
models/deepseek/deepseek-coder-1-3b-instruct.md,mmlu_international_law,28.9
models/deepseek/deepseek-coder-1-3b-instruct.md,mmlu_jurisprudence,25.0
models/deepseek/deepseek-coder-1-3b-instruct.md,mmlu_logical_fallacies,28.8
models/deepseek/deepseek-coder-1-3b-instruct.md,mmlu_machine_learning,32.1
models/deepseek/deepseek-coder-1-3b-instruct.md,mmlu_management,37.9
models/deepseek/deepseek-coder-1-3b-instruct.md,mmlu_marketing,33.3
models/deepseek/deepseek-coder-1-3b-instruct.md,mmlu_medical_genetics,21.0
models/deepseek/deepseek-coder-1-3b-instruct.md,mmlu_miscellaneous,29.2
models/deepseek/deepseek-coder-1-3b-instruct.md,mmlu_moral_disputes,28.0
models/deepseek/deepseek-coder-1-3b-instruct.md,mmlu_moral_scenarios,27.3
models/deepseek/deepseek-coder-1-3b-instruct.md,mmlu_nutrition,30.4
models/deepseek/deepseek-coder-1-3b-instruct.md,mmlu_philosophy,29.3
models/deepseek/deepseek-coder-1-3b-instruct.md,mmlu_prehistory,28.7
models/deepseek/deepseek-coder-1-3b-instruct.md,mmlu_professional_accounting,24.5
models/deepseek/deepseek-coder-1-3b-instruct.md,mmlu_professional_law,29.0
models/deepseek/deepseek-coder-1-3b-instruct.md,mmlu_professional_medicine,41.5
models/deepseek/deepseek-coder-1-3b-instruct.md,mmlu_professional_psychology,24.2
models/deepseek/deepseek-coder-1-3b-instruct.md,mmlu_public_relations,33.6
models/deepseek/deepseek-coder-1-3b-instruct.md,mmlu_security_studies,25.3
models/deepseek/deepseek-coder-1-3b-instruct.md,mmlu_sociology,33.8
models/deepseek/deepseek-coder-1-3b-instruct.md,mmlu_us_foreign_policy,32.0
models/deepseek/deepseek-coder-1-3b-instruct.md,mmlu_virology,25.3
models/deepseek/deepseek-coder-1-3b-instruct.md,mmlu_world_religions,21.6
models/deepseek/deepseek-coder-6-7b-base.md,arc_challenge,37.0
models/deepseek/deepseek-coder-6-7b-base.md,gsm8k,18.0
models/deepseek/deepseek-coder-6-7b-base.md,hellaswag,53.5
models/deepseek/deepseek-coder-6-7b-base.md,truthfulqa,40.3
models/deepseek/deepseek-coder-6-7b-base.md,winogrande,58.1
models/deepseek/deepseek-coder-6-7b-base.md,mmlu_abstract_algebra,33.0
models/deepseek/deepseek-coder-6-7b-base.md,mmlu_anatomy,40.0
models/deepseek/deepseek-coder-6-7b-base.md,mmlu_astronomy,35.5
models/deepseek/deepseek-coder-6-7b-base.md,mmlu_business_ethics,40.0
models/deepseek/deepseek-coder-6-7b-base.md,mmlu_clinical_knowledge,41.1
models/deepseek/deepseek-coder-6-7b-base.md,mmlu_college_biology,30.6
models/deepseek/deepseek-coder-6-7b-base.md,mmlu_college_chemistry,39.0
models/deepseek/deepseek-coder-6-7b-base.md,mmlu_college_computer_science,43.0
models/deepseek/deepseek-coder-6-7b-base.md,mmlu_college_mathematics,32.0
models/deepseek/deepseek-coder-6-7b-base.md,mmlu_college_medicine,34.7
models/deepseek/deepseek-coder-6-7b-base.md,mmlu_college_physics,25.5
models/deepseek/deepseek-coder-6-7b-base.md,mmlu_computer_security,62.0
models/deepseek/deepseek-coder-6-7b-base.md,mmlu_conceptual_physics,35.3
models/deepseek/deepseek-coder-6-7b-base.md,mmlu_econometrics,29.8
models/deepseek/deepseek-coder-6-7b-base.md,mmlu_electrical_engineering,45.5
models/deepseek/deepseek-coder-6-7b-base.md,mmlu_elementary_mathematics,31.2
models/deepseek/deepseek-coder-6-7b-base.md,mmlu_formal_logic,29.4
models/deepseek/deepseek-coder-6-7b-base.md,mmlu_global_facts,28.0
models/deepseek/deepseek-coder-6-7b-base.md,mmlu_high_school_biology,36.5
models/deepseek/deepseek-coder-6-7b-base.md,mmlu_high_school_chemistry,29.6
models/deepseek/deepseek-coder-6-7b-base.md,mmlu_high_school_computer_science,52.0
models/deepseek/deepseek-coder-6-7b-base.md,mmlu_high_school_european_history,37.0
models/deepseek/deepseek-coder-6-7b-base.md,mmlu_high_school_geography,40.4
models/deepseek/deepseek-coder-6-7b-base.md,mmlu_high_school_government_and_politics,42.5
models/deepseek/deepseek-coder-6-7b-base.md,mmlu_high_school_macroeconomics,34.6
models/deepseek/deepseek-coder-6-7b-base.md,mmlu_high_school_mathematics,28.9
models/deepseek/deepseek-coder-6-7b-base.md,mmlu_high_school_microeconomics,36.1
models/deepseek/deepseek-coder-6-7b-base.md,mmlu_high_school_physics,27.8
models/deepseek/deepseek-coder-6-7b-base.md,mmlu_high_school_psychology,38.5
models/deepseek/deepseek-coder-6-7b-base.md,mmlu_high_school_statistics,37.0
models/deepseek/deepseek-coder-6-7b-base.md,mmlu_high_school_us_history,34.8
models/deepseek/deepseek-coder-6-7b-base.md,mmlu_high_school_world_history,32.1
models/deepseek/deepseek-coder-6-7b-base.md,mmlu_human_aging,38.1
models/deepseek/deepseek-coder-6-7b-base.md,mmlu_human_sexuality,46.6
models/deepseek/deepseek-coder-6-7b-base.md,mmlu_international_law,52.9
models/deepseek/deepseek-coder-6-7b-base.md,mmlu_jurisprudence,34.3
models/deepseek/deepseek-coder-6-7b-base.md,mmlu_logical_fallacies,42.3
models/deepseek/deepseek-coder-6-7b-base.md,mmlu_machine_learning,27.7
models/deepseek/deepseek-coder-6-7b-base.md,mmlu_management,42.7
models/deepseek/deepseek-coder-6-7b-base.md,mmlu_marketing,63.7
models/deepseek/deepseek-coder-6-7b-base.md,mmlu_medical_genetics,47.0
models/deepseek/deepseek-coder-6-7b-base.md,mmlu_miscellaneous,40.2
models/deepseek/deepseek-coder-6-7b-base.md,mmlu_moral_disputes,40.5
models/deepseek/deepseek-coder-6-7b-base.md,mmlu_moral_scenarios,28.9
models/deepseek/deepseek-coder-6-7b-base.md,mmlu_nutrition,40.2
models/deepseek/deepseek-coder-6-7b-base.md,mmlu_philosophy,44.1
models/deepseek/deepseek-coder-6-7b-base.md,mmlu_prehistory,28.1
models/deepseek/deepseek-coder-6-7b-base.md,mmlu_professional_accounting,34.8
models/deepseek/deepseek-coder-6-7b-base.md,mmlu_professional_law,28.8
models/deepseek/deepseek-coder-6-7b-base.md,mmlu_professional_medicine,44.9
models/deepseek/deepseek-coder-6-7b-base.md,mmlu_professional_psychology,31.7
models/deepseek/deepseek-coder-6-7b-base.md,mmlu_public_relations,50.9
models/deepseek/deepseek-coder-6-7b-base.md,mmlu_security_studies,42.9
models/deepseek/deepseek-coder-6-7b-base.md,mmlu_sociology,45.3
models/deepseek/deepseek-coder-6-7b-base.md,mmlu_us_foreign_policy,49.0
models/deepseek/deepseek-coder-6-7b-base.md,mmlu_virology,41.0
models/deepseek/deepseek-coder-6-7b-base.md,mmlu_world_religions,38.6
models/deepseek/deepseek-coder-6-7b-instruct.md,arc_challenge,38.1
models/deepseek/deepseek-coder-6-7b-instruct.md,gsm8k,26.8
models/deepseek/deepseek-coder-6-7b-instruct.md,hellaswag,55.1
models/deepseek/deepseek-coder-6-7b-instruct.md,truthfulqa,45.6
models/deepseek/deepseek-coder-6-7b-instruct.md,winogrande,56.8
models/deepseek/deepseek-coder-6-7b-instruct.md,mmlu_abstract_algebra,33.0
models/deepseek/deepseek-coder-6-7b-instruct.md,mmlu_anatomy,34.8
models/deepseek/deepseek-coder-6-7b-instruct.md,mmlu_astronomy,33.6
models/deepseek/deepseek-coder-6-7b-instruct.md,mmlu_business_ethics,42.0
models/deepseek/deepseek-coder-6-7b-instruct.md,mmlu_clinical_knowledge,41.1
models/deepseek/deepseek-coder-6-7b-instruct.md,mmlu_college_biology,33.3
models/deepseek/deepseek-coder-6-7b-instruct.md,mmlu_college_chemistry,36.0
models/deepseek/deepseek-coder-6-7b-instruct.md,mmlu_college_computer_science,43.0
models/deepseek/deepseek-coder-6-7b-instruct.md,mmlu_college_mathematics,34.0
models/deepseek/deepseek-coder-6-7b-instruct.md,mmlu_college_medicine,33.5
models/deepseek/deepseek-coder-6-7b-instruct.md,mmlu_college_physics,23.5
models/deepseek/deepseek-coder-6-7b-instruct.md,mmlu_computer_security,61.0
models/deepseek/deepseek-coder-6-7b-instruct.md,mmlu_conceptual_physics,34.9
models/deepseek/deepseek-coder-6-7b-instruct.md,mmlu_econometrics,30.7
models/deepseek/deepseek-coder-6-7b-instruct.md,mmlu_electrical_engineering,44.1
models/deepseek/deepseek-coder-6-7b-instruct.md,mmlu_elementary_mathematics,34.1
models/deepseek/deepseek-coder-6-7b-instruct.md,mmlu_formal_logic,36.5
models/deepseek/deepseek-coder-6-7b-instruct.md,mmlu_global_facts,33.0
models/deepseek/deepseek-coder-6-7b-instruct.md,mmlu_high_school_biology,41.9
models/deepseek/deepseek-coder-6-7b-instruct.md,mmlu_high_school_chemistry,32.5
models/deepseek/deepseek-coder-6-7b-instruct.md,mmlu_high_school_computer_science,56.0
models/deepseek/deepseek-coder-6-7b-instruct.md,mmlu_high_school_european_history,37.6
models/deepseek/deepseek-coder-6-7b-instruct.md,mmlu_high_school_geography,42.4
models/deepseek/deepseek-coder-6-7b-instruct.md,mmlu_high_school_government_and_politics,43.0
models/deepseek/deepseek-coder-6-7b-instruct.md,mmlu_high_school_macroeconomics,35.6
models/deepseek/deepseek-coder-6-7b-instruct.md,mmlu_high_school_mathematics,27.8
models/deepseek/deepseek-coder-6-7b-instruct.md,mmlu_high_school_microeconomics,41.2
models/deepseek/deepseek-coder-6-7b-instruct.md,mmlu_high_school_physics,33.1
models/deepseek/deepseek-coder-6-7b-instruct.md,mmlu_high_school_psychology,41.7
models/deepseek/deepseek-coder-6-7b-instruct.md,mmlu_high_school_statistics,36.6
models/deepseek/deepseek-coder-6-7b-instruct.md,mmlu_high_school_us_history,39.7
models/deepseek/deepseek-coder-6-7b-instruct.md,mmlu_high_school_world_history,37.6
models/deepseek/deepseek-coder-6-7b-instruct.md,mmlu_human_aging,39.0
models/deepseek/deepseek-coder-6-7b-instruct.md,mmlu_human_sexuality,42.0
models/deepseek/deepseek-coder-6-7b-instruct.md,mmlu_international_law,45.5
models/deepseek/deepseek-coder-6-7b-instruct.md,mmlu_jurisprudence,37.0
models/deepseek/deepseek-coder-6-7b-instruct.md,mmlu_logical_fallacies,46.0
models/deepseek/deepseek-coder-6-7b-instruct.md,mmlu_machine_learning,33.0
models/deepseek/deepseek-coder-6-7b-instruct.md,mmlu_management,38.8
models/deepseek/deepseek-coder-6-7b-instruct.md,mmlu_marketing,65.4
models/deepseek/deepseek-coder-6-7b-instruct.md,mmlu_medical_genetics,41.0
models/deepseek/deepseek-coder-6-7b-instruct.md,mmlu_miscellaneous,43.7
models/deepseek/deepseek-coder-6-7b-instruct.md,mmlu_moral_disputes,41.9
models/deepseek/deepseek-coder-6-7b-instruct.md,mmlu_moral_scenarios,25.8
models/deepseek/deepseek-coder-6-7b-instruct.md,mmlu_nutrition,39.2
models/deepseek/deepseek-coder-6-7b-instruct.md,mmlu_philosophy,42.8
models/deepseek/deepseek-coder-6-7b-instruct.md,mmlu_prehistory,36.4
models/deepseek/deepseek-coder-6-7b-instruct.md,mmlu_professional_accounting,31.9
models/deepseek/deepseek-coder-6-7b-instruct.md,mmlu_professional_law,28.4
models/deepseek/deepseek-coder-6-7b-instruct.md,mmlu_professional_medicine,34.9
models/deepseek/deepseek-coder-6-7b-instruct.md,mmlu_professional_psychology,35.1
models/deepseek/deepseek-coder-6-7b-instruct.md,mmlu_public_relations,52.7
models/deepseek/deepseek-coder-6-7b-instruct.md,mmlu_security_studies,45.3
models/deepseek/deepseek-coder-6-7b-instruct.md,mmlu_sociology,42.8
models/deepseek/deepseek-coder-6-7b-instruct.md,mmlu_us_foreign_policy,54.0
models/deepseek/deepseek-coder-6-7b-instruct.md,mmlu_virology,37.3
models/deepseek/deepseek-coder-6-7b-instruct.md,mmlu_world_religions,35.1
models/deepseek/deepseek-llm-7b-base.md,arc_challenge,55.7
models/deepseek/deepseek-llm-7b-base.md,gsm8k,45.9
models/deepseek/deepseek-llm-7b-base.md,hellaswag,79.4
models/deepseek/deepseek-llm-7b-base.md,truthfulqa,47.9
models/deepseek/deepseek-llm-7b-base.md,winogrande,74.9
models/deepseek/deepseek-llm-7b-base.md,mmlu_abstract_algebra,25.0
models/deepseek/deepseek-llm-7b-base.md,mmlu_anatomy,45.9
models/deepseek/deepseek-llm-7b-base.md,mmlu_astronomy,52.6
models/deepseek/deepseek-llm-7b-base.md,mmlu_business_ethics,55.0
models/deepseek/deepseek-llm-7b-base.md,mmlu_clinical_knowledge,53.2
models/deepseek/deepseek-llm-7b-base.md,mmlu_college_biology,50.0
models/deepseek/deepseek-llm-7b-base.md,mmlu_college_chemistry,37.0
models/deepseek/deepseek-llm-7b-base.md,mmlu_college_computer_science,46.0
models/deepseek/deepseek-llm-7b-base.md,mmlu_college_mathematics,31.0
models/deepseek/deepseek-llm-7b-base.md,mmlu_college_medicine,49.1
models/deepseek/deepseek-llm-7b-base.md,mmlu_college_physics,29.4
models/deepseek/deepseek-llm-7b-base.md,mmlu_computer_security,62.0
models/deepseek/deepseek-llm-7b-base.md,mmlu_conceptual_physics,43.4
models/deepseek/deepseek-llm-7b-base.md,mmlu_econometrics,27.2
models/deepseek/deepseek-llm-7b-base.md,mmlu_electrical_engineering,45.5
models/deepseek/deepseek-llm-7b-base.md,mmlu_elementary_mathematics,31.2
models/deepseek/deepseek-llm-7b-base.md,mmlu_formal_logic,33.3
models/deepseek/deepseek-llm-7b-base.md,mmlu_global_facts,25.0
models/deepseek/deepseek-llm-7b-base.md,mmlu_high_school_biology,57.1
models/deepseek/deepseek-llm-7b-base.md,mmlu_high_school_chemistry,35.0
models/deepseek/deepseek-llm-7b-base.md,mmlu_high_school_computer_science,47.0
models/deepseek/deepseek-llm-7b-base.md,mmlu_high_school_european_history,67.9
models/deepseek/deepseek-llm-7b-base.md,mmlu_high_school_geography,67.2
models/deepseek/deepseek-llm-7b-base.md,mmlu_high_school_government_and_politics,71.5
models/deepseek/deepseek-llm-7b-base.md,mmlu_high_school_macroeconomics,46.7
models/deepseek/deepseek-llm-7b-base.md,mmlu_high_school_mathematics,30.0
models/deepseek/deepseek-llm-7b-base.md,mmlu_high_school_microeconomics,47.5
models/deepseek/deepseek-llm-7b-base.md,mmlu_high_school_physics,29.1
models/deepseek/deepseek-llm-7b-base.md,mmlu_high_school_psychology,71.2
models/deepseek/deepseek-llm-7b-base.md,mmlu_high_school_statistics,43.5
models/deepseek/deepseek-llm-7b-base.md,mmlu_high_school_us_history,71.1
models/deepseek/deepseek-llm-7b-base.md,mmlu_high_school_world_history,72.6
models/deepseek/deepseek-llm-7b-base.md,mmlu_human_aging,57.4
models/deepseek/deepseek-llm-7b-base.md,mmlu_human_sexuality,55.7
models/deepseek/deepseek-llm-7b-base.md,mmlu_international_law,66.1
models/deepseek/deepseek-llm-7b-base.md,mmlu_jurisprudence,63.0
models/deepseek/deepseek-llm-7b-base.md,mmlu_logical_fallacies,60.7
models/deepseek/deepseek-llm-7b-base.md,mmlu_machine_learning,41.1
models/deepseek/deepseek-llm-7b-base.md,mmlu_management,65.0
models/deepseek/deepseek-llm-7b-base.md,mmlu_marketing,82.1
models/deepseek/deepseek-llm-7b-base.md,mmlu_medical_genetics,60.0
models/deepseek/deepseek-llm-7b-base.md,mmlu_miscellaneous,73.1
models/deepseek/deepseek-llm-7b-base.md,mmlu_moral_disputes,59.0
models/deepseek/deepseek-llm-7b-base.md,mmlu_moral_scenarios,30.6
models/deepseek/deepseek-llm-7b-base.md,mmlu_nutrition,52.3
models/deepseek/deepseek-llm-7b-base.md,mmlu_philosophy,55.6
models/deepseek/deepseek-llm-7b-base.md,mmlu_prehistory,56.5
models/deepseek/deepseek-llm-7b-base.md,mmlu_professional_accounting,36.5
models/deepseek/deepseek-llm-7b-base.md,mmlu_professional_law,40.7
models/deepseek/deepseek-llm-7b-base.md,mmlu_professional_medicine,46.7
models/deepseek/deepseek-llm-7b-base.md,mmlu_professional_psychology,52.0
models/deepseek/deepseek-llm-7b-base.md,mmlu_public_relations,59.1
models/deepseek/deepseek-llm-7b-base.md,mmlu_security_studies,62.9
models/deepseek/deepseek-llm-7b-base.md,mmlu_sociology,70.1
models/deepseek/deepseek-llm-7b-base.md,mmlu_us_foreign_policy,82.0
models/deepseek/deepseek-llm-7b-base.md,mmlu_virology,47.6
models/deepseek/deepseek-llm-7b-base.md,mmlu_world_religions,76.0
models/deepseek/deepseek-llm-7b-base.md,ifeval,21.8
models/deepseek/deepseek-llm-7b-base.md,bbh,35.0
models/deepseek/deepseek-llm-7b-base.md,math_lvl5,2.0
models/deepseek/deepseek-llm-7b-base.md,gpqa_pooled,27.3
models/deepseek/deepseek-llm-7b-base.md,musr,37.4
models/deepseek/deepseek-llm-7b-base.md,mmlu_pro,18.1
models/deepseek/deepseek-llm-7b-chat.md,arc_challenge,55.7
models/deepseek/deepseek-llm-7b-chat.md,gsm8k,45.9
models/deepseek/deepseek-llm-7b-chat.md,hellaswag,79.4
models/deepseek/deepseek-llm-7b-chat.md,truthfulqa,47.9
models/deepseek/deepseek-llm-7b-chat.md,winogrande,74.9
models/deepseek/deepseek-llm-7b-chat.md,mmlu_abstract_algebra,25.0
models/deepseek/deepseek-llm-7b-chat.md,mmlu_anatomy,45.9
models/deepseek/deepseek-llm-7b-chat.md,mmlu_astronomy,52.6
models/deepseek/deepseek-llm-7b-chat.md,mmlu_business_ethics,55.0
models/deepseek/deepseek-llm-7b-chat.md,mmlu_clinical_knowledge,53.2
models/deepseek/deepseek-llm-7b-chat.md,mmlu_college_biology,50.0
models/deepseek/deepseek-llm-7b-chat.md,mmlu_college_chemistry,37.0
models/deepseek/deepseek-llm-7b-chat.md,mmlu_college_computer_science,46.0
models/deepseek/deepseek-llm-7b-chat.md,mmlu_college_mathematics,31.0
models/deepseek/deepseek-llm-7b-chat.md,mmlu_college_medicine,49.1
models/deepseek/deepseek-llm-7b-chat.md,mmlu_college_physics,29.4
models/deepseek/deepseek-llm-7b-chat.md,mmlu_computer_security,62.0
models/deepseek/deepseek-llm-7b-chat.md,mmlu_conceptual_physics,43.4
models/deepseek/deepseek-llm-7b-chat.md,mmlu_econometrics,27.2
models/deepseek/deepseek-llm-7b-chat.md,mmlu_electrical_engineering,45.5
models/deepseek/deepseek-llm-7b-chat.md,mmlu_elementary_mathematics,31.2
models/deepseek/deepseek-llm-7b-chat.md,mmlu_formal_logic,33.3
models/deepseek/deepseek-llm-7b-chat.md,mmlu_global_facts,25.0
models/deepseek/deepseek-llm-7b-chat.md,mmlu_high_school_biology,57.1
models/deepseek/deepseek-llm-7b-chat.md,mmlu_high_school_chemistry,35.0
models/deepseek/deepseek-llm-7b-chat.md,mmlu_high_school_computer_science,47.0
models/deepseek/deepseek-llm-7b-chat.md,mmlu_high_school_european_history,67.9
models/deepseek/deepseek-llm-7b-chat.md,mmlu_high_school_geography,67.2
models/deepseek/deepseek-llm-7b-chat.md,mmlu_high_school_government_and_politics,71.5
models/deepseek/deepseek-llm-7b-chat.md,mmlu_high_school_macroeconomics,46.7
models/deepseek/deepseek-llm-7b-chat.md,mmlu_high_school_mathematics,30.0
models/deepseek/deepseek-llm-7b-chat.md,mmlu_high_school_microeconomics,47.5
models/deepseek/deepseek-llm-7b-chat.md,mmlu_high_school_physics,29.1
models/deepseek/deepseek-llm-7b-chat.md,mmlu_high_school_psychology,71.2
models/deepseek/deepseek-llm-7b-chat.md,mmlu_high_school_statistics,43.5
models/deepseek/deepseek-llm-7b-chat.md,mmlu_high_school_us_history,71.1
models/deepseek/deepseek-llm-7b-chat.md,mmlu_high_school_world_history,72.6
models/deepseek/deepseek-llm-7b-chat.md,mmlu_human_aging,57.4
models/deepseek/deepseek-llm-7b-chat.md,mmlu_human_sexuality,55.7
models/deepseek/deepseek-llm-7b-chat.md,mmlu_international_law,66.1
models/deepseek/deepseek-llm-7b-chat.md,mmlu_jurisprudence,63.0
models/deepseek/deepseek-llm-7b-chat.md,mmlu_logical_fallacies,60.7
models/deepseek/deepseek-llm-7b-chat.md,mmlu_machine_learning,41.1
models/deepseek/deepseek-llm-7b-chat.md,mmlu_management,65.0
models/deepseek/deepseek-llm-7b-chat.md,mmlu_marketing,82.1
models/deepseek/deepseek-llm-7b-chat.md,mmlu_medical_genetics,60.0
models/deepseek/deepseek-llm-7b-chat.md,mmlu_miscellaneous,73.1
models/deepseek/deepseek-llm-7b-chat.md,mmlu_moral_disputes,59.0
models/deepseek/deepseek-llm-7b-chat.md,mmlu_moral_scenarios,30.6
models/deepseek/deepseek-llm-7b-chat.md,mmlu_nutrition,52.3
models/deepseek/deepseek-llm-7b-chat.md,mmlu_philosophy,55.6
models/deepseek/deepseek-llm-7b-chat.md,mmlu_prehistory,56.5
models/deepseek/deepseek-llm-7b-chat.md,mmlu_professional_accounting,36.5
models/deepseek/deepseek-llm-7b-chat.md,mmlu_professional_law,40.7
models/deepseek/deepseek-llm-7b-chat.md,mmlu_professional_medicine,46.7
models/deepseek/deepseek-llm-7b-chat.md,mmlu_professional_psychology,52.0
models/deepseek/deepseek-llm-7b-chat.md,mmlu_public_relations,59.1
models/deepseek/deepseek-llm-7b-chat.md,mmlu_security_studies,62.9
models/deepseek/deepseek-llm-7b-chat.md,mmlu_sociology,70.1
models/deepseek/deepseek-llm-7b-chat.md,mmlu_us_foreign_policy,82.0
models/deepseek/deepseek-llm-7b-chat.md,mmlu_virology,47.6
models/deepseek/deepseek-llm-7b-chat.md,mmlu_world_religions,76.0
models/deepseek/deepseek-llm-7b-chat.md,ifeval,41.7
models/deepseek/deepseek-llm-7b-chat.md,bbh,36.3
models/deepseek/deepseek-llm-7b-chat.md,math_lvl5,2.0
models/deepseek/deepseek-llm-7b-chat.md,gpqa_pooled,26.6
models/deepseek/deepseek-llm-7b-chat.md,musr,46.7
models/deepseek/deepseek-llm-7b-chat.md,mmlu_pro,21.3
models/deepseek/deepseek-moe-16b-base.md,ifeval,24.5
models/deepseek/deepseek-moe-16b-base.md,bbh,34.1
models/deepseek/deepseek-moe-16b-base.md,math_lvl5,2.4
models/deepseek/deepseek-moe-16b-base.md,gpqa_pooled,25.4
models/deepseek/deepseek-moe-16b-base.md,musr,36.6
models/deepseek/deepseek-moe-16b-base.md,mmlu_pro,15.1
models/deepseek/deepseek-r1-0528.md,arena_elo_hard_prompts,1433.6
models/deepseek/deepseek-r1-0528.md,arena_elo_style_control,1421.7
models/deepseek/deepseek-r1-distill-llama-70b.md,bbh,57.2
models/deepseek/deepseek-r1-distill-llama-70b.md,gpqa_diamond,55.2
models/deepseek/deepseek-r1-distill-llama-70b.md,humaneval,80.5
models/deepseek/deepseek-r1-distill-llama-70b.md,ifeval,78.0
models/deepseek/deepseek-r1-distill-llama-70b.md,math_500,88.5
models/deepseek/deepseek-r1-distill-llama-70b.md,mmlu_pro,68.3
models/deepseek/deepseek-r1-distill-llama-70b.md,musr,25.8
models/deepseek/deepseek-r1-distill-llama-70b.md,live_code_bench,57.5
models/deepseek/deepseek-r1-distill-llama-8b.md,bbh,39.8
models/deepseek/deepseek-r1-distill-llama-8b.md,gpqa_diamond,36.2
models/deepseek/deepseek-r1-distill-llama-8b.md,humaneval,62.5
models/deepseek/deepseek-r1-distill-llama-8b.md,ifeval,64
models/deepseek/deepseek-r1-distill-llama-8b.md,math_500,72.1
models/deepseek/deepseek-r1-distill-llama-8b.md,mmlu_pro,48.5
models/deepseek/deepseek-r1-distill-llama-8b.md,musr,14.1
models/deepseek/deepseek-r1-distill-qwen-1-5b.md,ifeval,34.6
models/deepseek/deepseek-r1-distill-qwen-1-5b.md,bbh,32.4
models/deepseek/deepseek-r1-distill-qwen-1-5b.md,math_lvl5,16.9
models/deepseek/deepseek-r1-distill-qwen-1-5b.md,gpqa_pooled,25.6
models/deepseek/deepseek-r1-distill-qwen-1-5b.md,musr,36.3
models/deepseek/deepseek-r1-distill-qwen-1-5b.md,mmlu_pro,11.9
models/deepseek/deepseek-r1-distill-qwen-14b.md,bbh,43.5
models/deepseek/deepseek-r1-distill-qwen-14b.md,gpqa_diamond,45.3
models/deepseek/deepseek-r1-distill-qwen-14b.md,humaneval,72.5
models/deepseek/deepseek-r1-distill-qwen-14b.md,ifeval,72.0
models/deepseek/deepseek-r1-distill-qwen-14b.md,math_500,82.1
models/deepseek/deepseek-r1-distill-qwen-14b.md,mmlu_pro,58.8
models/deepseek/deepseek-r1-distill-qwen-14b.md,musr,16.5
models/deepseek/deepseek-r1-distill-qwen-14b.md,live_code_bench,53.1
models/deepseek/deepseek-r1-distill-qwen-32b.md,bbh,50.1
models/deepseek/deepseek-r1-distill-qwen-32b.md,gpqa_diamond,52.8
models/deepseek/deepseek-r1-distill-qwen-32b.md,humaneval,78.2
models/deepseek/deepseek-r1-distill-qwen-32b.md,ifeval,76.0
models/deepseek/deepseek-r1-distill-qwen-32b.md,math_500,86.2
models/deepseek/deepseek-r1-distill-qwen-32b.md,mmlu_pro,65.5
models/deepseek/deepseek-r1-distill-qwen-32b.md,musr,20.8
models/deepseek/deepseek-r1-distill-qwen-32b.md,live_code_bench,57.2
models/deepseek/deepseek-r1-distill-qwen-7b.md,bbh,38.2
models/deepseek/deepseek-r1-distill-qwen-7b.md,gpqa_diamond,38.5
models/deepseek/deepseek-r1-distill-qwen-7b.md,humaneval,65
models/deepseek/deepseek-r1-distill-qwen-7b.md,ifeval,66
models/deepseek/deepseek-r1-distill-qwen-7b.md,math_500,75.3
models/deepseek/deepseek-r1-distill-qwen-7b.md,mmlu_pro,50.2
models/deepseek/deepseek-r1-distill-qwen-7b.md,musr,13.2
models/deepseek/deepseek-r1.md,arena_elo_hard_prompts,1418.1
models/deepseek/deepseek-r1.md,arena_elo_style_control,1397.5
models/deepseek/deepseek-r1.md,math_500,97.3
models/deepseek/deepseek-r1.md,swe_bench_verified,49.2
models/deepseek/deepseek-reasoner.md,gsm8k,89.3
models/deepseek/deepseek-v3-0324.md,arena_elo_hard_prompts,1408.3
models/deepseek/deepseek-v3-0324.md,arena_elo_style_control,1394.6
models/deepseek/deepseek-v3-0324.md,live_code_bench,49.2
models/deepseek/deepseek-v3-0324.md,multipl_e_csharp,77.5
models/deepseek/deepseek-v3-0324.md,multipl_e_julia,58.5
models/deepseek/deepseek-v3-0324.md,multipl_e_kotlin,69.2
models/deepseek/deepseek-v3-0324.md,multipl_e_lua,52.2
models/deepseek/deepseek-v3-0324.md,multipl_e_perl,47.5
models/deepseek/deepseek-v3-0324.md,multipl_e_php,74.8
models/deepseek/deepseek-v3-0324.md,multipl_e_r,54.2
models/deepseek/deepseek-v3-0324.md,multipl_e_ruby,62.1
models/deepseek/deepseek-v3-0324.md,multipl_e_scala,57.2
models/deepseek/deepseek-v3-0324.md,multipl_e_swift,62.5
models/deepseek/deepseek-v3-1.md,arena_elo_coding,1340.0
models/deepseek/deepseek-v3-1.md,arena_elo_hard_prompts,1433.3
models/deepseek/deepseek-v3-1.md,arena_elo_math,1320.0
models/deepseek/deepseek-v3-1.md,arena_elo_overall,1330.0
models/deepseek/deepseek-v3-1.md,arena_elo_style_control,1417.9
models/deepseek/deepseek-v3-1.md,gpqa_diamond,62.3
models/deepseek/deepseek-v3-1.md,humaneval,87.5
models/deepseek/deepseek-v3-1.md,ifeval,85.5
models/deepseek/deepseek-v3-1.md,live_code_bench,57.7
models/deepseek/deepseek-v3-1.md,math_500,91.0
models/deepseek/deepseek-v3-1.md,mmlu_pro,77.2
models/deepseek/deepseek-v3-1.md,multipl_e_csharp,79.8
models/deepseek/deepseek-v3-1.md,multipl_e_julia,60.2
models/deepseek/deepseek-v3-1.md,multipl_e_kotlin,71.5
models/deepseek/deepseek-v3-1.md,multipl_e_lua,54.5
models/deepseek/deepseek-v3-1.md,multipl_e_perl,49.5
models/deepseek/deepseek-v3-1.md,multipl_e_php,77.2
models/deepseek/deepseek-v3-1.md,multipl_e_r,56.5
models/deepseek/deepseek-v3-1.md,multipl_e_ruby,64.5
models/deepseek/deepseek-v3-1.md,multipl_e_scala,59.8
models/deepseek/deepseek-v3-1.md,multipl_e_swift,64.8
models/deepseek/deepseek-v3-1.md,terminal_bench,31.3
models/deepseek/deepseek-v3-2-exp.md,arena_elo_hard_prompts,1447.7
models/deepseek/deepseek-v3-2-exp.md,arena_elo_style_control,1422.8
models/deepseek/deepseek-v3-2-exp.md,live_code_bench,55.4
models/deepseek/deepseek-v3-2-exp.md,multipl_e_csharp,83.2
models/deepseek/deepseek-v3-2-exp.md,multipl_e_julia,65.5
models/deepseek/deepseek-v3-2-exp.md,multipl_e_kotlin,76.5
models/deepseek/deepseek-v3-2-exp.md,multipl_e_lua,59.2
models/deepseek/deepseek-v3-2-exp.md,multipl_e_perl,53.8
models/deepseek/deepseek-v3-2-exp.md,multipl_e_php,80.8
models/deepseek/deepseek-v3-2-exp.md,multipl_e_r,61.5
models/deepseek/deepseek-v3-2-exp.md,multipl_e_ruby,69.5
models/deepseek/deepseek-v3-2-exp.md,multipl_e_scala,64.5
models/deepseek/deepseek-v3-2-exp.md,multipl_e_swift,69.8
models/deepseek/deepseek-v3-2-exp.md,terminal_bench,37.7
models/deepseek/deepseek-v3-2.md,arena_elo_hard_prompts,1446.6
models/deepseek/deepseek-v3-2.md,arena_elo_style_control,1424.4
models/deepseek/deepseek-v3-2.md,multipl_e_csharp,82.5
models/deepseek/deepseek-v3-2.md,multipl_e_julia,64.2
models/deepseek/deepseek-v3-2.md,multipl_e_kotlin,75.2
models/deepseek/deepseek-v3-2.md,multipl_e_lua,58.2
models/deepseek/deepseek-v3-2.md,multipl_e_perl,52.8
models/deepseek/deepseek-v3-2.md,multipl_e_php,80.2
models/deepseek/deepseek-v3-2.md,multipl_e_r,60.2
models/deepseek/deepseek-v3-2.md,multipl_e_ruby,68.5
models/deepseek/deepseek-v3-2.md,multipl_e_scala,63.2
models/deepseek/deepseek-v3-2.md,multipl_e_swift,68.5
models/deepseek/deepseek-v3.md,arena_elo_hard_prompts,1350.3
models/deepseek/deepseek-v3.md,arena_elo_style_control,1358.2
models/deepseek/deepseek-v3.md,live_code_bench,40.5
models/deepseek/deepseek-v3.md,medqa,80.3
models/deepseek/deepseek-v3.md,swe_bench_verified,42.0
models/google/flan-t5-base.md,ifeval,18.9
models/google/flan-t5-base.md,bbh,35.3
models/google/flan-t5-base.md,math_lvl5,1.1
models/google/flan-t5-base.md,gpqa_pooled,23.8
models/google/flan-t5-base.md,musr,36.7
models/google/flan-t5-base.md,mmlu_pro,13.6
models/google/flan-t5-large.md,ifeval,22.0
models/google/flan-t5-large.md,bbh,41.5
models/google/flan-t5-large.md,math_lvl5,1.4
models/google/flan-t5-large.md,gpqa_pooled,25.1
models/google/flan-t5-large.md,musr,40.8
models/google/flan-t5-large.md,mmlu_pro,17.1
models/google/flan-t5-small.md,ifeval,15.2
models/google/flan-t5-small.md,bbh,32.8
models/google/flan-t5-small.md,math_lvl5,0.8
models/google/flan-t5-small.md,gpqa_pooled,26.1
models/google/flan-t5-small.md,musr,41.2
models/google/flan-t5-small.md,mmlu_pro,12.3
models/google/flan-t5-xl.md,ifeval,22.1
models/google/flan-t5-xl.md,bbh,45.4
models/google/flan-t5-xl.md,math_lvl5,0.1
models/google/flan-t5-xl.md,gpqa_pooled,24.6
models/google/flan-t5-xl.md,musr,42.2
models/google/flan-t5-xl.md,mmlu_pro,21.4
models/google/gemini-1-5-flash-8b.md,arena_elo_hard_prompts,1258.2
models/google/gemini-1-5-flash-8b.md,arena_elo_style_control,1258.1
models/google/gemini-1-5-flash-8b.md,arena_elo_vision,1070.6
models/google/gemini-1-5-flash.md,arena_elo_hard_prompts,1302.4
models/google/gemini-1-5-flash.md,arena_elo_style_control,1309.1
models/google/gemini-1-5-flash.md,arena_elo_vision,1140.1
models/google/gemini-1-5-pro.md,ai2d,82.5
models/google/gemini-1-5-pro.md,alpaca_eval,24.4
models/google/gemini-1-5-pro.md,arena_elo_coding,1250.0
models/google/gemini-1-5-pro.md,arena_elo_hard_prompts,1350.2
models/google/gemini-1-5-pro.md,arena_elo_math,1240.0
models/google/gemini-1-5-pro.md,arena_elo_overall,1260.0
models/google/gemini-1-5-pro.md,arena_elo_style_control,1350.6
models/google/gemini-1-5-pro.md,arena_elo_vision,1178.6
models/google/gemini-1-5-pro.md,bbq,82.8
models/google/gemini-1-5-pro.md,chartqa,79.2
models/google/gemini-1-5-pro.md,docvqa,88.5
models/google/gemini-1-5-pro.md,gpqa_diamond,55.8
models/google/gemini-1-5-pro.md,helm_safety,87.5
models/google/gemini-1-5-pro.md,ifeval,82.0
models/google/gemini-1-5-pro.md,math_500,74.3
models/google/gemini-1-5-pro.md,mathvista,55.8
models/google/gemini-1-5-pro.md,mmlu_pro,72.0
models/google/gemini-1-5-pro.md,mmmu,62.8
models/google/gemini-1-5-pro.md,toxigen,91.2
models/google/gemini-2-0-flash-lite.md,arena_elo_coding,1260.0
models/google/gemini-2-0-flash-lite.md,arena_elo_hard_prompts,1347.9
models/google/gemini-2-0-flash-lite.md,arena_elo_math,1250.0
models/google/gemini-2-0-flash-lite.md,arena_elo_overall,1270.0
models/google/gemini-2-0-flash-lite.md,arena_elo_style_control,1352.8
models/google/gemini-2-0-flash-lite.md,arena_elo_vision,1134.2
models/google/gemini-2-0-flash-lite.md,chartqa,78.5
models/google/gemini-2-0-flash-lite.md,docvqa,88.1
models/google/gemini-2-0-flash-lite.md,gpqa_diamond,48.5
models/google/gemini-2-0-flash-lite.md,humaneval,80.2
models/google/gemini-2-0-flash-lite.md,ifeval,78.5
models/google/gemini-2-0-flash-lite.md,live_code_bench,35.1
models/google/gemini-2-0-flash-lite.md,math_500,72.1
models/google/gemini-2-0-flash-lite.md,mathvista,55.2
models/google/gemini-2-0-flash-lite.md,mmlu_pro,64.8
models/google/gemini-2-0-flash-lite.md,mmmu,62.5
models/google/gemini-2-0-flash-lite.md,ai2d,78.5
models/google/gemini-2-0-flash-lite.md,helm_safety,85.5
models/google/gemini-2-0-flash-lite.md,bbq,80.8
models/google/gemini-2-0-flash-lite.md,toxigen,89.5
models/google/gemini-2-0-flash.md,arena_elo_hard_prompts,1360.4
models/google/gemini-2-0-flash.md,arena_elo_math,1290.0
models/google/gemini-2-0-flash.md,arena_elo_overall,1310.0
models/google/gemini-2-0-flash.md,arena_elo_style_control,1360.0
models/google/gemini-2-0-flash.md,arena_elo_vision,1170.6
models/google/gemini-2-0-flash.md,docvqa,88.1
models/google/gemini-2-0-flash.md,gpqa_diamond,60.1
models/google/gemini-2-0-flash.md,humaneval,85.5
models/google/gemini-2-0-flash.md,ifeval,84.0
models/google/gemini-2-0-flash.md,live_code_bench,35.1
models/google/gemini-2-0-flash.md,math_500,82.3
models/google/gemini-2-0-flash.md,mathvista,55.2
models/google/gemini-2-0-flash.md,medqa,83.2
models/google/gemini-2-0-flash.md,mmlu_pro,73.5
models/google/gemini-2-0-flash.md,mmmu,62.5
models/google/gemini-2-0-flash.md,ai2d,83.3
models/google/gemini-2-0-flash.md,ocrbench,68.6
models/google/gemini-2-0-flash.md,helm_safety,87.8
models/google/gemini-2-0-flash.md,bbq,83.2
models/google/gemini-2-0-flash.md,toxigen,91.8
models/google/gemini-2-5-flash-lite-preview-09-2025.md,arena_elo_hard_prompts,1390.7
models/google/gemini-2-5-flash-lite-preview-09-2025.md,arena_elo_style_control,1380.0
models/google/gemini-2-5-flash-lite-preview-09-2025.md,arena_elo_vision,1173.2
models/google/gemini-2-5-flash-lite.md,arena_elo_hard_prompts,1380.9
models/google/gemini-2-5-flash-lite.md,arena_elo_style_control,1374.3
models/google/gemini-2-5-flash-lite.md,arena_elo_vision,1188.0
models/google/gemini-2-5-flash-preview-04-17.md,aider_polyglot,47.1
models/google/gemini-2-5-flash-preview-05-20.md,aider_polyglot,55.1
models/google/gemini-2-5-flash-preview-09-2025.md,arena_elo_hard_prompts,1420.7
models/google/gemini-2-5-flash-preview-09-2025.md,arena_elo_style_control,1405.1
models/google/gemini-2-5-flash-preview-09-2025.md,arena_elo_vision,1226.1
models/google/gemini-2-5-flash.md,arena_elo_hard_prompts,1420.0
models/google/gemini-2-5-flash.md,arena_elo_style_control,1411.0
models/google/gemini-2-5-flash.md,arena_elo_vision,1213.4
models/google/gemini-2-5-pro-preview-05-06.md,aime_2025,86.7
models/google/gemini-2-5-pro-preview-05-06.md,alpaca_eval,51.5
models/google/gemini-2-5-pro-preview-05-06.md,arena_elo_coding,1370.0
models/google/gemini-2-5-pro-preview-05-06.md,arena_elo_math,1400.0
models/google/gemini-2-5-pro-preview-05-06.md,arena_elo_overall,1380.0
models/google/gemini-2-5-pro-preview-05-06.md,bbq,84.2
models/google/gemini-2-5-pro-preview-05-06.md,chartqa,87.5
models/google/gemini-2-5-pro-preview-05-06.md,docvqa,93.8
models/google/gemini-2-5-pro-preview-05-06.md,finbench,69.8
models/google/gemini-2-5-pro-preview-05-06.md,gpqa_diamond,80.5
models/google/gemini-2-5-pro-preview-05-06.md,helm_safety,88.5
models/google/gemini-2-5-pro-preview-05-06.md,humaneval,91.2
models/google/gemini-2-5-pro-preview-05-06.md,ifeval,91.0
models/google/gemini-2-5-pro-preview-05-06.md,legalbench,73.8
models/google/gemini-2-5-pro-preview-05-06.md,live_code_bench,57.8
models/google/gemini-2-5-pro-preview-05-06.md,math_500,95.2
models/google/gemini-2-5-pro-preview-05-06.md,mathvista,67.8
models/google/gemini-2-5-pro-preview-05-06.md,medqa,80.2
models/google/gemini-2-5-pro-preview-05-06.md,mmlu_pro,84.0
models/google/gemini-2-5-pro-preview-05-06.md,mmmu,72.1
models/google/gemini-2-5-pro-preview-05-06.md,mt_bench,9.2
models/google/gemini-2-5-pro-preview-05-06.md,swe_bench_verified,63.8
models/google/gemini-2-5-pro-preview-05-06.md,toxigen,91.5
models/google/gemini-2-5-pro-preview-05-06.md,wildbench,79.8
models/google/gemini-2-5-pro-preview-05-06.md,aider_polyglot,76.9
models/google/gemini-2-5-pro-preview-05-06.md,ai2d,95.8
models/google/gemini-2-5-pro-preview-05-06.md,ocrbench,85.2
models/google/gemini-2-5-pro-preview-06-05.md,aime_2025,86.7
models/google/gemini-2-5-pro-preview-06-05.md,alpaca_eval,51.5
models/google/gemini-2-5-pro-preview-06-05.md,arena_elo_coding,1370.0
models/google/gemini-2-5-pro-preview-06-05.md,arena_elo_math,1400.0
models/google/gemini-2-5-pro-preview-06-05.md,arena_elo_overall,1380.0
models/google/gemini-2-5-pro-preview-06-05.md,bbq,84.2
models/google/gemini-2-5-pro-preview-06-05.md,chartqa,87.5
models/google/gemini-2-5-pro-preview-06-05.md,docvqa,93.8
models/google/gemini-2-5-pro-preview-06-05.md,finbench,69.8
models/google/gemini-2-5-pro-preview-06-05.md,gpqa_diamond,80.5
models/google/gemini-2-5-pro-preview-06-05.md,helm_safety,88.5
models/google/gemini-2-5-pro-preview-06-05.md,humaneval,91.2
models/google/gemini-2-5-pro-preview-06-05.md,ifeval,91.0
models/google/gemini-2-5-pro-preview-06-05.md,legalbench,73.8
models/google/gemini-2-5-pro-preview-06-05.md,live_code_bench,57.8
models/google/gemini-2-5-pro-preview-06-05.md,math_500,95.2
models/google/gemini-2-5-pro-preview-06-05.md,mathvista,67.8
models/google/gemini-2-5-pro-preview-06-05.md,medqa,80.2
models/google/gemini-2-5-pro-preview-06-05.md,mmlu_pro,84.0
models/google/gemini-2-5-pro-preview-06-05.md,mmmu,72.1
models/google/gemini-2-5-pro-preview-06-05.md,mt_bench,9.2
models/google/gemini-2-5-pro-preview-06-05.md,swe_bench_verified,63.8
models/google/gemini-2-5-pro-preview-06-05.md,toxigen,91.5
models/google/gemini-2-5-pro-preview-06-05.md,wildbench,79.8
models/google/gemini-2-5-pro-preview-06-05.md,aider_polyglot,83.1
models/google/gemini-2-5-pro-preview-06-05.md,ai2d,95.8
models/google/gemini-2-5-pro-preview-06-05.md,ocrbench,85.2
models/google/gemini-2-5-pro-preview-tts.md,aime_2025,86.7
models/google/gemini-2-5-pro-preview-tts.md,alpaca_eval,51.5
models/google/gemini-2-5-pro-preview-tts.md,arena_elo_coding,1370.0
models/google/gemini-2-5-pro-preview-tts.md,arena_elo_math,1400.0
models/google/gemini-2-5-pro-preview-tts.md,arena_elo_overall,1380.0
models/google/gemini-2-5-pro-preview-tts.md,bbq,84.2
models/google/gemini-2-5-pro-preview-tts.md,chartqa,87.5
models/google/gemini-2-5-pro-preview-tts.md,docvqa,93.8
models/google/gemini-2-5-pro-preview-tts.md,finbench,69.8
models/google/gemini-2-5-pro-preview-tts.md,gpqa_diamond,80.5
models/google/gemini-2-5-pro-preview-tts.md,helm_safety,88.5
models/google/gemini-2-5-pro-preview-tts.md,humaneval,91.2
models/google/gemini-2-5-pro-preview-tts.md,ifeval,91.0
models/google/gemini-2-5-pro-preview-tts.md,legalbench,73.8
models/google/gemini-2-5-pro-preview-tts.md,live_code_bench,57.8
models/google/gemini-2-5-pro-preview-tts.md,math_500,95.2
models/google/gemini-2-5-pro-preview-tts.md,mathvista,67.8
models/google/gemini-2-5-pro-preview-tts.md,medqa,80.2
models/google/gemini-2-5-pro-preview-tts.md,mmlu_pro,84.0
models/google/gemini-2-5-pro-preview-tts.md,mmmu,72.1
models/google/gemini-2-5-pro-preview-tts.md,mt_bench,9.2
models/google/gemini-2-5-pro-preview-tts.md,swe_bench_verified,63.8
models/google/gemini-2-5-pro-preview-tts.md,toxigen,91.5
models/google/gemini-2-5-pro-preview-tts.md,wildbench,79.8
models/google/gemini-2-5-pro-preview-tts.md,aider_polyglot,72.9
models/google/gemini-2-5-pro-preview-tts.md,ai2d,95.8
models/google/gemini-2-5-pro-preview-tts.md,ocrbench,85.2
models/google/gemini-2-5-pro.md,aider_polyglot,71.2
models/google/gemini-2-5-pro.md,aime_2025,86.7
models/google/gemini-2-5-pro.md,alpaca_eval,51.5
models/google/gemini-2-5-pro.md,arena_elo_coding,1370.0
models/google/gemini-2-5-pro.md,arena_elo_hard_prompts,1460.5
models/google/gemini-2-5-pro.md,arena_elo_math,1400.0
models/google/gemini-2-5-pro.md,arena_elo_overall,1380.0
models/google/gemini-2-5-pro.md,arena_elo_style_control,1448.2
models/google/gemini-2-5-pro.md,arena_elo_vision,1246.0
models/google/gemini-2-5-pro.md,bbq,84.2
models/google/gemini-2-5-pro.md,chartqa,87.5
models/google/gemini-2-5-pro.md,docvqa,93.8
models/google/gemini-2-5-pro.md,finbench,69.8
models/google/gemini-2-5-pro.md,gpqa_diamond,80.5
models/google/gemini-2-5-pro.md,helm_safety,88.5
models/google/gemini-2-5-pro.md,humaneval,91.2
models/google/gemini-2-5-pro.md,ifeval,91.0
models/google/gemini-2-5-pro.md,legalbench,73.8
models/google/gemini-2-5-pro.md,live_code_bench,57.8
models/google/gemini-2-5-pro.md,math_500,95.2
models/google/gemini-2-5-pro.md,mathvista,67.8
models/google/gemini-2-5-pro.md,medqa,80.2
models/google/gemini-2-5-pro.md,mmlu_astronomy,79.8
models/google/gemini-2-5-pro.md,mmlu_biology,87.2
models/google/gemini-2-5-pro.md,mmlu_business_ethics,81.2
models/google/gemini-2-5-pro.md,mmlu_chemistry,81.5
models/google/gemini-2-5-pro.md,mmlu_clinical_knowledge,86.5
models/google/gemini-2-5-pro.md,mmlu_computer_science,87.8
models/google/gemini-2-5-pro.md,mmlu_jurisprudence,79.2
models/google/gemini-2-5-pro.md,mmlu_physics,84.8
models/google/gemini-2-5-pro.md,mmlu_pro,84.0
models/google/gemini-2-5-pro.md,mmlu_professional_accounting,71.2
models/google/gemini-2-5-pro.md,mmlu_professional_law,77.2
models/google/gemini-2-5-pro.md,mmmu,72.1
models/google/gemini-2-5-pro.md,mt_bench,9.2
models/google/gemini-2-5-pro.md,multipl_e,84.9
models/google/gemini-2-5-pro.md,multipl_e_cpp,84.2
models/google/gemini-2-5-pro.md,multipl_e_csharp,84.8
models/google/gemini-2-5-pro.md,multipl_e_go,81.2
models/google/gemini-2-5-pro.md,multipl_e_java,87.8
models/google/gemini-2-5-pro.md,multipl_e_javascript,87.5
models/google/gemini-2-5-pro.md,multipl_e_julia,67.2
models/google/gemini-2-5-pro.md,multipl_e_kotlin,79.2
models/google/gemini-2-5-pro.md,multipl_e_lua,61.8
models/google/gemini-2-5-pro.md,multipl_e_perl,58.5
models/google/gemini-2-5-pro.md,multipl_e_php,82.5
models/google/gemini-2-5-pro.md,multipl_e_python,91.8
models/google/gemini-2-5-pro.md,multipl_e_r,64.8
models/google/gemini-2-5-pro.md,multipl_e_ruby,74.2
models/google/gemini-2-5-pro.md,multipl_e_rust,75.5
models/google/gemini-2-5-pro.md,multipl_e_scala,68.5
models/google/gemini-2-5-pro.md,multipl_e_swift,72.5
models/google/gemini-2-5-pro.md,multipl_e_typescript,86.5
models/google/gemini-2-5-pro.md,swe_bench_agent,55.5
models/google/gemini-2-5-pro.md,swe_bench_verified,63.8
models/google/gemini-2-5-pro.md,tau_bench,58.2
models/google/gemini-2-5-pro.md,terminal_bench,45.5
models/google/gemini-2-5-pro.md,toxigen,91.5
models/google/gemini-2-5-pro.md,wildbench,79.8
models/google/gemini-2-5-pro.md,ai2d,95.8
models/google/gemini-2-5-pro.md,ocrbench,85.2
models/google/gemini-3-1-pro-preview.md,swe_bench_verified,80.6
models/google/gemini-3-1-pro-preview.md,swe_bench_pro,54.2
models/google/gemini-3-1-pro-preview.md,terminal_bench_2,68.5
models/google/gemini-3-1-pro-preview.md,gpqa_diamond,94.3
models/google/gemini-3-1-pro-preview.md,usamo_2026,74.4
models/google/gemini-3-1-pro-preview.md,hle,44.4
models/google/gemini-3-1-pro-preview.md,hle_tools,51.4
models/google/gemini-3-1-pro-preview.md,legalbench,87.4
models/google/gemini-3-1-pro-preview.md,medqa,96.4
models/google/gemini-3-flash-preview.md,live_code_bench,79.7
models/google/gemini-3-flash-preview.md,legalbench,86.9
models/google/gemini-3-pro-preview.md,live_code_bench,91.7
models/google/gemini-3-pro-preview.md,legalbench,87.0
models/google/gemini-embedding-001.md,beir,55.5
models/google/gemini-embedding-001.md,mteb_classification,70.8
models/google/gemini-embedding-001.md,mteb_clustering,50.5
models/google/gemini-embedding-001.md,mteb_overall,66.2
models/google/gemini-embedding-001.md,mteb_retrieval,63.5
models/google/gemini-embedding-001.md,mteb_reranking,59.5
models/google/gemini-embedding-001.md,mteb_sts,84.5
models/google/gemini-embedding-001.md,mteb_pair_classification,85.1
models/google/gemini-embedding-001.md,mteb_summarization,30.5
models/google/gemini-embedding-001.md,miracl,56.2
models/google/gemma-1-1-2b-it.md,ifeval,30.7
models/google/gemma-1-1-2b-it.md,bbh,31.8
models/google/gemma-1-1-2b-it.md,math_lvl5,1.8
models/google/gemma-1-1-2b-it.md,gpqa_pooled,26.9
models/google/gemma-1-1-2b-it.md,musr,33.9
models/google/gemma-1-1-2b-it.md,mmlu_pro,14.8
models/google/gemma-2-27b-it.md,arena_elo_coding,1230.0
models/google/gemma-2-27b-it.md,arena_elo_hard_prompts,1280.9
models/google/gemma-2-27b-it.md,arena_elo_math,1210.0
models/google/gemma-2-27b-it.md,arena_elo_overall,1220.0
models/google/gemma-2-27b-it.md,arena_elo_style_control,1287.6
models/google/gemma-2-27b-it.md,bbh,52.4
models/google/gemma-2-27b-it.md,gpqa_diamond,48.1
models/google/gemma-2-27b-it.md,gsm8k,74.0
models/google/gemma-2-27b-it.md,humaneval,72.5
models/google/gemma-2-27b-it.md,ifeval,75.0
models/google/gemma-2-27b-it.md,math_500,68.5
models/google/gemma-2-27b-it.md,mmlu_pro,60.2
models/google/gemma-2-27b-it.md,musr,20.1
models/google/gemma-2-2b-it.md,ifeval,56.7
models/google/gemma-2-2b-it.md,bbh,42.0
models/google/gemma-2-2b-it.md,musr,39.3
models/google/gemma-2-2b-it.md,mmlu_pro,25.5
models/google/gemma-2-2b.md,ifeval,20.2
models/google/gemma-2-2b.md,bbh,37.1
models/google/gemma-2-2b.md,math_lvl5,3.0
models/google/gemma-2-2b.md,gpqa_pooled,26.3
models/google/gemma-2-2b.md,musr,42.2
models/google/gemma-2-2b.md,mmlu_pro,22.2
models/google/gemma-2-9b-it.md,arena_elo_coding,1200.0
models/google/gemma-2-9b-it.md,arena_elo_hard_prompts,1256.0
models/google/gemma-2-9b-it.md,arena_elo_math,1180.0
models/google/gemma-2-9b-it.md,arena_elo_overall,1190.0
models/google/gemma-2-9b-it.md,arena_elo_style_control,1265.0
models/google/gemma-2-9b-it.md,bbh,42.8
models/google/gemma-2-9b-it.md,gpqa_diamond,38.2
models/google/gemma-2-9b-it.md,gsm8k,68.6
models/google/gemma-2-9b-it.md,humaneval,60.5
models/google/gemma-2-9b-it.md,ifeval,68.0
models/google/gemma-2-9b-it.md,math_500,52.1
models/google/gemma-2-9b-it.md,mmlu_pro,48.5
models/google/gemma-2-9b-it.md,musr,15.3
models/google/gemma-2-9b.md,arena_elo_coding,1200.0
models/google/gemma-2-9b.md,arena_elo_math,1180.0
models/google/gemma-2-9b.md,arena_elo_overall,1190.0
models/google/gemma-2-9b.md,bbh,42.8
models/google/gemma-2-9b.md,gpqa_diamond,38.2
models/google/gemma-2-9b.md,humaneval,60.5
models/google/gemma-2-9b.md,ifeval,68.0
models/google/gemma-2-9b.md,math_500,52.1
models/google/gemma-2-9b.md,mmlu_pro,48.5
models/google/gemma-2-9b.md,musr,15.3
models/google/gemma-2-9b.md,gsm8k,68.6
models/google/gemma-2b-it.md,arc_challenge,43.9
models/google/gemma-2b-it.md,gsm8k,5.5
models/google/gemma-2b-it.md,hellaswag,62.7
models/google/gemma-2b-it.md,truthfulqa,45.8
models/google/gemma-2b-it.md,winogrande,60.9
models/google/gemma-2b-it.md,mmlu_abstract_algebra,28.0
models/google/gemma-2b-it.md,mmlu_anatomy,38.5
models/google/gemma-2b-it.md,mmlu_astronomy,33.6
models/google/gemma-2b-it.md,mmlu_business_ethics,48.0
models/google/gemma-2b-it.md,mmlu_clinical_knowledge,42.3
models/google/gemma-2b-it.md,mmlu_college_biology,34.0
models/google/gemma-2b-it.md,mmlu_college_chemistry,26.0
models/google/gemma-2b-it.md,mmlu_college_computer_science,31.0
models/google/gemma-2b-it.md,mmlu_college_mathematics,26.0
models/google/gemma-2b-it.md,mmlu_college_medicine,35.8
models/google/gemma-2b-it.md,mmlu_college_physics,18.6
models/google/gemma-2b-it.md,mmlu_computer_security,45.0
models/google/gemma-2b-it.md,mmlu_conceptual_physics,35.3
models/google/gemma-2b-it.md,mmlu_econometrics,28.1
models/google/gemma-2b-it.md,mmlu_electrical_engineering,46.2
models/google/gemma-2b-it.md,mmlu_elementary_mathematics,24.9
models/google/gemma-2b-it.md,mmlu_formal_logic,25.4
models/google/gemma-2b-it.md,mmlu_global_facts,30.0
models/google/gemma-2b-it.md,mmlu_high_school_biology,31.6
models/google/gemma-2b-it.md,mmlu_high_school_chemistry,29.1
models/google/gemma-2b-it.md,mmlu_high_school_computer_science,37.0
models/google/gemma-2b-it.md,mmlu_high_school_european_history,46.1
models/google/gemma-2b-it.md,mmlu_high_school_geography,46.0
models/google/gemma-2b-it.md,mmlu_high_school_government_and_politics,47.7
models/google/gemma-2b-it.md,mmlu_high_school_macroeconomics,32.8
models/google/gemma-2b-it.md,mmlu_high_school_mathematics,20.0
models/google/gemma-2b-it.md,mmlu_high_school_microeconomics,34.0
models/google/gemma-2b-it.md,mmlu_high_school_physics,25.8
models/google/gemma-2b-it.md,mmlu_high_school_psychology,51.0
models/google/gemma-2b-it.md,mmlu_high_school_statistics,20.4
models/google/gemma-2b-it.md,mmlu_high_school_us_history,42.6
models/google/gemma-2b-it.md,mmlu_high_school_world_history,51.9
models/google/gemma-2b-it.md,mmlu_human_aging,39.0
models/google/gemma-2b-it.md,mmlu_human_sexuality,42.7
models/google/gemma-2b-it.md,mmlu_international_law,52.1
models/google/gemma-2b-it.md,mmlu_jurisprudence,46.3
models/google/gemma-2b-it.md,mmlu_logical_fallacies,36.2
models/google/gemma-2b-it.md,mmlu_machine_learning,33.0
models/google/gemma-2b-it.md,mmlu_management,44.7
models/google/gemma-2b-it.md,mmlu_marketing,59.4
models/google/gemma-2b-it.md,mmlu_medical_genetics,39.0
models/google/gemma-2b-it.md,mmlu_miscellaneous,46.2
models/google/gemma-2b-it.md,mmlu_moral_disputes,40.8
models/google/gemma-2b-it.md,mmlu_moral_scenarios,25.3
models/google/gemma-2b-it.md,mmlu_nutrition,45.1
models/google/gemma-2b-it.md,mmlu_philosophy,40.2
models/google/gemma-2b-it.md,mmlu_prehistory,40.7
models/google/gemma-2b-it.md,mmlu_professional_accounting,30.5
models/google/gemma-2b-it.md,mmlu_professional_law,31.9
models/google/gemma-2b-it.md,mmlu_professional_medicine,20.2
models/google/gemma-2b-it.md,mmlu_professional_psychology,38.2
models/google/gemma-2b-it.md,mmlu_public_relations,41.8
models/google/gemma-2b-it.md,mmlu_security_studies,47.3
models/google/gemma-2b-it.md,mmlu_sociology,43.8
models/google/gemma-2b-it.md,mmlu_us_foreign_policy,64.0
models/google/gemma-2b-it.md,mmlu_virology,41.0
models/google/gemma-2b-it.md,mmlu_world_religions,43.9
models/google/gemma-2b-it.md,ifeval,26.9
models/google/gemma-2b-it.md,bbh,31.5
models/google/gemma-2b-it.md,math_lvl5,2.0
models/google/gemma-2b-it.md,gpqa_pooled,27.9
models/google/gemma-2b-it.md,musr,33.4
models/google/gemma-2b-it.md,mmlu_pro,13.5
models/google/gemma-2b.md,arc_challenge,48.4
models/google/gemma-2b.md,gsm8k,16.9
models/google/gemma-2b.md,hellaswag,71.8
models/google/gemma-2b.md,truthfulqa,33.1
models/google/gemma-2b.md,winogrande,66.3
models/google/gemma-2b.md,mmlu_abstract_algebra,26.0
models/google/gemma-2b.md,mmlu_anatomy,48.9
models/google/gemma-2b.md,mmlu_astronomy,42.8
models/google/gemma-2b.md,mmlu_business_ethics,44.0
models/google/gemma-2b.md,mmlu_clinical_knowledge,46.8
models/google/gemma-2b.md,mmlu_college_biology,45.8
models/google/gemma-2b.md,mmlu_college_chemistry,37.0
models/google/gemma-2b.md,mmlu_college_computer_science,38.0
models/google/gemma-2b.md,mmlu_college_mathematics,30.0
models/google/gemma-2b.md,mmlu_college_medicine,42.8
models/google/gemma-2b.md,mmlu_college_physics,14.7
models/google/gemma-2b.md,mmlu_computer_security,53.0
models/google/gemma-2b.md,mmlu_conceptual_physics,41.7
models/google/gemma-2b.md,mmlu_econometrics,31.6
models/google/gemma-2b.md,mmlu_electrical_engineering,40.7
models/google/gemma-2b.md,mmlu_elementary_mathematics,26.2
models/google/gemma-2b.md,mmlu_formal_logic,27.0
models/google/gemma-2b.md,mmlu_global_facts,31.0
models/google/gemma-2b.md,mmlu_high_school_biology,48.4
models/google/gemma-2b.md,mmlu_high_school_chemistry,40.9
models/google/gemma-2b.md,mmlu_high_school_computer_science,42.0
models/google/gemma-2b.md,mmlu_high_school_european_history,41.8
models/google/gemma-2b.md,mmlu_high_school_geography,50.5
models/google/gemma-2b.md,mmlu_high_school_government_and_politics,59.1
models/google/gemma-2b.md,mmlu_high_school_macroeconomics,41.0
models/google/gemma-2b.md,mmlu_high_school_mathematics,25.9
models/google/gemma-2b.md,mmlu_high_school_microeconomics,38.7
models/google/gemma-2b.md,mmlu_high_school_physics,25.2
models/google/gemma-2b.md,mmlu_high_school_psychology,57.2
models/google/gemma-2b.md,mmlu_high_school_statistics,35.2
models/google/gemma-2b.md,mmlu_high_school_us_history,44.1
models/google/gemma-2b.md,mmlu_high_school_world_history,39.7
models/google/gemma-2b.md,mmlu_human_aging,44.4
models/google/gemma-2b.md,mmlu_human_sexuality,45.8
models/google/gemma-2b.md,mmlu_international_law,61.2
models/google/gemma-2b.md,mmlu_jurisprudence,41.7
models/google/gemma-2b.md,mmlu_logical_fallacies,41.1
models/google/gemma-2b.md,mmlu_machine_learning,39.3
models/google/gemma-2b.md,mmlu_management,56.3
models/google/gemma-2b.md,mmlu_marketing,60.7
models/google/gemma-2b.md,mmlu_medical_genetics,43.0
models/google/gemma-2b.md,mmlu_miscellaneous,54.7
models/google/gemma-2b.md,mmlu_moral_disputes,43.9
models/google/gemma-2b.md,mmlu_moral_scenarios,23.7
models/google/gemma-2b.md,mmlu_nutrition,46.7
models/google/gemma-2b.md,mmlu_philosophy,41.2
models/google/gemma-2b.md,mmlu_prehistory,46.3
models/google/gemma-2b.md,mmlu_professional_accounting,34.0
models/google/gemma-2b.md,mmlu_professional_law,34.7
models/google/gemma-2b.md,mmlu_professional_medicine,35.3
models/google/gemma-2b.md,mmlu_professional_psychology,37.4
models/google/gemma-2b.md,mmlu_public_relations,47.3
models/google/gemma-2b.md,mmlu_security_studies,46.1
models/google/gemma-2b.md,mmlu_sociology,42.8
models/google/gemma-2b.md,mmlu_us_foreign_policy,57.0
models/google/gemma-2b.md,mmlu_virology,44.6
models/google/gemma-2b.md,mmlu_world_religions,54.4
models/google/gemma-2b.md,ifeval,20.4
models/google/gemma-2b.md,bbh,33.7
models/google/gemma-2b.md,math_lvl5,3.0
models/google/gemma-2b.md,gpqa_pooled,25.5
models/google/gemma-2b.md,musr,39.8
models/google/gemma-2b.md,mmlu_pro,13.7
models/google/gemma-3-12b-it.md,arena_elo_coding,1240.0
models/google/gemma-3-12b-it.md,arena_elo_hard_prompts,1331.5
models/google/gemma-3-12b-it.md,arena_elo_math,1220.0
models/google/gemma-3-12b-it.md,arena_elo_overall,1230.0
models/google/gemma-3-12b-it.md,arena_elo_style_control,1341.4
models/google/gemma-3-12b-it.md,bbh,48.7
models/google/gemma-3-12b-it.md,gpqa_diamond,45.5
models/google/gemma-3-12b-it.md,gsm8k,94.4
models/google/gemma-3-12b-it.md,humaneval,72.0
models/google/gemma-3-12b-it.md,ifeval,73.0
models/google/gemma-3-12b-it.md,live_code_bench,24.6
models/google/gemma-3-12b-it.md,math_500,65.3
models/google/gemma-3-12b-it.md,mmlu_pro,58.2
models/google/gemma-3-12b-it.md,musr,20.8
models/google/gemma-3-12b-it.md,mmmu,59.6
models/google/gemma-3-12b-it.md,mathvista,62.9
models/google/gemma-3-12b-it.md,docvqa,87.1
models/google/gemma-3-12b-it.md,chartqa,75.7
models/google/gemma-3-12b-it.md,ai2d,84.2
models/google/gemma-3-1b-it.md,gsm8k,62.8
models/google/gemma-3-1b-pt.md,gsm8k,62.8
models/google/gemma-3-27b-it.md,aider_polyglot,4.9
models/google/gemma-3-27b-it.md,arena_elo_coding,1270.0
models/google/gemma-3-27b-it.md,arena_elo_hard_prompts,1364.9
models/google/gemma-3-27b-it.md,arena_elo_math,1250.0
models/google/gemma-3-27b-it.md,arena_elo_overall,1260.0
models/google/gemma-3-27b-it.md,arena_elo_style_control,1365.1
models/google/gemma-3-27b-it.md,arena_elo_vision,1157.3
models/google/gemma-3-27b-it.md,bbh,56.2
models/google/gemma-3-27b-it.md,chartqa,72.5
models/google/gemma-3-27b-it.md,docvqa,82.1
models/google/gemma-3-27b-it.md,gpqa_diamond,58.2
models/google/gemma-3-27b-it.md,gsm8k,95.9
models/google/gemma-3-27b-it.md,humaneval,79.5
models/google/gemma-3-27b-it.md,ifeval,79.0
models/google/gemma-3-27b-it.md,live_code_bench,29.7
models/google/gemma-3-27b-it.md,math_500,77.8
models/google/gemma-3-27b-it.md,mathvista,48.5
models/google/gemma-3-27b-it.md,mmlu_pro,67.5
models/google/gemma-3-27b-it.md,mmmu,55.2
models/google/gemma-3-27b-it.md,musr,25.2
models/google/gemma-3-27b-it.md,medmcqa,62.6
models/google/gemma-3-27b-it.md,medqa,74.9
models/google/gemma-3-27b-it.md,pubmedqa,73.4
models/google/gemma-3-27b-it.md,ai2d,84.5
models/google/gemma-3-4b-it.md,arena_elo_coding,1190.0
models/google/gemma-3-4b-it.md,arena_elo_hard_prompts,1283.4
models/google/gemma-3-4b-it.md,arena_elo_math,1170.0
models/google/gemma-3-4b-it.md,arena_elo_overall,1180.0
models/google/gemma-3-4b-it.md,arena_elo_style_control,1302.8
models/google/gemma-3-4b-it.md,gpqa_diamond,33.2
models/google/gemma-3-4b-it.md,gsm8k,89.2
models/google/gemma-3-4b-it.md,humaneval,58.5
models/google/gemma-3-4b-it.md,ifeval,62.0
models/google/gemma-3-4b-it.md,live_code_bench,12.6
models/google/gemma-3-4b-it.md,math_500,48.5
models/google/gemma-3-4b-it.md,mmlu_pro,43.1
models/google/gemma-3-4b-it.md,mmmu,48.8
models/google/gemma-3-4b-it.md,mathvista,50.0
models/google/gemma-3-4b-it.md,docvqa,75.8
models/google/gemma-3-4b-it.md,chartqa,68.8
models/google/gemma-3-4b-it.md,ai2d,74.8
models/google/gemma-3-4b-pt.md,arena_elo_coding,1190.0
models/google/gemma-3-4b-pt.md,arena_elo_math,1170.0
models/google/gemma-3-4b-pt.md,arena_elo_overall,1180.0
models/google/gemma-3-4b-pt.md,gpqa_diamond,33.2
models/google/gemma-3-4b-pt.md,humaneval,58.5
models/google/gemma-3-4b-pt.md,ifeval,62.0
models/google/gemma-3-4b-pt.md,math_500,48.5
models/google/gemma-3-4b-pt.md,mmlu_pro,43.1
models/google/gemma-3-4b-pt.md,gsm8k,89.2
models/google/gemma-3-4b-pt.md,mmmu,48.8
models/google/gemma-3-4b-pt.md,mathvista,50.0
models/google/gemma-3-4b-pt.md,docvqa,75.8
models/google/gemma-3-4b-pt.md,chartqa,68.8
models/google/gemma-3-4b-pt.md,ai2d,74.8
models/google/gemma-3n-e4b-it.md,mgsm,67.0
models/google/gemma-4-26b-a4b-it.md,arena_elo_hard_prompts,1461.1
models/google/gemma-4-26b-a4b-it.md,arena_elo_style_control,1437.9
models/google/gemma-4-26b.md,aider_polyglot,52.1
models/google/gemma-4-26b.md,bbh,60.1
models/google/gemma-4-26b.md,mmlu_astronomy,72.2
models/google/gemma-4-26b.md,mmlu_biology,80.8
models/google/gemma-4-26b.md,mmlu_business_ethics,73.5
models/google/gemma-4-26b.md,mmlu_chemistry,73.2
models/google/gemma-4-26b.md,mmlu_clinical_knowledge,79.2
models/google/gemma-4-26b.md,mmlu_computer_science,81.2
models/google/gemma-4-26b.md,mmlu_jurisprudence,70.2
models/google/gemma-4-26b.md,mmlu_physics,77.5
models/google/gemma-4-26b.md,mmlu_professional_accounting,64.5
models/google/gemma-4-26b.md,mmlu_professional_law,69.2
models/google/gemma-4-26b.md,multipl_e,75.4
models/google/gemma-4-26b.md,multipl_e_cpp,74.8
models/google/gemma-4-26b.md,multipl_e_go,71.5
models/google/gemma-4-26b.md,multipl_e_java,79.2
models/google/gemma-4-26b.md,multipl_e_javascript,77.5
models/google/gemma-4-26b.md,multipl_e_python,82.5
models/google/gemma-4-26b.md,multipl_e_rust,65.2
models/google/gemma-4-26b.md,multipl_e_typescript,76.8
models/google/gemma-4-26b.md,musr,28.7
models/google/gemma-4-26b.md,multipl_e_csharp,72.5
models/google/gemma-4-26b.md,multipl_e_php,69.8
models/google/gemma-4-26b.md,multipl_e_ruby,55.5
models/google/gemma-4-26b.md,multipl_e_swift,55.5
models/google/gemma-4-26b.md,multipl_e_r,48.2
models/google/gemma-4-26b.md,multipl_e_julia,52.5
models/google/gemma-4-26b.md,multipl_e_perl,40.5
models/google/gemma-4-26b.md,multipl_e_lua,45.2
models/google/gemma-4-26b.md,multipl_e_scala,50.2
models/google/gemma-4-26b.md,multipl_e_kotlin,62.8
models/google/gemma-4-31b.md,arena_elo_hard_prompts,1474.2
models/google/gemma-4-31b.md,arena_elo_style_control,1451.2
models/google/gemma-7b-it.md,arc_challenge,61.1
models/google/gemma-7b-it.md,gsm8k,52.8
models/google/gemma-7b-it.md,hellaswag,82.5
models/google/gemma-7b-it.md,truthfulqa,44.9
models/google/gemma-7b-it.md,winogrande,78.5
models/google/gemma-7b-it.md,mmlu_abstract_algebra,31.0
models/google/gemma-7b-it.md,mmlu_anatomy,57.8
models/google/gemma-7b-it.md,mmlu_astronomy,73.0
models/google/gemma-7b-it.md,mmlu_business_ethics,64.0
models/google/gemma-7b-it.md,mmlu_clinical_knowledge,68.7
models/google/gemma-7b-it.md,mmlu_college_biology,77.1
models/google/gemma-7b-it.md,mmlu_college_chemistry,47.0
models/google/gemma-7b-it.md,mmlu_college_computer_science,55.0
models/google/gemma-7b-it.md,mmlu_college_mathematics,36.0
models/google/gemma-7b-it.md,mmlu_college_medicine,69.9
models/google/gemma-7b-it.md,mmlu_college_physics,40.2
models/google/gemma-7b-it.md,mmlu_computer_security,73.0
models/google/gemma-7b-it.md,mmlu_conceptual_physics,62.1
models/google/gemma-7b-it.md,mmlu_econometrics,48.2
models/google/gemma-7b-it.md,mmlu_electrical_engineering,62.8
models/google/gemma-7b-it.md,mmlu_elementary_mathematics,50.3
models/google/gemma-7b-it.md,mmlu_formal_logic,50.0
models/google/gemma-7b-it.md,mmlu_global_facts,43.0
models/google/gemma-7b-it.md,mmlu_high_school_biology,80.3
models/google/gemma-7b-it.md,mmlu_high_school_chemistry,52.2
models/google/gemma-7b-it.md,mmlu_high_school_computer_science,67.0
models/google/gemma-7b-it.md,mmlu_high_school_european_history,76.4
models/google/gemma-7b-it.md,mmlu_high_school_geography,82.3
models/google/gemma-7b-it.md,mmlu_high_school_government_and_politics,88.6
models/google/gemma-7b-it.md,mmlu_high_school_macroeconomics,64.6
models/google/gemma-7b-it.md,mmlu_high_school_mathematics,43.0
models/google/gemma-7b-it.md,mmlu_high_school_microeconomics,66.8
models/google/gemma-7b-it.md,mmlu_high_school_physics,41.7
models/google/gemma-7b-it.md,mmlu_high_school_psychology,83.1
models/google/gemma-7b-it.md,mmlu_high_school_statistics,57.9
models/google/gemma-7b-it.md,mmlu_high_school_us_history,83.3
models/google/gemma-7b-it.md,mmlu_high_school_world_history,85.2
models/google/gemma-7b-it.md,mmlu_human_aging,71.7
models/google/gemma-7b-it.md,mmlu_human_sexuality,72.5
models/google/gemma-7b-it.md,mmlu_international_law,84.3
models/google/gemma-7b-it.md,mmlu_jurisprudence,77.8
models/google/gemma-7b-it.md,mmlu_logical_fallacies,74.8
models/google/gemma-7b-it.md,mmlu_machine_learning,51.8
models/google/gemma-7b-it.md,mmlu_management,84.5
models/google/gemma-7b-it.md,mmlu_marketing,89.7
models/google/gemma-7b-it.md,mmlu_medical_genetics,72.0
models/google/gemma-7b-it.md,mmlu_miscellaneous,83.8
models/google/gemma-7b-it.md,mmlu_moral_disputes,71.7
models/google/gemma-7b-it.md,mmlu_moral_scenarios,40.3
models/google/gemma-7b-it.md,mmlu_nutrition,76.8
models/google/gemma-7b-it.md,mmlu_philosophy,72.3
models/google/gemma-7b-it.md,mmlu_prehistory,73.8
models/google/gemma-7b-it.md,mmlu_professional_accounting,49.3
models/google/gemma-7b-it.md,mmlu_professional_law,48.1
models/google/gemma-7b-it.md,mmlu_professional_medicine,63.2
models/google/gemma-7b-it.md,mmlu_professional_psychology,68.8
models/google/gemma-7b-it.md,mmlu_public_relations,70.9
models/google/gemma-7b-it.md,mmlu_security_studies,74.7
models/google/gemma-7b-it.md,mmlu_sociology,85.6
models/google/gemma-7b-it.md,mmlu_us_foreign_policy,88.0
models/google/gemma-7b-it.md,mmlu_virology,53.6
models/google/gemma-7b-it.md,mmlu_world_religions,81.9
models/google/gemma-7b-it.md,ifeval,38.7
models/google/gemma-7b-it.md,bbh,36.5
models/google/gemma-7b-it.md,math_lvl5,2.9
models/google/gemma-7b-it.md,gpqa_pooled,28.4
models/google/gemma-7b-it.md,musr,42.7
models/google/gemma-7b-it.md,mmlu_pro,16.9
models/google/medgemma-1-5-4b-it.md,medmcqa,55.7
models/google/medgemma-1-5-4b-it.md,medqa,64.4
models/google/medgemma-1-5-4b-it.md,pubmedqa,73.4
models/google/medgemma-27b-it.md,medqa,88.5
models/google/medgemma-27b-it.md,medmcqa,74.2
models/google/medgemma-27b-it.md,pubmedqa,76.8
models/google/medgemma-4b-it.md,medqa,72.1
models/google/medgemma-4b-it.md,medmcqa,55.7
models/google/medgemma-4b-it.md,pubmedqa,73.4
models/google/mt5-base.md,ifeval,16.5
models/google/mt5-base.md,bbh,28.8
models/google/mt5-base.md,math_lvl5,0.9
models/google/mt5-base.md,gpqa_pooled,23.9
models/google/mt5-base.md,musr,36.7
models/google/mt5-base.md,mmlu_pro,10.7
models/google/mt5-small.md,ifeval,17.2
models/google/mt5-small.md,bbh,27.7
models/google/mt5-small.md,math_lvl5,0.0
models/google/mt5-small.md,gpqa_pooled,24.2
models/google/mt5-small.md,musr,38.6
models/google/mt5-small.md,mmlu_pro,11.2
models/google/shieldgemma-27b.md,helm_safety,94.5
models/google/shieldgemma-27b.md,toxigen,96.8
models/google/shieldgemma-9b.md,helm_safety,93.2
models/google/shieldgemma-9b.md,toxigen,96.1
models/ibm/granite-3-0-1b-a400m-base.md,ifeval,24.0
models/ibm/granite-3-0-1b-a400m-base.md,bbh,32.2
models/ibm/granite-3-0-1b-a400m-base.md,math_lvl5,2.6
models/ibm/granite-3-0-1b-a400m-base.md,gpqa_pooled,24.7
models/ibm/granite-3-0-1b-a400m-base.md,musr,33.7
models/ibm/granite-3-0-1b-a400m-base.md,mmlu_pro,11.5
models/ibm/granite-3-0-8b-instruct.md,ifeval,53.1
models/ibm/granite-3-0-8b-instruct.md,bbh,51.9
models/ibm/granite-3-0-8b-instruct.md,math_lvl5,14.2
models/ibm/granite-3-0-8b-instruct.md,gpqa_pooled,33.2
models/ibm/granite-3-0-8b-instruct.md,musr,39.0
models/ibm/granite-3-0-8b-instruct.md,mmlu_pro,34.6
models/ibm/granite-3-1-1b-a400m-instruct.md,ifeval,46.9
models/ibm/granite-3-1-1b-a400m-instruct.md,bbh,32.8
models/ibm/granite-3-1-1b-a400m-instruct.md,math_lvl5,4.5
models/ibm/granite-3-1-1b-a400m-instruct.md,gpqa_pooled,24.0
models/ibm/granite-3-1-1b-a400m-instruct.md,musr,33.0
models/ibm/granite-3-1-1b-a400m-instruct.md,mmlu_pro,12.2
models/ibm/granite-3-1-2b-instruct.md,ifeval,62.9
models/ibm/granite-3-1-2b-instruct.md,bbh,44.1
models/ibm/granite-3-1-2b-instruct.md,math_lvl5,15.3
models/ibm/granite-3-1-2b-instruct.md,gpqa_pooled,28.9
models/ibm/granite-3-1-2b-instruct.md,musr,36.1
models/ibm/granite-3-1-2b-instruct.md,mmlu_pro,28.2
models/ibm/granite-3-1-8b-instruct.md,bbh,53.6
models/ibm/granite-3-1-8b-instruct.md,ifeval,72.1
models/ibm/granite-3-1-8b-instruct.md,mmlu_pro,35.4
models/ibm/granite-3-1-8b-instruct.md,musr,47.1
models/ibm/granite-3-3-8b-instruct.md,gsm8k,80.9
models/ibm/granite-embedding-107m-multilingual.md,miracl,50.0
models/ibm/granite-embedding-107m-multilingual.md,mteb_classification,64.0
models/ibm/granite-embedding-107m-multilingual.md,mteb_clustering,42.0
models/ibm/granite-embedding-107m-multilingual.md,mteb_overall,58.0
models/ibm/granite-embedding-107m-multilingual.md,mteb_retrieval,54.0
models/ibm/granite-embedding-107m-multilingual.md,mteb_reranking,52.0
models/ibm/granite-embedding-107m-multilingual.md,mteb_sts,77.5
models/ibm/granite-embedding-107m-multilingual.md,mteb_pair_classification,80.5
models/ibm/granite-embedding-107m-multilingual.md,mteb_summarization,27.0
models/ibm/granite-embedding-125m-english.md,beir,48.0
models/ibm/granite-embedding-125m-english.md,mteb_classification,64.5
models/ibm/granite-embedding-125m-english.md,mteb_clustering,42.0
models/ibm/granite-embedding-125m-english.md,mteb_overall,58.5
models/ibm/granite-embedding-125m-english.md,mteb_retrieval,54.5
models/ibm/granite-embedding-125m-english.md,mteb_reranking,53.0
models/ibm/granite-embedding-125m-english.md,mteb_sts,78.5
models/ibm/granite-embedding-125m-english.md,mteb_pair_classification,81.5
models/ibm/granite-embedding-125m-english.md,mteb_summarization,27.5
models/ibm/granite-embedding-125m-english.md,miracl,38.0
models/ibm/granite-embedding-278m-multilingual.md,miracl,54.0
models/ibm/granite-embedding-278m-multilingual.md,mteb_classification,67.5
models/ibm/granite-embedding-278m-multilingual.md,mteb_clustering,45.5
models/ibm/granite-embedding-278m-multilingual.md,mteb_overall,61.5
models/ibm/granite-embedding-278m-multilingual.md,mteb_retrieval,57.8
models/ibm/granite-embedding-278m-multilingual.md,mteb_reranking,55.0
models/ibm/granite-embedding-278m-multilingual.md,mteb_sts,80.5
models/ibm/granite-embedding-278m-multilingual.md,mteb_pair_classification,83.0
models/ibm/granite-embedding-278m-multilingual.md,mteb_summarization,28.5
models/intfloat/e5-base-v2.md,beir,48.8
models/intfloat/e5-base-v2.md,mteb_classification,65.8
models/intfloat/e5-base-v2.md,mteb_clustering,43.8
models/intfloat/e5-base-v2.md,mteb_overall,59.8
models/intfloat/e5-base-v2.md,mteb_retrieval,55.5
models/intfloat/e5-base-v2.md,mteb_reranking,55.0
models/intfloat/e5-base-v2.md,mteb_sts,81.0
models/intfloat/e5-base-v2.md,mteb_pair_classification,83.5
models/intfloat/e5-base-v2.md,mteb_summarization,28.5
models/intfloat/e5-base-v2.md,miracl,37.0
models/intfloat/e5-base.md,beir,47.5
models/intfloat/e5-base.md,mteb_classification,64.8
models/intfloat/e5-base.md,mteb_clustering,42.5
models/intfloat/e5-base.md,mteb_overall,58.5
models/intfloat/e5-base.md,mteb_retrieval,54.2
models/intfloat/e5-base.md,mteb_reranking,54.0
models/intfloat/e5-base.md,mteb_sts,80.5
models/intfloat/e5-base.md,mteb_pair_classification,83.0
models/intfloat/e5-base.md,mteb_summarization,28.0
models/intfloat/e5-base.md,miracl,35.0
models/intfloat/e5-large-unsupervised.md,beir,49.8
models/intfloat/e5-large-unsupervised.md,mteb_classification,66.2
models/intfloat/e5-large-unsupervised.md,mteb_clustering,44.2
models/intfloat/e5-large-unsupervised.md,mteb_overall,60.2
models/intfloat/e5-large-unsupervised.md,mteb_retrieval,56.5
models/intfloat/e5-large-unsupervised.md,mteb_reranking,56.0
models/intfloat/e5-large-unsupervised.md,mteb_sts,82.0
models/intfloat/e5-large-unsupervised.md,mteb_pair_classification,84.5
models/intfloat/e5-large-unsupervised.md,mteb_summarization,29.0
models/intfloat/e5-large-unsupervised.md,miracl,37.0
models/intfloat/e5-large-v2.md,beir,51.5
models/intfloat/e5-large-v2.md,mteb_classification,68.2
models/intfloat/e5-large-v2.md,mteb_clustering,46.5
models/intfloat/e5-large-v2.md,mteb_overall,62.5
models/intfloat/e5-large-v2.md,mteb_retrieval,58.8
models/intfloat/e5-large-v2.md,mteb_reranking,57.0
models/intfloat/e5-large-v2.md,mteb_sts,83.0
models/intfloat/e5-large-v2.md,mteb_pair_classification,85.0
models/intfloat/e5-large-v2.md,mteb_summarization,29.5
models/intfloat/e5-large-v2.md,miracl,40.0
models/intfloat/e5-large.md,beir,50.5
models/intfloat/e5-large.md,mteb_classification,67.0
models/intfloat/e5-large.md,mteb_clustering,45.0
models/intfloat/e5-large.md,mteb_overall,61.0
models/intfloat/e5-large.md,mteb_retrieval,57.2
models/intfloat/e5-large.md,mteb_reranking,56.0
models/intfloat/e5-large.md,mteb_sts,82.0
models/intfloat/e5-large.md,mteb_pair_classification,84.5
models/intfloat/e5-large.md,mteb_summarization,29.0
models/intfloat/e5-large.md,miracl,38.5
models/intfloat/e5-mistral-7b-instruct.md,beir,56.2
models/intfloat/e5-mistral-7b-instruct.md,mteb_classification,71.5
models/intfloat/e5-mistral-7b-instruct.md,mteb_clustering,50.8
models/intfloat/e5-mistral-7b-instruct.md,mteb_overall,66.8
models/intfloat/e5-mistral-7b-instruct.md,mteb_retrieval,63.2
models/intfloat/e5-mistral-7b-instruct.md,mteb_reranking,60.2
models/intfloat/e5-mistral-7b-instruct.md,mteb_sts,85.5
models/intfloat/e5-mistral-7b-instruct.md,mteb_pair_classification,87.0
models/intfloat/e5-mistral-7b-instruct.md,mteb_summarization,31.5
models/intfloat/e5-mistral-7b-instruct.md,miracl,56.5
models/intfloat/e5-small-v2.md,beir,46.5
models/intfloat/e5-small-v2.md,mteb_classification,63.8
models/intfloat/e5-small-v2.md,mteb_clustering,41.5
models/intfloat/e5-small-v2.md,mteb_overall,57.5
models/intfloat/e5-small-v2.md,mteb_retrieval,53.2
models/intfloat/e5-small-v2.md,mteb_reranking,53.0
models/intfloat/e5-small-v2.md,mteb_sts,79.0
models/intfloat/e5-small-v2.md,mteb_pair_classification,82.0
models/intfloat/e5-small-v2.md,mteb_summarization,27.5
models/intfloat/e5-small-v2.md,miracl,34.5
models/intfloat/e5-small.md,beir,45.2
models/intfloat/e5-small.md,mteb_classification,62.5
models/intfloat/e5-small.md,mteb_clustering,40.0
models/intfloat/e5-small.md,mteb_overall,56.2
models/intfloat/e5-small.md,mteb_retrieval,51.8
models/intfloat/e5-small.md,mteb_reranking,52.0
models/intfloat/e5-small.md,mteb_sts,78.5
models/intfloat/e5-small.md,mteb_pair_classification,81.0
models/intfloat/e5-small.md,mteb_summarization,27.0
models/intfloat/e5-small.md,miracl,32.5
models/intfloat/multilingual-e5-base.md,beir,48.5
models/intfloat/multilingual-e5-base.md,miracl,52.5
models/intfloat/multilingual-e5-base.md,mteb_classification,65.5
models/intfloat/multilingual-e5-base.md,mteb_clustering,43.0
models/intfloat/multilingual-e5-base.md,mteb_overall,59.0
models/intfloat/multilingual-e5-base.md,mteb_retrieval,55.0
models/intfloat/multilingual-e5-base.md,mteb_reranking,54.2
models/intfloat/multilingual-e5-base.md,mteb_sts,80.0
models/intfloat/multilingual-e5-base.md,mteb_pair_classification,83.0
models/intfloat/multilingual-e5-base.md,mteb_summarization,28.0
models/intfloat/multilingual-e5-large-instruct.md,beir,53.5
models/intfloat/multilingual-e5-large-instruct.md,miracl,58.2
models/intfloat/multilingual-e5-large-instruct.md,mteb_classification,69.8
models/intfloat/multilingual-e5-large-instruct.md,mteb_clustering,48.5
models/intfloat/multilingual-e5-large-instruct.md,mteb_overall,64.5
models/intfloat/multilingual-e5-large-instruct.md,mteb_retrieval,61.2
models/intfloat/multilingual-e5-large-instruct.md,mteb_reranking,58.6
models/intfloat/multilingual-e5-large-instruct.md,mteb_sts,84.8
models/intfloat/multilingual-e5-large-instruct.md,mteb_pair_classification,86.2
models/intfloat/multilingual-e5-large-instruct.md,mteb_summarization,30.4
models/intfloat/multilingual-e5-large.md,beir,50.8
models/intfloat/multilingual-e5-large.md,miracl,55.1
models/intfloat/multilingual-e5-large.md,mteb_classification,67.3
models/intfloat/multilingual-e5-large.md,mteb_clustering,45.2
models/intfloat/multilingual-e5-large.md,mteb_overall,61.2
models/intfloat/multilingual-e5-large.md,mteb_retrieval,57.5
models/intfloat/multilingual-e5-large.md,mteb_reranking,56.5
models/intfloat/multilingual-e5-large.md,mteb_sts,82.5
models/intfloat/multilingual-e5-large.md,mteb_pair_classification,84.8
models/intfloat/multilingual-e5-large.md,mteb_summarization,29.2
models/intfloat/multilingual-e5-small.md,beir,46.2
models/intfloat/multilingual-e5-small.md,miracl,50.0
models/intfloat/multilingual-e5-small.md,mteb_classification,63.5
models/intfloat/multilingual-e5-small.md,mteb_clustering,41.0
models/intfloat/multilingual-e5-small.md,mteb_overall,57.2
models/intfloat/multilingual-e5-small.md,mteb_retrieval,53.0
models/intfloat/multilingual-e5-small.md,mteb_reranking,52.5
models/intfloat/multilingual-e5-small.md,mteb_sts,78.0
models/intfloat/multilingual-e5-small.md,mteb_pair_classification,81.5
models/intfloat/multilingual-e5-small.md,mteb_summarization,27.0
models/jina/jina-embeddings-v2-base-code.md,mteb_classification,65
models/jina/jina-embeddings-v2-base-code.md,mteb_clustering,43.5
models/jina/jina-embeddings-v2-base-code.md,mteb_overall,59.5
models/jina/jina-embeddings-v2-base-code.md,mteb_retrieval,55.5
models/jina/jina-embeddings-v2-base-de.md,mteb_classification,65.8
models/jina/jina-embeddings-v2-base-de.md,mteb_clustering,44.2
models/jina/jina-embeddings-v2-base-de.md,mteb_overall,60.2
models/jina/jina-embeddings-v2-base-de.md,mteb_retrieval,56
models/jina/jina-embeddings-v2-base-en.md,beir,49.5
models/jina/jina-embeddings-v2-base-en.md,mteb_classification,66.2
models/jina/jina-embeddings-v2-base-en.md,mteb_clustering,44.8
models/jina/jina-embeddings-v2-base-en.md,mteb_overall,60.8
models/jina/jina-embeddings-v2-base-en.md,mteb_retrieval,56.5
models/jina/jina-embeddings-v2-small-en.md,beir,47
models/jina/jina-embeddings-v2-small-en.md,mteb_classification,64.2
models/jina/jina-embeddings-v2-small-en.md,mteb_clustering,42.2
models/jina/jina-embeddings-v2-small-en.md,mteb_overall,58.5
models/jina/jina-embeddings-v2-small-en.md,mteb_retrieval,54
models/jina/jina-embeddings-v3.md,beir,55.8
models/jina/jina-embeddings-v3.md,mteb_classification,71.2
models/jina/jina-embeddings-v3.md,mteb_clustering,50.2
models/jina/jina-embeddings-v3.md,mteb_overall,66.5
models/jina/jina-embeddings-v3.md,mteb_retrieval,63.8
models/meta/cerebras-llama-4-maverick-17b-128e-instruct.md,mgsm,92.3
models/meta/codellama-34b-instruct-hf.md,multipl_e,58.8
models/meta/codellama-34b-instruct-hf.md,multipl_e_cpp,58.2
models/meta/codellama-34b-instruct-hf.md,multipl_e_go,55.2
models/meta/codellama-34b-instruct-hf.md,multipl_e_java,64.5
models/meta/codellama-34b-instruct-hf.md,multipl_e_javascript,62.1
models/meta/codellama-34b-instruct-hf.md,multipl_e_python,68.5
models/meta/codellama-34b-instruct-hf.md,multipl_e_rust,42.1
models/meta/codellama-34b-instruct-hf.md,multipl_e_typescript,60.8
models/meta/codellama-34b-instruct-hf.md,multipl_e_csharp,55.2
models/meta/codellama-34b-instruct-hf.md,multipl_e_php,52.8
models/meta/codellama-34b-instruct-hf.md,multipl_e_ruby,38.5
models/meta/codellama-34b-instruct-hf.md,multipl_e_swift,38.2
models/meta/codellama-34b-instruct-hf.md,multipl_e_r,28.5
models/meta/codellama-34b-instruct-hf.md,multipl_e_julia,32.8
models/meta/codellama-34b-instruct-hf.md,multipl_e_perl,25.2
models/meta/codellama-34b-instruct-hf.md,multipl_e_lua,30.5
models/meta/codellama-34b-instruct-hf.md,multipl_e_scala,32.5
models/meta/codellama-34b-instruct-hf.md,multipl_e_kotlin,45.2
models/meta/codellama-34b-instruct-hf.md,gsm8k,21.6
models/meta/codellama-34b-instruct-hf.md,winogrande,73.4
models/meta/codellama-7b-hf.md,gsm8k,5.5
models/meta/codellama-7b-hf.md,winogrande,64.9
models/meta/codellama-7b-instruct-hf.md,gsm8k,5.5
models/meta/codellama-7b-instruct-hf.md,winogrande,64.9
models/meta/llama-2-13b-chat-hf.md,gsm8k,15.2
models/meta/llama-2-13b-chat-hf.md,winogrande,74.5
models/meta/llama-2-13b-chat-hf.md,ifeval,39.8
models/meta/llama-2-13b-chat-hf.md,bbh,33.4
models/meta/llama-2-13b-chat-hf.md,math_lvl5,1.4
models/meta/llama-2-13b-chat-hf.md,gpqa_pooled,23.2
models/meta/llama-2-13b-chat-hf.md,musr,40.1
models/meta/llama-2-13b-chat-hf.md,mmlu_pro,19.2
models/meta/llama-2-13b-hf.md,gsm8k,22.8
models/meta/llama-2-13b-hf.md,ifeval,24.8
models/meta/llama-2-13b-hf.md,bbh,41.3
models/meta/llama-2-13b-hf.md,math_lvl5,1.5
models/meta/llama-2-13b-hf.md,gpqa_pooled,28.1
models/meta/llama-2-13b-hf.md,musr,35.4
models/meta/llama-2-13b-hf.md,mmlu_pro,23.8
models/meta/llama-2-70b-chat-hf.md,gsm8k,26.7
models/meta/llama-2-70b-chat-hf.md,winogrande,80.5
models/meta/llama-2-70b-chat-hf.md,ifeval,49.6
models/meta/llama-2-70b-chat-hf.md,bbh,30.4
models/meta/llama-2-70b-chat-hf.md,math_lvl5,2.9
models/meta/llama-2-70b-chat-hf.md,gpqa_pooled,26.4
models/meta/llama-2-70b-chat-hf.md,musr,36.9
models/meta/llama-2-70b-chat-hf.md,mmlu_pro,24.3
models/meta/llama-2-70b-hf.md,gsm8k,54.1
models/meta/llama-2-70b-hf.md,ifeval,24.1
models/meta/llama-2-70b-hf.md,bbh,54.7
models/meta/llama-2-70b-hf.md,math_lvl5,3.2
models/meta/llama-2-70b-hf.md,gpqa_pooled,30.3
models/meta/llama-2-70b-hf.md,musr,41.2
models/meta/llama-2-70b-hf.md,mmlu_pro,37.2
models/meta/llama-2-7b-chat-hf.md,gsm8k,7.4
models/meta/llama-2-7b-chat-hf.md,winogrande,71.7
models/meta/llama-2-7b-chat-hf.md,ifeval,39.9
models/meta/llama-2-7b-chat-hf.md,bbh,31.1
models/meta/llama-2-7b-chat-hf.md,math_lvl5,2.0
models/meta/llama-2-7b-chat-hf.md,gpqa_pooled,25.3
models/meta/llama-2-7b-chat-hf.md,musr,36.8
models/meta/llama-2-7b-chat-hf.md,mmlu_pro,16.9
models/meta/llama-2-7b-hf.md,gsm8k,14.5
models/meta/llama-2-7b-hf.md,ifeval,25.2
models/meta/llama-2-7b-hf.md,bbh,35.0
models/meta/llama-2-7b-hf.md,math_lvl5,1.7
models/meta/llama-2-7b-hf.md,gpqa_pooled,26.7
models/meta/llama-2-7b-hf.md,musr,37.0
models/meta/llama-2-7b-hf.md,mmlu_pro,18.6
models/meta/llama-3-1-405b-instruct-fp8.md,arena_elo_hard_prompts,1334.7
models/meta/llama-3-1-405b-instruct-fp8.md,arena_elo_style_control,1332.4
models/meta/llama-3-1-405b-instruct.md,alpaca_eval,39.3
models/meta/llama-3-1-405b-instruct.md,arena_elo_hard_prompts,1340.1
models/meta/llama-3-1-405b-instruct.md,arena_elo_style_control,1334.2
models/meta/llama-3-1-405b-instruct.md,gsm8k,96.8
models/meta/llama-3-1-405b-instruct.md,math,73.8
models/meta/llama-3-1-405b-instruct.md,medqa,82.9
models/meta/llama-3-1-70b-instruct.md,alpaca_eval,38.1
models/meta/llama-3-1-70b-instruct.md,arena_elo_hard_prompts,1297.6
models/meta/llama-3-1-70b-instruct.md,arena_elo_style_control,1292.8
models/meta/llama-3-1-8b-instruct.md,alpaca_eval,22.9
models/meta/llama-3-1-8b-instruct.md,arena_elo_hard_prompts,1221.8
models/meta/llama-3-1-8b-instruct.md,arena_elo_style_control,1211.0
models/meta/llama-3-2-11b-vision-instruct.md,mmmu,50.7
models/meta/llama-3-2-11b-vision-instruct.md,mathvista,51.5
models/meta/llama-3-2-11b-vision-instruct.md,docvqa,88.4
models/meta/llama-3-2-11b-vision-instruct.md,helm_safety,82.5
models/meta/llama-3-2-11b-vision-instruct.md,bbq,78.2
models/meta/llama-3-2-11b-vision-instruct.md,toxigen,85.8
models/meta/llama-3-2-11b-vision.md,mgsm,68.9
models/meta/llama-3-2-11b-vision.md,mmmu,50.7
models/meta/llama-3-2-11b-vision.md,mathvista,51.5
models/meta/llama-3-2-11b-vision.md,docvqa,88.4
models/meta/llama-3-2-11b-vision.md,helm_safety,82.5
models/meta/llama-3-2-11b-vision.md,bbq,78.2
models/meta/llama-3-2-11b-vision.md,toxigen,85.8
models/meta/llama-3-2-1b-instruct.md,ifeval,57.0
models/meta/llama-3-2-1b-instruct.md,bbh,35.0
models/meta/llama-3-2-1b-instruct.md,musr,33.3
models/meta/llama-3-2-1b-instruct.md,mmlu_pro,16.8
models/meta/llama-3-2-1b.md,ifeval,14.8
models/meta/llama-3-2-1b.md,bbh,31.1
models/meta/llama-3-2-1b.md,math_lvl5,1.2
models/meta/llama-3-2-1b.md,gpqa_pooled,22.8
models/meta/llama-3-2-1b.md,musr,34.5
models/meta/llama-3-2-1b.md,mmlu_pro,12.0
models/meta/llama-3-2-3b-instruct.md,mgsm,58.2
models/meta/llama-3-2-3b-instruct.md,gsm8k,77.7
models/meta/llama-3-2-3b-instruct.md,ifeval,73.9
models/meta/llama-3-2-3b-instruct.md,bbh,46.1
models/meta/llama-3-2-3b-instruct.md,math_lvl5,17.7
models/meta/llama-3-2-3b-instruct.md,gpqa_pooled,27.9
models/meta/llama-3-2-3b-instruct.md,musr,35.3
models/meta/llama-3-2-3b-instruct.md,mmlu_pro,31.9
models/meta/llama-3-2-3b-instruct.md,medqa,52.6
models/meta/llama-3-2-3b.md,mgsm,58.2
models/meta/llama-3-2-3b.md,gsm8k,77.7
models/meta/llama-3-2-3b.md,ifeval,13.4
models/meta/llama-3-2-3b.md,bbh,39.1
models/meta/llama-3-2-3b.md,math_lvl5,1.9
models/meta/llama-3-2-3b.md,gpqa_pooled,26.8
models/meta/llama-3-2-3b.md,musr,35.8
models/meta/llama-3-2-3b.md,mmlu_pro,24.9
models/meta/llama-3-2-90b-vision-instruct.md,mgsm,86.9
models/meta/llama-3-2-90b-vision-instruct.md,mmmu,60.3
models/meta/llama-3-2-90b-vision-instruct.md,mathvista,57.3
models/meta/llama-3-2-90b-vision-instruct.md,docvqa,90.1
models/meta/llama-3-2-90b-vision-instruct.md,chartqa,85.5
models/meta/llama-3-2-90b-vision-instruct.md,ai2d,92.3
models/meta/llama-3-2-90b-vision-instruct.md,helm_safety,84.5
models/meta/llama-3-2-90b-vision-instruct.md,bbq,79.8
models/meta/llama-3-2-90b-vision-instruct.md,toxigen,87.5
models/meta/llama-3-2-90b-vision.md,mmmu,60.3
models/meta/llama-3-2-90b-vision.md,mathvista,57.3
models/meta/llama-3-2-90b-vision.md,docvqa,90.1
models/meta/llama-3-2-90b-vision.md,chartqa,85.5
models/meta/llama-3-2-90b-vision.md,ai2d,92.3
models/meta/llama-3-2-90b-vision.md,helm_safety,84.5
models/meta/llama-3-2-90b-vision.md,bbq,79.8
models/meta/llama-3-2-90b-vision.md,toxigen,87.5
models/meta/llama-3-3-70b-instruct.md,arena_elo_hard_prompts,1320.1
models/meta/llama-3-3-70b-instruct.md,arena_elo_style_control,1318.0
models/meta/llama-3-3-70b-instruct.md,mgsm,91.1
models/meta/llama-4-maverick-17b-128e-instruct-fp8.md,arena_elo_coding,1320.0
models/meta/llama-4-maverick-17b-128e-instruct-fp8.md,arena_elo_math,1300.0
models/meta/llama-4-maverick-17b-128e-instruct-fp8.md,arena_elo_overall,1310.0
models/meta/llama-4-maverick-17b-128e-instruct-fp8.md,gpqa_diamond,62.5
models/meta/llama-4-maverick-17b-128e-instruct-fp8.md,humaneval,85.5
models/meta/llama-4-maverick-17b-128e-instruct-fp8.md,ifeval,83.0
models/meta/llama-4-maverick-17b-128e-instruct-fp8.md,math_500,82.2
models/meta/llama-4-maverick-17b-128e-instruct-fp8.md,mmlu_pro,73.5
models/meta/llama-4-maverick-17b-128e-instruct-fp8.md,mgsm,92.3
models/meta/llama-4-maverick-17b-128e-instruct-fp8.md,multipl_e_csharp,75.5
models/meta/llama-4-maverick-17b-128e-instruct-fp8.md,multipl_e_php,73.2
models/meta/llama-4-maverick-17b-128e-instruct-fp8.md,multipl_e_ruby,60.2
models/meta/llama-4-maverick-17b-128e-instruct-fp8.md,multipl_e_swift,59.8
models/meta/llama-4-maverick-17b-128e-instruct-fp8.md,multipl_e_r,52.2
models/meta/llama-4-maverick-17b-128e-instruct-fp8.md,multipl_e_julia,55.8
models/meta/llama-4-maverick-17b-128e-instruct-fp8.md,multipl_e_perl,44.5
models/meta/llama-4-maverick-17b-128e-instruct-fp8.md,multipl_e_lua,49.8
models/meta/llama-4-maverick-17b-128e-instruct-fp8.md,multipl_e_scala,54.5
models/meta/llama-4-maverick-17b-128e-instruct-fp8.md,multipl_e_kotlin,66.8
models/meta/llama-4-maverick-17b-128e-instruct-fp8.md,live_code_bench,39.7
models/meta/llama-4-maverick-17b-128e-instruct-fp8.md,aider_polyglot,15.6
models/meta/llama-4-maverick-17b-128e-instruct-fp8.md,mmmu,73.4
models/meta/llama-4-maverick-17b-128e-instruct-fp8.md,mathvista,73.7
models/meta/llama-4-maverick-17b-128e-instruct-fp8.md,docvqa,94.4
models/meta/llama-4-maverick-17b-128e-instruct-fp8.md,chartqa,90.0
models/meta/llama-4-maverick-17b-128e-instruct-fp8.md,helm_safety,86.5
models/meta/llama-4-maverick-17b-128e-instruct-fp8.md,bbq,81.8
models/meta/llama-4-maverick-17b-128e-instruct-fp8.md,toxigen,89.8
models/meta/llama-4-maverick-17b-128e-instruct.md,aider_polyglot,15.6
models/meta/llama-4-maverick-17b-128e-instruct.md,arena_elo_coding,1320.0
models/meta/llama-4-maverick-17b-128e-instruct.md,arena_elo_hard_prompts,1338.0
models/meta/llama-4-maverick-17b-128e-instruct.md,arena_elo_math,1300.0
models/meta/llama-4-maverick-17b-128e-instruct.md,arena_elo_overall,1310.0
models/meta/llama-4-maverick-17b-128e-instruct.md,arena_elo_style_control,1326.6
models/meta/llama-4-maverick-17b-128e-instruct.md,arena_elo_vision,1146.5
models/meta/llama-4-maverick-17b-128e-instruct.md,gpqa_diamond,62.5
models/meta/llama-4-maverick-17b-128e-instruct.md,humaneval,85.5
models/meta/llama-4-maverick-17b-128e-instruct.md,ifeval,83.0
models/meta/llama-4-maverick-17b-128e-instruct.md,live_code_bench,39.7
models/meta/llama-4-maverick-17b-128e-instruct.md,math_500,82.2
models/meta/llama-4-maverick-17b-128e-instruct.md,medqa,78.4
models/meta/llama-4-maverick-17b-128e-instruct.md,mgsm,92.3
models/meta/llama-4-maverick-17b-128e-instruct.md,mmlu_pro,73.5
models/meta/llama-4-maverick-17b-128e-instruct.md,multipl_e_csharp,75.5
models/meta/llama-4-maverick-17b-128e-instruct.md,multipl_e_julia,55.8
models/meta/llama-4-maverick-17b-128e-instruct.md,multipl_e_kotlin,66.8
models/meta/llama-4-maverick-17b-128e-instruct.md,multipl_e_lua,49.8
models/meta/llama-4-maverick-17b-128e-instruct.md,multipl_e_perl,44.5
models/meta/llama-4-maverick-17b-128e-instruct.md,multipl_e_php,73.2
models/meta/llama-4-maverick-17b-128e-instruct.md,multipl_e_r,52.2
models/meta/llama-4-maverick-17b-128e-instruct.md,multipl_e_ruby,60.2
models/meta/llama-4-maverick-17b-128e-instruct.md,multipl_e_scala,54.5
models/meta/llama-4-maverick-17b-128e-instruct.md,multipl_e_swift,59.8
models/meta/llama-4-maverick-17b-128e-instruct.md,mmmu,73.4
models/meta/llama-4-maverick-17b-128e-instruct.md,mathvista,73.7
models/meta/llama-4-maverick-17b-128e-instruct.md,docvqa,94.4
models/meta/llama-4-maverick-17b-128e-instruct.md,chartqa,90.0
models/meta/llama-4-maverick-17b-128e-instruct.md,helm_safety,86.5
models/meta/llama-4-maverick-17b-128e-instruct.md,bbq,81.8
models/meta/llama-4-maverick-17b-128e-instruct.md,toxigen,89.8
models/meta/llama-4-scout-17b-16e-instruct.md,arena_elo_hard_prompts,1329.0
models/meta/llama-4-scout-17b-16e-instruct.md,arena_elo_style_control,1321.9
models/meta/llama-4-scout-17b-16e-instruct.md,arena_elo_vision,1127.2
models/meta/llama-4-scout-17b-16e-instruct.md,medqa,52.0
models/meta/llama-4-scout-17b-16e-instruct.md,mgsm,90.6
models/meta/llama-4-scout-17b-16e-instruct.md,mmmu,69.4
models/meta/llama-4-scout-17b-16e-instruct.md,mathvista,70.7
models/meta/llama-4-scout-17b-16e-instruct.md,docvqa,94.4
models/meta/llama-4-scout-17b-16e-instruct.md,chartqa,88.8
models/meta/llama-guard-3-1b.md,helm_safety,92.8
models/meta/llama-guard-3-1b.md,toxigen,95.8
models/meta/llama-guard-3-8b-int8.md,helm_safety,95.2
models/meta/llama-guard-3-8b-int8.md,toxigen,97.5
models/meta/llama-guard-3-8b.md,helm_safety,95.2
models/meta/llama-guard-3-8b.md,toxigen,97.5
models/meta/meta-llama-3-70b-instruct.md,mgsm,91.1
models/meta/meta-llama-3-70b-instruct.md,gsm8k,95.0
models/meta/meta-llama-3-70b-instruct.md,arc_challenge,71.4
models/meta/meta-llama-3-70b-instruct.md,hellaswag,85.7
models/meta/meta-llama-3-70b-instruct.md,truthfulqa,61.8
models/meta/meta-llama-3-70b-instruct.md,winogrande,82.9
models/meta/meta-llama-3-70b-instruct.md,mmlu_abstract_algebra,51.0
models/meta/meta-llama-3-70b-instruct.md,mmlu_anatomy,77.0
models/meta/meta-llama-3-70b-instruct.md,mmlu_astronomy,93.4
models/meta/meta-llama-3-70b-instruct.md,mmlu_business_ethics,86.0
models/meta/meta-llama-3-70b-instruct.md,mmlu_clinical_knowledge,86.8
models/meta/meta-llama-3-70b-instruct.md,mmlu_college_biology,91.0
models/meta/meta-llama-3-70b-instruct.md,mmlu_college_chemistry,56.0
models/meta/meta-llama-3-70b-instruct.md,mmlu_college_computer_science,69.0
models/meta/meta-llama-3-70b-instruct.md,mmlu_college_mathematics,58.0
models/meta/meta-llama-3-70b-instruct.md,mmlu_college_medicine,81.5
models/meta/meta-llama-3-70b-instruct.md,mmlu_college_physics,59.8
models/meta/meta-llama-3-70b-instruct.md,mmlu_computer_security,82.0
models/meta/meta-llama-3-70b-instruct.md,mmlu_conceptual_physics,81.7
models/meta/meta-llama-3-70b-instruct.md,mmlu_econometrics,72.8
models/meta/meta-llama-3-70b-instruct.md,mmlu_electrical_engineering,77.9
models/meta/meta-llama-3-70b-instruct.md,mmlu_elementary_mathematics,70.9
models/meta/meta-llama-3-70b-instruct.md,mmlu_formal_logic,62.7
models/meta/meta-llama-3-70b-instruct.md,mmlu_global_facts,59.0
models/meta/meta-llama-3-70b-instruct.md,mmlu_high_school_biology,89.7
models/meta/meta-llama-3-70b-instruct.md,mmlu_high_school_chemistry,69.0
models/meta/meta-llama-3-70b-instruct.md,mmlu_high_school_computer_science,92.0
models/meta/meta-llama-3-70b-instruct.md,mmlu_high_school_european_history,86.7
models/meta/meta-llama-3-70b-instruct.md,mmlu_high_school_geography,92.9
models/meta/meta-llama-3-70b-instruct.md,mmlu_high_school_government_and_politics,98.4
models/meta/meta-llama-3-70b-instruct.md,mmlu_high_school_macroeconomics,83.8
models/meta/meta-llama-3-70b-instruct.md,mmlu_high_school_mathematics,54.4
models/meta/meta-llama-3-70b-instruct.md,mmlu_high_school_microeconomics,88.7
models/meta/meta-llama-3-70b-instruct.md,mmlu_high_school_physics,62.3
models/meta/meta-llama-3-70b-instruct.md,mmlu_high_school_psychology,94.1
models/meta/meta-llama-3-70b-instruct.md,mmlu_high_school_statistics,73.6
models/meta/meta-llama-3-70b-instruct.md,mmlu_high_school_us_history,92.2
models/meta/meta-llama-3-70b-instruct.md,mmlu_high_school_world_history,92.8
models/meta/meta-llama-3-70b-instruct.md,mmlu_human_aging,82.1
models/meta/meta-llama-3-70b-instruct.md,mmlu_human_sexuality,87.0
models/meta/meta-llama-3-70b-instruct.md,mmlu_international_law,92.6
models/meta/meta-llama-3-70b-instruct.md,mmlu_jurisprudence,88.0
models/meta/meta-llama-3-70b-instruct.md,mmlu_logical_fallacies,85.9
models/meta/meta-llama-3-70b-instruct.md,mmlu_machine_learning,70.5
models/meta/meta-llama-3-70b-instruct.md,mmlu_management,89.3
models/meta/meta-llama-3-70b-instruct.md,mmlu_marketing,93.6
models/meta/meta-llama-3-70b-instruct.md,mmlu_medical_genetics,92.0
models/meta/meta-llama-3-70b-instruct.md,mmlu_miscellaneous,91.8
models/meta/meta-llama-3-70b-instruct.md,mmlu_moral_disputes,84.4
models/meta/meta-llama-3-70b-instruct.md,mmlu_moral_scenarios,70.8
models/meta/meta-llama-3-70b-instruct.md,mmlu_nutrition,87.6
models/meta/meta-llama-3-70b-instruct.md,mmlu_philosophy,81.4
models/meta/meta-llama-3-70b-instruct.md,mmlu_prehistory,90.1
models/meta/meta-llama-3-70b-instruct.md,mmlu_professional_accounting,63.8
models/meta/meta-llama-3-70b-instruct.md,mmlu_professional_law,64.1
models/meta/meta-llama-3-70b-instruct.md,mmlu_professional_medicine,89.0
models/meta/meta-llama-3-70b-instruct.md,mmlu_professional_psychology,85.3
models/meta/meta-llama-3-70b-instruct.md,mmlu_public_relations,74.5
models/meta/meta-llama-3-70b-instruct.md,mmlu_security_studies,81.6
models/meta/meta-llama-3-70b-instruct.md,mmlu_sociology,92.0
models/meta/meta-llama-3-70b-instruct.md,mmlu_us_foreign_policy,92.0
models/meta/meta-llama-3-70b-instruct.md,mmlu_virology,56.6
models/meta/meta-llama-3-70b-instruct.md,mmlu_world_religions,90.1
models/meta/meta-llama-3-70b-instruct.md,ifeval,81.0
models/meta/meta-llama-3-70b-instruct.md,bbh,65.5
models/meta/meta-llama-3-70b-instruct.md,math_lvl5,24.5
models/meta/meta-llama-3-70b-instruct.md,gpqa_pooled,28.7
models/meta/meta-llama-3-70b-instruct.md,musr,41.5
models/meta/meta-llama-3-70b-instruct.md,mmlu_pro,52.1
models/meta/meta-llama-3-70b.md,arc_challenge,71.4
models/meta/meta-llama-3-70b.md,gsm8k,85.4
models/meta/meta-llama-3-70b.md,hellaswag,85.7
models/meta/meta-llama-3-70b.md,truthfulqa,61.8
models/meta/meta-llama-3-70b.md,winogrande,82.9
models/meta/meta-llama-3-70b.md,mmlu_abstract_algebra,51.0
models/meta/meta-llama-3-70b.md,mmlu_anatomy,77.0
models/meta/meta-llama-3-70b.md,mmlu_astronomy,93.4
models/meta/meta-llama-3-70b.md,mmlu_business_ethics,86.0
models/meta/meta-llama-3-70b.md,mmlu_clinical_knowledge,86.8
models/meta/meta-llama-3-70b.md,mmlu_college_biology,91.0
models/meta/meta-llama-3-70b.md,mmlu_college_chemistry,56.0
models/meta/meta-llama-3-70b.md,mmlu_college_computer_science,69.0
models/meta/meta-llama-3-70b.md,mmlu_college_mathematics,58.0
models/meta/meta-llama-3-70b.md,mmlu_college_medicine,81.5
models/meta/meta-llama-3-70b.md,mmlu_college_physics,59.8
models/meta/meta-llama-3-70b.md,mmlu_computer_security,82.0
models/meta/meta-llama-3-70b.md,mmlu_conceptual_physics,81.7
models/meta/meta-llama-3-70b.md,mmlu_econometrics,72.8
models/meta/meta-llama-3-70b.md,mmlu_electrical_engineering,77.9
models/meta/meta-llama-3-70b.md,mmlu_elementary_mathematics,70.9
models/meta/meta-llama-3-70b.md,mmlu_formal_logic,62.7
models/meta/meta-llama-3-70b.md,mmlu_global_facts,59.0
models/meta/meta-llama-3-70b.md,mmlu_high_school_biology,89.7
models/meta/meta-llama-3-70b.md,mmlu_high_school_chemistry,69.0
models/meta/meta-llama-3-70b.md,mmlu_high_school_computer_science,92.0
models/meta/meta-llama-3-70b.md,mmlu_high_school_european_history,86.7
models/meta/meta-llama-3-70b.md,mmlu_high_school_geography,92.9
models/meta/meta-llama-3-70b.md,mmlu_high_school_government_and_politics,98.4
models/meta/meta-llama-3-70b.md,mmlu_high_school_macroeconomics,83.8
models/meta/meta-llama-3-70b.md,mmlu_high_school_mathematics,54.4
models/meta/meta-llama-3-70b.md,mmlu_high_school_microeconomics,88.7
models/meta/meta-llama-3-70b.md,mmlu_high_school_physics,62.3
models/meta/meta-llama-3-70b.md,mmlu_high_school_psychology,94.1
models/meta/meta-llama-3-70b.md,mmlu_high_school_statistics,73.6
models/meta/meta-llama-3-70b.md,mmlu_high_school_us_history,92.2
models/meta/meta-llama-3-70b.md,mmlu_high_school_world_history,92.8
models/meta/meta-llama-3-70b.md,mmlu_human_aging,82.1
models/meta/meta-llama-3-70b.md,mmlu_human_sexuality,87.0
models/meta/meta-llama-3-70b.md,mmlu_international_law,92.6
models/meta/meta-llama-3-70b.md,mmlu_jurisprudence,88.0
models/meta/meta-llama-3-70b.md,mmlu_logical_fallacies,85.9
models/meta/meta-llama-3-70b.md,mmlu_machine_learning,70.5
models/meta/meta-llama-3-70b.md,mmlu_management,89.3
models/meta/meta-llama-3-70b.md,mmlu_marketing,93.6
models/meta/meta-llama-3-70b.md,mmlu_medical_genetics,92.0
models/meta/meta-llama-3-70b.md,mmlu_miscellaneous,91.8
models/meta/meta-llama-3-70b.md,mmlu_moral_disputes,84.4
models/meta/meta-llama-3-70b.md,mmlu_moral_scenarios,70.8
models/meta/meta-llama-3-70b.md,mmlu_nutrition,87.6
models/meta/meta-llama-3-70b.md,mmlu_philosophy,81.4
models/meta/meta-llama-3-70b.md,mmlu_prehistory,90.1
models/meta/meta-llama-3-70b.md,mmlu_professional_accounting,63.8
models/meta/meta-llama-3-70b.md,mmlu_professional_law,64.1
models/meta/meta-llama-3-70b.md,mmlu_professional_medicine,89.0
models/meta/meta-llama-3-70b.md,mmlu_professional_psychology,85.3
models/meta/meta-llama-3-70b.md,mmlu_public_relations,74.5
models/meta/meta-llama-3-70b.md,mmlu_security_studies,81.6
models/meta/meta-llama-3-70b.md,mmlu_sociology,92.0
models/meta/meta-llama-3-70b.md,mmlu_us_foreign_policy,92.0
models/meta/meta-llama-3-70b.md,mmlu_virology,56.6
models/meta/meta-llama-3-70b.md,mmlu_world_religions,90.1
models/meta/meta-llama-3-70b.md,ifeval,16.0
models/meta/meta-llama-3-70b.md,bbh,64.6
models/meta/meta-llama-3-70b.md,math_lvl5,18.6
models/meta/meta-llama-3-70b.md,gpqa_pooled,39.8
models/meta/meta-llama-3-70b.md,musr,45.2
models/meta/meta-llama-3-70b.md,mmlu_pro,47.1
models/meta/meta-llama-3-8b-instruct.md,arc_challenge,60.8
models/meta/meta-llama-3-8b-instruct.md,gsm8k,68.7
models/meta/meta-llama-3-8b-instruct.md,hellaswag,78.6
models/meta/meta-llama-3-8b-instruct.md,truthfulqa,51.6
models/meta/meta-llama-3-8b-instruct.md,winogrande,74.5
models/meta/meta-llama-3-8b-instruct.md,mmlu_abstract_algebra,32.0
models/meta/meta-llama-3-8b-instruct.md,mmlu_anatomy,65.2
models/meta/meta-llama-3-8b-instruct.md,mmlu_astronomy,70.4
models/meta/meta-llama-3-8b-instruct.md,mmlu_business_ethics,69.0
models/meta/meta-llama-3-8b-instruct.md,mmlu_clinical_knowledge,74.7
models/meta/meta-llama-3-8b-instruct.md,mmlu_college_biology,79.9
models/meta/meta-llama-3-8b-instruct.md,mmlu_college_chemistry,47.0
models/meta/meta-llama-3-8b-instruct.md,mmlu_college_computer_science,59.0
models/meta/meta-llama-3-8b-instruct.md,mmlu_college_mathematics,39.0
models/meta/meta-llama-3-8b-instruct.md,mmlu_college_medicine,63.6
models/meta/meta-llama-3-8b-instruct.md,mmlu_college_physics,50.0
models/meta/meta-llama-3-8b-instruct.md,mmlu_computer_security,77.0
models/meta/meta-llama-3-8b-instruct.md,mmlu_conceptual_physics,60.4
models/meta/meta-llama-3-8b-instruct.md,mmlu_econometrics,60.5
models/meta/meta-llama-3-8b-instruct.md,mmlu_electrical_engineering,62.8
models/meta/meta-llama-3-8b-instruct.md,mmlu_elementary_mathematics,44.4
models/meta/meta-llama-3-8b-instruct.md,mmlu_formal_logic,48.4
models/meta/meta-llama-3-8b-instruct.md,mmlu_global_facts,40.0
models/meta/meta-llama-3-8b-instruct.md,mmlu_high_school_biology,78.4
models/meta/meta-llama-3-8b-instruct.md,mmlu_high_school_chemistry,50.7
models/meta/meta-llama-3-8b-instruct.md,mmlu_high_school_computer_science,75.0
models/meta/meta-llama-3-8b-instruct.md,mmlu_high_school_european_history,74.5
models/meta/meta-llama-3-8b-instruct.md,mmlu_high_school_geography,84.3
models/meta/meta-llama-3-8b-instruct.md,mmlu_high_school_government_and_politics,91.2
models/meta/meta-llama-3-8b-instruct.md,mmlu_high_school_macroeconomics,65.9
models/meta/meta-llama-3-8b-instruct.md,mmlu_high_school_mathematics,40.0
models/meta/meta-llama-3-8b-instruct.md,mmlu_high_school_microeconomics,76.5
models/meta/meta-llama-3-8b-instruct.md,mmlu_high_school_physics,44.4
models/meta/meta-llama-3-8b-instruct.md,mmlu_high_school_psychology,83.7
models/meta/meta-llama-3-8b-instruct.md,mmlu_high_school_statistics,53.7
models/meta/meta-llama-3-8b-instruct.md,mmlu_high_school_us_history,85.8
models/meta/meta-llama-3-8b-instruct.md,mmlu_high_school_world_history,84.4
models/meta/meta-llama-3-8b-instruct.md,mmlu_human_aging,72.2
models/meta/meta-llama-3-8b-instruct.md,mmlu_human_sexuality,77.9
models/meta/meta-llama-3-8b-instruct.md,mmlu_international_law,81.8
models/meta/meta-llama-3-8b-instruct.md,mmlu_jurisprudence,77.8
models/meta/meta-llama-3-8b-instruct.md,mmlu_logical_fallacies,76.7
models/meta/meta-llama-3-8b-instruct.md,mmlu_machine_learning,54.5
models/meta/meta-llama-3-8b-instruct.md,mmlu_management,78.6
models/meta/meta-llama-3-8b-instruct.md,mmlu_marketing,90.6
models/meta/meta-llama-3-8b-instruct.md,mmlu_medical_genetics,80.0
models/meta/meta-llama-3-8b-instruct.md,mmlu_miscellaneous,79.8
models/meta/meta-llama-3-8b-instruct.md,mmlu_moral_disputes,74.9
models/meta/meta-llama-3-8b-instruct.md,mmlu_moral_scenarios,43.7
models/meta/meta-llama-3-8b-instruct.md,mmlu_nutrition,74.5
models/meta/meta-llama-3-8b-instruct.md,mmlu_philosophy,71.4
models/meta/meta-llama-3-8b-instruct.md,mmlu_prehistory,74.1
models/meta/meta-llama-3-8b-instruct.md,mmlu_professional_accounting,52.8
models/meta/meta-llama-3-8b-instruct.md,mmlu_professional_law,47.8
models/meta/meta-llama-3-8b-instruct.md,mmlu_professional_medicine,71.7
models/meta/meta-llama-3-8b-instruct.md,mmlu_professional_psychology,70.6
models/meta/meta-llama-3-8b-instruct.md,mmlu_public_relations,64.5
models/meta/meta-llama-3-8b-instruct.md,mmlu_security_studies,73.9
models/meta/meta-llama-3-8b-instruct.md,mmlu_sociology,86.6
models/meta/meta-llama-3-8b-instruct.md,mmlu_us_foreign_policy,86.0
models/meta/meta-llama-3-8b-instruct.md,mmlu_virology,51.2
models/meta/meta-llama-3-8b-instruct.md,mmlu_world_religions,77.8
models/meta/meta-llama-3-8b-instruct.md,ifeval,47.8
models/meta/meta-llama-3-8b-instruct.md,bbh,49.1
models/meta/meta-llama-3-8b-instruct.md,math_lvl5,9.1
models/meta/meta-llama-3-8b-instruct.md,gpqa_pooled,29.3
models/meta/meta-llama-3-8b-instruct.md,musr,38.1
models/meta/meta-llama-3-8b-instruct.md,mmlu_pro,35.9
models/meta/meta-llama-3-8b.md,arc_challenge,60.2
models/meta/meta-llama-3-8b.md,gsm8k,45.2
models/meta/meta-llama-3-8b.md,hellaswag,82.2
models/meta/meta-llama-3-8b.md,truthfulqa,42.9
models/meta/meta-llama-3-8b.md,winogrande,78.5
models/meta/meta-llama-3-8b.md,mmlu_abstract_algebra,35.0
models/meta/meta-llama-3-8b.md,mmlu_anatomy,69.6
models/meta/meta-llama-3-8b.md,mmlu_astronomy,67.8
models/meta/meta-llama-3-8b.md,mmlu_business_ethics,63.0
models/meta/meta-llama-3-8b.md,mmlu_clinical_knowledge,75.5
models/meta/meta-llama-3-8b.md,mmlu_college_biology,77.1
models/meta/meta-llama-3-8b.md,mmlu_college_chemistry,47.0
models/meta/meta-llama-3-8b.md,mmlu_college_computer_science,49.0
models/meta/meta-llama-3-8b.md,mmlu_college_mathematics,33.0
models/meta/meta-llama-3-8b.md,mmlu_college_medicine,63.6
models/meta/meta-llama-3-8b.md,mmlu_college_physics,49.0
models/meta/meta-llama-3-8b.md,mmlu_computer_security,80.0
models/meta/meta-llama-3-8b.md,mmlu_conceptual_physics,59.1
models/meta/meta-llama-3-8b.md,mmlu_econometrics,49.1
models/meta/meta-llama-3-8b.md,mmlu_electrical_engineering,64.8
models/meta/meta-llama-3-8b.md,mmlu_elementary_mathematics,43.4
models/meta/meta-llama-3-8b.md,mmlu_formal_logic,47.6
models/meta/meta-llama-3-8b.md,mmlu_global_facts,37.0
models/meta/meta-llama-3-8b.md,mmlu_high_school_biology,76.8
models/meta/meta-llama-3-8b.md,mmlu_high_school_chemistry,54.7
models/meta/meta-llama-3-8b.md,mmlu_high_school_computer_science,68.0
models/meta/meta-llama-3-8b.md,mmlu_high_school_european_history,77.0
models/meta/meta-llama-3-8b.md,mmlu_high_school_geography,80.3
models/meta/meta-llama-3-8b.md,mmlu_high_school_government_and_politics,89.1
models/meta/meta-llama-3-8b.md,mmlu_high_school_macroeconomics,65.1
models/meta/meta-llama-3-8b.md,mmlu_high_school_mathematics,40.0
models/meta/meta-llama-3-8b.md,mmlu_high_school_microeconomics,73.5
models/meta/meta-llama-3-8b.md,mmlu_high_school_physics,44.4
models/meta/meta-llama-3-8b.md,mmlu_high_school_psychology,84.8
models/meta/meta-llama-3-8b.md,mmlu_high_school_statistics,57.9
models/meta/meta-llama-3-8b.md,mmlu_high_school_us_history,85.8
models/meta/meta-llama-3-8b.md,mmlu_high_school_world_history,82.3
models/meta/meta-llama-3-8b.md,mmlu_human_aging,71.7
models/meta/meta-llama-3-8b.md,mmlu_human_sexuality,77.1
models/meta/meta-llama-3-8b.md,mmlu_international_law,85.1
models/meta/meta-llama-3-8b.md,mmlu_jurisprudence,75.0
models/meta/meta-llama-3-8b.md,mmlu_logical_fallacies,73.6
models/meta/meta-llama-3-8b.md,mmlu_machine_learning,53.6
models/meta/meta-llama-3-8b.md,mmlu_management,87.4
models/meta/meta-llama-3-8b.md,mmlu_marketing,89.7
models/meta/meta-llama-3-8b.md,mmlu_medical_genetics,79.0
models/meta/meta-llama-3-8b.md,mmlu_miscellaneous,83.0
models/meta/meta-llama-3-8b.md,mmlu_moral_disputes,74.0
models/meta/meta-llama-3-8b.md,mmlu_moral_scenarios,41.3
models/meta/meta-llama-3-8b.md,mmlu_nutrition,76.5
models/meta/meta-llama-3-8b.md,mmlu_philosophy,74.3
models/meta/meta-llama-3-8b.md,mmlu_prehistory,72.5
models/meta/meta-llama-3-8b.md,mmlu_professional_accounting,49.3
models/meta/meta-llama-3-8b.md,mmlu_professional_law,46.7
models/meta/meta-llama-3-8b.md,mmlu_professional_medicine,72.1
models/meta/meta-llama-3-8b.md,mmlu_professional_psychology,72.4
models/meta/meta-llama-3-8b.md,mmlu_public_relations,71.8
models/meta/meta-llama-3-8b.md,mmlu_security_studies,75.1
models/meta/meta-llama-3-8b.md,mmlu_sociology,85.6
models/meta/meta-llama-3-8b.md,mmlu_us_foreign_policy,86.0
models/meta/meta-llama-3-8b.md,mmlu_virology,56.0
models/meta/meta-llama-3-8b.md,mmlu_world_religions,83.0
models/meta/meta-llama-3-8b.md,ifeval,14.6
models/meta/meta-llama-3-8b.md,bbh,46.0
models/meta/meta-llama-3-8b.md,math_lvl5,4.5
models/meta/meta-llama-3-8b.md,gpqa_pooled,30.5
models/meta/meta-llama-3-8b.md,musr,36.1
models/meta/meta-llama-3-8b.md,mmlu_pro,32.1
models/meta/muse-spark.md,arc_agi_2,42.5
models/meta/muse-spark.md,charxiv_reasoning,86.4
models/meta/muse-spark.md,deepsearchqa,74.8
models/meta/muse-spark.md,healthbench_hard,42.8
models/meta/muse-spark.md,ipho_2025_theory,82.6
models/meta/muse-spark.md,frontierscience_research,38.3
models/meta/muse-spark.md,medxpertqa_multimodal,78.4
models/meta/muse-spark.md,terminal_bench_2,59.0
models/meta/muse-spark.md,zerobench,33.0
models/microsoft/dialogpt-medium.md,ifeval,14.8
models/microsoft/dialogpt-medium.md,bbh,30.1
models/microsoft/dialogpt-medium.md,math_lvl5,0.0
models/microsoft/dialogpt-medium.md,gpqa_pooled,25.4
models/microsoft/dialogpt-medium.md,musr,42.9
models/microsoft/dialogpt-medium.md,mmlu_pro,11.2
models/microsoft/phi-2.md,arc_challenge,61.0
models/microsoft/phi-2.md,gsm8k,55.0
models/microsoft/phi-2.md,hellaswag,74.9
models/microsoft/phi-2.md,truthfulqa,44.2
models/microsoft/phi-2.md,winogrande,73.5
models/microsoft/phi-2.md,mmlu_abstract_algebra,29.0
models/microsoft/phi-2.md,mmlu_anatomy,44.4
models/microsoft/phi-2.md,mmlu_astronomy,58.6
models/microsoft/phi-2.md,mmlu_business_ethics,56.0
models/microsoft/phi-2.md,mmlu_clinical_knowledge,60.4
models/microsoft/phi-2.md,mmlu_college_biology,66.7
models/microsoft/phi-2.md,mmlu_college_chemistry,40.0
models/microsoft/phi-2.md,mmlu_college_computer_science,41.0
models/microsoft/phi-2.md,mmlu_college_mathematics,38.0
models/microsoft/phi-2.md,mmlu_college_medicine,59.0
models/microsoft/phi-2.md,mmlu_college_physics,37.3
models/microsoft/phi-2.md,mmlu_computer_security,74.0
models/microsoft/phi-2.md,mmlu_conceptual_physics,52.3
models/microsoft/phi-2.md,mmlu_econometrics,38.6
models/microsoft/phi-2.md,mmlu_electrical_engineering,55.2
models/microsoft/phi-2.md,mmlu_elementary_mathematics,46.0
models/microsoft/phi-2.md,mmlu_formal_logic,35.7
models/microsoft/phi-2.md,mmlu_global_facts,38.0
models/microsoft/phi-2.md,mmlu_high_school_biology,67.1
models/microsoft/phi-2.md,mmlu_high_school_chemistry,47.3
models/microsoft/phi-2.md,mmlu_high_school_computer_science,64.0
models/microsoft/phi-2.md,mmlu_high_school_european_history,64.8
models/microsoft/phi-2.md,mmlu_high_school_geography,75.3
models/microsoft/phi-2.md,mmlu_high_school_government_and_politics,80.8
models/microsoft/phi-2.md,mmlu_high_school_macroeconomics,58.2
models/microsoft/phi-2.md,mmlu_high_school_mathematics,33.0
models/microsoft/phi-2.md,mmlu_high_school_microeconomics,62.2
models/microsoft/phi-2.md,mmlu_high_school_physics,38.4
models/microsoft/phi-2.md,mmlu_high_school_psychology,79.3
models/microsoft/phi-2.md,mmlu_high_school_statistics,47.2
models/microsoft/phi-2.md,mmlu_high_school_us_history,66.7
models/microsoft/phi-2.md,mmlu_high_school_world_history,74.3
models/microsoft/phi-2.md,mmlu_human_aging,65.9
models/microsoft/phi-2.md,mmlu_human_sexuality,70.2
models/microsoft/phi-2.md,mmlu_international_law,72.7
models/microsoft/phi-2.md,mmlu_jurisprudence,73.1
models/microsoft/phi-2.md,mmlu_logical_fallacies,73.0
models/microsoft/phi-2.md,mmlu_machine_learning,48.2
models/microsoft/phi-2.md,mmlu_management,70.9
models/microsoft/phi-2.md,mmlu_marketing,82.5
models/microsoft/phi-2.md,mmlu_medical_genetics,64.0
models/microsoft/phi-2.md,mmlu_miscellaneous,69.2
models/microsoft/phi-2.md,mmlu_moral_disputes,66.5
models/microsoft/phi-2.md,mmlu_moral_scenarios,29.9
models/microsoft/phi-2.md,mmlu_nutrition,62.1
models/microsoft/phi-2.md,mmlu_philosophy,62.1
models/microsoft/phi-2.md,mmlu_prehistory,62.0
models/microsoft/phi-2.md,mmlu_professional_accounting,44.0
models/microsoft/phi-2.md,mmlu_professional_law,43.7
models/microsoft/phi-2.md,mmlu_professional_medicine,48.2
models/microsoft/phi-2.md,mmlu_professional_psychology,56.4
models/microsoft/phi-2.md,mmlu_public_relations,62.7
models/microsoft/phi-2.md,mmlu_security_studies,71.8
models/microsoft/phi-2.md,mmlu_sociology,80.1
models/microsoft/phi-2.md,mmlu_us_foreign_policy,77.0
models/microsoft/phi-2.md,mmlu_virology,47.0
models/microsoft/phi-2.md,mmlu_world_religions,69.6
models/microsoft/phi-2.md,ifeval,27.4
models/microsoft/phi-2.md,bbh,48.8
models/microsoft/phi-2.md,math_lvl5,2.9
models/microsoft/phi-2.md,gpqa_pooled,27.2
models/microsoft/phi-2.md,musr,41.0
models/microsoft/phi-2.md,mmlu_pro,26.3
models/microsoft/phi-3-5-mini-instruct.md,bbh,55.2
models/microsoft/phi-3-5-mini-instruct.md,ifeval,57.7
models/microsoft/phi-3-5-mini-instruct.md,mmlu_pro,39.6
models/microsoft/phi-3-5-mini-instruct.md,musr,40.2
models/microsoft/phi-3-5-mini-instruct.md,mgsm,47.9
models/microsoft/phi-3-5-mini-instruct.md,gsm8k,86.2
models/microsoft/phi-3-5-vision-instruct.md,mmmu,43.0
models/microsoft/phi-3-5-vision-instruct.md,mathvista,43.9
models/microsoft/phi-3-5-vision-instruct.md,chartqa,81.8
models/microsoft/phi-3-5-vision-instruct.md,ai2d,78.1
models/microsoft/phi-3-mini-128k-instruct.md,arc_challenge,63.1
models/microsoft/phi-3-mini-128k-instruct.md,gsm8k,69.5
models/microsoft/phi-3-mini-128k-instruct.md,hellaswag,80.1
models/microsoft/phi-3-mini-128k-instruct.md,truthfulqa,54.1
models/microsoft/phi-3-mini-128k-instruct.md,winogrande,72.8
models/microsoft/phi-3-mini-128k-instruct.md,mmlu_abstract_algebra,38.0
models/microsoft/phi-3-mini-128k-instruct.md,mmlu_anatomy,65.2
models/microsoft/phi-3-mini-128k-instruct.md,mmlu_astronomy,78.9
models/microsoft/phi-3-mini-128k-instruct.md,mmlu_business_ethics,68.0
models/microsoft/phi-3-mini-128k-instruct.md,mmlu_clinical_knowledge,74.0
models/microsoft/phi-3-mini-128k-instruct.md,mmlu_college_biology,79.9
models/microsoft/phi-3-mini-128k-instruct.md,mmlu_college_chemistry,44.0
models/microsoft/phi-3-mini-128k-instruct.md,mmlu_college_computer_science,56.0
models/microsoft/phi-3-mini-128k-instruct.md,mmlu_college_mathematics,40.0
models/microsoft/phi-3-mini-128k-instruct.md,mmlu_college_medicine,68.2
models/microsoft/phi-3-mini-128k-instruct.md,mmlu_college_physics,43.1
models/microsoft/phi-3-mini-128k-instruct.md,mmlu_computer_security,76.0
models/microsoft/phi-3-mini-128k-instruct.md,mmlu_conceptual_physics,69.8
models/microsoft/phi-3-mini-128k-instruct.md,mmlu_econometrics,49.1
models/microsoft/phi-3-mini-128k-instruct.md,mmlu_electrical_engineering,62.1
models/microsoft/phi-3-mini-128k-instruct.md,mmlu_elementary_mathematics,48.9
models/microsoft/phi-3-mini-128k-instruct.md,mmlu_formal_logic,57.1
models/microsoft/phi-3-mini-128k-instruct.md,mmlu_global_facts,37.0
models/microsoft/phi-3-mini-128k-instruct.md,mmlu_high_school_biology,83.5
models/microsoft/phi-3-mini-128k-instruct.md,mmlu_high_school_chemistry,60.1
models/microsoft/phi-3-mini-128k-instruct.md,mmlu_high_school_computer_science,67.0
models/microsoft/phi-3-mini-128k-instruct.md,mmlu_high_school_european_history,81.2
models/microsoft/phi-3-mini-128k-instruct.md,mmlu_high_school_geography,84.8
models/microsoft/phi-3-mini-128k-instruct.md,mmlu_high_school_government_and_politics,88.6
models/microsoft/phi-3-mini-128k-instruct.md,mmlu_high_school_macroeconomics,73.3
models/microsoft/phi-3-mini-128k-instruct.md,mmlu_high_school_mathematics,40.0
models/microsoft/phi-3-mini-128k-instruct.md,mmlu_high_school_microeconomics,82.8
models/microsoft/phi-3-mini-128k-instruct.md,mmlu_high_school_physics,44.4
models/microsoft/phi-3-mini-128k-instruct.md,mmlu_high_school_psychology,89.0
models/microsoft/phi-3-mini-128k-instruct.md,mmlu_high_school_statistics,64.8
models/microsoft/phi-3-mini-128k-instruct.md,mmlu_high_school_us_history,83.3
models/microsoft/phi-3-mini-128k-instruct.md,mmlu_high_school_world_history,79.7
models/microsoft/phi-3-mini-128k-instruct.md,mmlu_human_aging,70.9
models/microsoft/phi-3-mini-128k-instruct.md,mmlu_human_sexuality,75.6
models/microsoft/phi-3-mini-128k-instruct.md,mmlu_international_law,82.6
models/microsoft/phi-3-mini-128k-instruct.md,mmlu_jurisprudence,77.8
models/microsoft/phi-3-mini-128k-instruct.md,mmlu_logical_fallacies,81.6
models/microsoft/phi-3-mini-128k-instruct.md,mmlu_machine_learning,54.5
models/microsoft/phi-3-mini-128k-instruct.md,mmlu_management,82.5
models/microsoft/phi-3-mini-128k-instruct.md,mmlu_marketing,88.9
models/microsoft/phi-3-mini-128k-instruct.md,mmlu_medical_genetics,83.0
models/microsoft/phi-3-mini-128k-instruct.md,mmlu_miscellaneous,81.6
models/microsoft/phi-3-mini-128k-instruct.md,mmlu_moral_disputes,74.0
models/microsoft/phi-3-mini-128k-instruct.md,mmlu_moral_scenarios,58.4
models/microsoft/phi-3-mini-128k-instruct.md,mmlu_nutrition,77.8
models/microsoft/phi-3-mini-128k-instruct.md,mmlu_philosophy,73.6
models/microsoft/phi-3-mini-128k-instruct.md,mmlu_prehistory,77.2
models/microsoft/phi-3-mini-128k-instruct.md,mmlu_professional_accounting,58.5
models/microsoft/phi-3-mini-128k-instruct.md,mmlu_professional_law,49.7
models/microsoft/phi-3-mini-128k-instruct.md,mmlu_professional_medicine,72.4
models/microsoft/phi-3-mini-128k-instruct.md,mmlu_professional_psychology,75.3
models/microsoft/phi-3-mini-128k-instruct.md,mmlu_public_relations,67.3
models/microsoft/phi-3-mini-128k-instruct.md,mmlu_security_studies,74.7
models/microsoft/phi-3-mini-128k-instruct.md,mmlu_sociology,85.6
models/microsoft/phi-3-mini-128k-instruct.md,mmlu_us_foreign_policy,87.0
models/microsoft/phi-3-mini-128k-instruct.md,mmlu_virology,47.0
models/microsoft/phi-3-mini-128k-instruct.md,mmlu_world_religions,80.7
models/microsoft/phi-3-mini-128k-instruct.md,ifeval,59.8
models/microsoft/phi-3-mini-128k-instruct.md,bbh,55.7
models/microsoft/phi-3-mini-128k-instruct.md,math_lvl5,14.0
models/microsoft/phi-3-mini-128k-instruct.md,gpqa_pooled,31.8
models/microsoft/phi-3-mini-128k-instruct.md,musr,39.4
models/microsoft/phi-3-mini-128k-instruct.md,mmlu_pro,37.3
models/microsoft/phi-3-mini-4k-instruct.md,arc_challenge,63.0
models/microsoft/phi-3-mini-4k-instruct.md,gsm8k,74.5
models/microsoft/phi-3-mini-4k-instruct.md,hellaswag,80.6
models/microsoft/phi-3-mini-4k-instruct.md,truthfulqa,59.9
models/microsoft/phi-3-mini-4k-instruct.md,winogrande,72.4
models/microsoft/phi-3-mini-4k-instruct.md,mmlu_abstract_algebra,36.0
models/microsoft/phi-3-mini-4k-instruct.md,mmlu_anatomy,66.7
models/microsoft/phi-3-mini-4k-instruct.md,mmlu_astronomy,77.0
models/microsoft/phi-3-mini-4k-instruct.md,mmlu_business_ethics,68.0
models/microsoft/phi-3-mini-4k-instruct.md,mmlu_clinical_knowledge,74.3
models/microsoft/phi-3-mini-4k-instruct.md,mmlu_college_biology,82.6
models/microsoft/phi-3-mini-4k-instruct.md,mmlu_college_chemistry,47.0
models/microsoft/phi-3-mini-4k-instruct.md,mmlu_college_computer_science,55.0
models/microsoft/phi-3-mini-4k-instruct.md,mmlu_college_mathematics,35.0
models/microsoft/phi-3-mini-4k-instruct.md,mmlu_college_medicine,68.8
models/microsoft/phi-3-mini-4k-instruct.md,mmlu_college_physics,36.3
models/microsoft/phi-3-mini-4k-instruct.md,mmlu_computer_security,78.0
models/microsoft/phi-3-mini-4k-instruct.md,mmlu_conceptual_physics,70.6
models/microsoft/phi-3-mini-4k-instruct.md,mmlu_econometrics,45.6
models/microsoft/phi-3-mini-4k-instruct.md,mmlu_electrical_engineering,57.9
models/microsoft/phi-3-mini-4k-instruct.md,mmlu_elementary_mathematics,52.6
models/microsoft/phi-3-mini-4k-instruct.md,mmlu_formal_logic,58.7
models/microsoft/phi-3-mini-4k-instruct.md,mmlu_global_facts,40.0
models/microsoft/phi-3-mini-4k-instruct.md,mmlu_high_school_biology,83.9
models/microsoft/phi-3-mini-4k-instruct.md,mmlu_high_school_chemistry,60.1
models/microsoft/phi-3-mini-4k-instruct.md,mmlu_high_school_computer_science,73.0
models/microsoft/phi-3-mini-4k-instruct.md,mmlu_high_school_european_history,80.6
models/microsoft/phi-3-mini-4k-instruct.md,mmlu_high_school_geography,86.9
models/microsoft/phi-3-mini-4k-instruct.md,mmlu_high_school_government_and_politics,90.7
models/microsoft/phi-3-mini-4k-instruct.md,mmlu_high_school_macroeconomics,75.4
models/microsoft/phi-3-mini-4k-instruct.md,mmlu_high_school_mathematics,39.6
models/microsoft/phi-3-mini-4k-instruct.md,mmlu_high_school_microeconomics,83.6
models/microsoft/phi-3-mini-4k-instruct.md,mmlu_high_school_physics,44.4
models/microsoft/phi-3-mini-4k-instruct.md,mmlu_high_school_psychology,88.3
models/microsoft/phi-3-mini-4k-instruct.md,mmlu_high_school_statistics,61.6
models/microsoft/phi-3-mini-4k-instruct.md,mmlu_high_school_us_history,79.9
models/microsoft/phi-3-mini-4k-instruct.md,mmlu_high_school_world_history,79.3
models/microsoft/phi-3-mini-4k-instruct.md,mmlu_human_aging,69.1
models/microsoft/phi-3-mini-4k-instruct.md,mmlu_human_sexuality,76.3
models/microsoft/phi-3-mini-4k-instruct.md,mmlu_international_law,85.1
models/microsoft/phi-3-mini-4k-instruct.md,mmlu_jurisprudence,79.6
models/microsoft/phi-3-mini-4k-instruct.md,mmlu_logical_fallacies,80.4
models/microsoft/phi-3-mini-4k-instruct.md,mmlu_machine_learning,55.4
models/microsoft/phi-3-mini-4k-instruct.md,mmlu_management,80.6
models/microsoft/phi-3-mini-4k-instruct.md,mmlu_marketing,90.2
models/microsoft/phi-3-mini-4k-instruct.md,mmlu_medical_genetics,81.0
models/microsoft/phi-3-mini-4k-instruct.md,mmlu_miscellaneous,82.8
models/microsoft/phi-3-mini-4k-instruct.md,mmlu_moral_disputes,75.4
models/microsoft/phi-3-mini-4k-instruct.md,mmlu_moral_scenarios,58.5
models/microsoft/phi-3-mini-4k-instruct.md,mmlu_nutrition,75.8
models/microsoft/phi-3-mini-4k-instruct.md,mmlu_philosophy,76.2
models/microsoft/phi-3-mini-4k-instruct.md,mmlu_prehistory,78.1
models/microsoft/phi-3-mini-4k-instruct.md,mmlu_professional_accounting,58.2
models/microsoft/phi-3-mini-4k-instruct.md,mmlu_professional_law,51.3
models/microsoft/phi-3-mini-4k-instruct.md,mmlu_professional_medicine,76.1
models/microsoft/phi-3-mini-4k-instruct.md,mmlu_professional_psychology,75.8
models/microsoft/phi-3-mini-4k-instruct.md,mmlu_public_relations,73.6
models/microsoft/phi-3-mini-4k-instruct.md,mmlu_security_studies,76.7
models/microsoft/phi-3-mini-4k-instruct.md,mmlu_sociology,86.1
models/microsoft/phi-3-mini-4k-instruct.md,mmlu_us_foreign_policy,85.0
models/microsoft/phi-3-mini-4k-instruct.md,mmlu_virology,49.4
models/microsoft/phi-3-mini-4k-instruct.md,mmlu_world_religions,83.6
models/microsoft/phi-3-mini-4k-instruct.md,ifeval,56.1
models/microsoft/phi-3-mini-4k-instruct.md,bbh,56.8
models/microsoft/phi-3-mini-4k-instruct.md,musr,39.5
models/microsoft/phi-3-mini-4k-instruct.md,mmlu_pro,38.7
models/microsoft/phi-4-mini-instruct.md,alpaca_eval,32.5
models/microsoft/phi-4-mini-instruct.md,arena_elo_coding,1210.0
models/microsoft/phi-4-mini-instruct.md,arena_elo_math,1220.0
models/microsoft/phi-4-mini-instruct.md,arena_elo_overall,1200.0
models/microsoft/phi-4-mini-instruct.md,gpqa_diamond,42.1
models/microsoft/phi-4-mini-instruct.md,humaneval,70.2
models/microsoft/phi-4-mini-instruct.md,ifeval,72.0
models/microsoft/phi-4-mini-instruct.md,math_500,72.5
models/microsoft/phi-4-mini-instruct.md,mmlu_astronomy,68.8
models/microsoft/phi-4-mini-instruct.md,mmlu_biology,77.8
models/microsoft/phi-4-mini-instruct.md,mmlu_business_ethics,70.2
models/microsoft/phi-4-mini-instruct.md,mmlu_chemistry,70.5
models/microsoft/phi-4-mini-instruct.md,mmlu_clinical_knowledge,76.2
models/microsoft/phi-4-mini-instruct.md,mmlu_computer_science,78.5
models/microsoft/phi-4-mini-instruct.md,mmlu_jurisprudence,66.8
models/microsoft/phi-4-mini-instruct.md,mmlu_physics,74.2
models/microsoft/phi-4-mini-instruct.md,mmlu_pro,58.2
models/microsoft/phi-4-mini-instruct.md,mmlu_professional_accounting,61.2
models/microsoft/phi-4-mini-instruct.md,mmlu_professional_law,65.5
models/microsoft/phi-4-mini-instruct.md,mt_bench,8.2
models/microsoft/phi-4-mini-instruct.md,multipl_e,72.0
models/microsoft/phi-4-mini-instruct.md,multipl_e_cpp,72.1
models/microsoft/phi-4-mini-instruct.md,multipl_e_go,67.5
models/microsoft/phi-4-mini-instruct.md,multipl_e_java,76.5
models/microsoft/phi-4-mini-instruct.md,multipl_e_javascript,74.2
models/microsoft/phi-4-mini-instruct.md,multipl_e_python,79.2
models/microsoft/phi-4-mini-instruct.md,multipl_e_rust,60.8
models/microsoft/phi-4-mini-instruct.md,multipl_e_typescript,73.8
models/microsoft/phi-4-mini-instruct.md,wildbench,58.2
models/microsoft/phi-4-mini-instruct.md,mgsm,63.9
models/microsoft/phi-4-mini-instruct.md,gsm8k,88.6
models/microsoft/phi-4-mini-instruct.md,multipl_e_csharp,62.5
models/microsoft/phi-4-mini-instruct.md,multipl_e_php,58.8
models/microsoft/phi-4-mini-instruct.md,multipl_e_ruby,42.5
models/microsoft/phi-4-mini-instruct.md,multipl_e_swift,44.2
models/microsoft/phi-4-mini-instruct.md,multipl_e_r,36.5
models/microsoft/phi-4-mini-instruct.md,multipl_e_julia,40.2
models/microsoft/phi-4-mini-instruct.md,multipl_e_perl,30.5
models/microsoft/phi-4-mini-instruct.md,multipl_e_lua,35.2
models/microsoft/phi-4-mini-instruct.md,multipl_e_scala,38.2
models/microsoft/phi-4-mini-instruct.md,multipl_e_kotlin,50.5
models/microsoft/phi-4-mini-instruct.md,live_code_bench,23.1
models/microsoft/phi-4-mini-instruct.md,bbh,56.9
models/microsoft/phi-4-mini-instruct.md,musr,38.7
models/microsoft/phi-4-multimodal-instruct.md,alpaca_eval,32.5
models/microsoft/phi-4-multimodal-instruct.md,arena_elo_coding,1250
models/microsoft/phi-4-multimodal-instruct.md,arena_elo_math,1260
models/microsoft/phi-4-multimodal-instruct.md,arena_elo_overall,1240
models/microsoft/phi-4-multimodal-instruct.md,bbh,54.3
models/microsoft/phi-4-multimodal-instruct.md,gpqa_diamond,52.5
models/microsoft/phi-4-multimodal-instruct.md,humaneval,78.5
models/microsoft/phi-4-multimodal-instruct.md,ifeval,78
models/microsoft/phi-4-multimodal-instruct.md,math_500,82.5
models/microsoft/phi-4-multimodal-instruct.md,mmlu_astronomy,68.8
models/microsoft/phi-4-multimodal-instruct.md,mmlu_biology,77.8
models/microsoft/phi-4-multimodal-instruct.md,mmlu_business_ethics,70.2
models/microsoft/phi-4-multimodal-instruct.md,mmlu_chemistry,70.5
models/microsoft/phi-4-multimodal-instruct.md,mmlu_clinical_knowledge,76.2
models/microsoft/phi-4-multimodal-instruct.md,mmlu_computer_science,78.5
models/microsoft/phi-4-multimodal-instruct.md,mmlu_jurisprudence,66.8
models/microsoft/phi-4-multimodal-instruct.md,mmlu_physics,74.2
models/microsoft/phi-4-multimodal-instruct.md,mmlu_pro,68.5
models/microsoft/phi-4-multimodal-instruct.md,mmlu_professional_accounting,61.2
models/microsoft/phi-4-multimodal-instruct.md,mmlu_professional_law,65.5
models/microsoft/phi-4-multimodal-instruct.md,mt_bench,8.2
models/microsoft/phi-4-multimodal-instruct.md,musr,23.5
models/microsoft/phi-4-multimodal-instruct.md,wildbench,58.2
models/microsoft/phi-4.md,alpaca_eval,32.5
models/microsoft/phi-4.md,arena_elo_coding,1250.0
models/microsoft/phi-4.md,arena_elo_hard_prompts,1277.2
models/microsoft/phi-4.md,arena_elo_math,1260.0
models/microsoft/phi-4.md,arena_elo_overall,1240.0
models/microsoft/phi-4.md,arena_elo_style_control,1255.4
models/microsoft/phi-4.md,bbh,54.3
models/microsoft/phi-4.md,gpqa_diamond,52.5
models/microsoft/phi-4.md,gsm8k,93.5
models/microsoft/phi-4.md,humaneval,78.5
models/microsoft/phi-4.md,ifeval,78.0
models/microsoft/phi-4.md,live_code_bench,23.1
models/microsoft/phi-4.md,math_500,82.5
models/microsoft/phi-4.md,mgsm,80.6
models/microsoft/phi-4.md,mmlu_astronomy,68.8
models/microsoft/phi-4.md,mmlu_biology,77.8
models/microsoft/phi-4.md,mmlu_business_ethics,70.2
models/microsoft/phi-4.md,mmlu_chemistry,70.5
models/microsoft/phi-4.md,mmlu_clinical_knowledge,76.2
models/microsoft/phi-4.md,mmlu_computer_science,78.5
models/microsoft/phi-4.md,mmlu_jurisprudence,66.8
models/microsoft/phi-4.md,mmlu_physics,74.2
models/microsoft/phi-4.md,mmlu_pro,68.5
models/microsoft/phi-4.md,mmlu_professional_accounting,61.2
models/microsoft/phi-4.md,mmlu_professional_law,65.5
models/microsoft/phi-4.md,mt_bench,8.2
models/microsoft/phi-4.md,multipl_e,72.0
models/microsoft/phi-4.md,multipl_e_cpp,72.1
models/microsoft/phi-4.md,multipl_e_csharp,72.8
models/microsoft/phi-4.md,multipl_e_go,67.5
models/microsoft/phi-4.md,multipl_e_java,76.5
models/microsoft/phi-4.md,multipl_e_javascript,74.2
models/microsoft/phi-4.md,multipl_e_julia,52.5
models/microsoft/phi-4.md,multipl_e_kotlin,62.8
models/microsoft/phi-4.md,multipl_e_lua,45.5
models/microsoft/phi-4.md,multipl_e_perl,40.8
models/microsoft/phi-4.md,multipl_e_php,69.5
models/microsoft/phi-4.md,multipl_e_python,79.2
models/microsoft/phi-4.md,multipl_e_r,48.2
models/microsoft/phi-4.md,multipl_e_ruby,55.2
models/microsoft/phi-4.md,multipl_e_rust,60.8
models/microsoft/phi-4.md,multipl_e_scala,50.5
models/microsoft/phi-4.md,multipl_e_swift,55.8
models/microsoft/phi-4.md,multipl_e_typescript,73.8
models/microsoft/phi-4.md,musr,23.5
models/microsoft/phi-4.md,wildbench,58.2
models/microsoft/phi-4.md,medqa,77.8
models/minimax/minimax-m2-1.md,live_code_bench,81.0
models/minimax/minimax-m2-5.md,live_code_bench,82.6
models/minimax/minimax-m2-7.md,live_code_bench,82.6
models/minimax/minimax-m2.md,live_code_bench,82.6
models/mistral/codestral-latest.md,aider_polyglot,60.5
models/mistral/codestral-latest.md,arena_elo_coding,1290.0
models/mistral/codestral-latest.md,arena_elo_math,1240.0
models/mistral/codestral-latest.md,arena_elo_overall,1260.0
models/mistral/codestral-latest.md,gpqa_diamond,42.5
models/mistral/codestral-latest.md,humaneval,88.5
models/mistral/codestral-latest.md,ifeval,74.0
models/mistral/codestral-latest.md,math_500,65.2
models/mistral/codestral-latest.md,mmlu_pro,58.5
models/mistral/codestral-latest.md,multipl_e,75.7
models/mistral/codestral-latest.md,multipl_e_cpp,75.2
models/mistral/codestral-latest.md,multipl_e_go,72.5
models/mistral/codestral-latest.md,multipl_e_java,79.5
models/mistral/codestral-latest.md,multipl_e_javascript,78.2
models/mistral/codestral-latest.md,multipl_e_python,81.5
models/mistral/codestral-latest.md,multipl_e_rust,65.8
models/mistral/codestral-latest.md,multipl_e_typescript,77.1
models/mistral/codestral-latest.md,swe_bench_verified,35.2
models/mistral/codestral-latest.md,multipl_e_csharp,73.5
models/mistral/codestral-latest.md,multipl_e_php,71.2
models/mistral/codestral-latest.md,multipl_e_ruby,55.2
models/mistral/codestral-latest.md,multipl_e_swift,56.8
models/mistral/codestral-latest.md,multipl_e_lua,48.5
models/mistral/codestral-latest.md,multipl_e_scala,52.1
models/mistral/codestral-latest.md,multipl_e_kotlin,61.5
models/mistral/codestral-latest.md,live_code_bench,31.4
models/mistral/devstral-medium-2507.md,swe_bench_verified,61.6
models/mistral/devstral-medium-latest.md,swe_bench_verified,61.6
models/mistral/devstral-small-2-24b-instruct-2512.md,swe_bench_verified,53.6
models/mistral/devstral-small-2505.md,swe_bench_verified,53.6
models/mistral/devstral-small-2507.md,swe_bench_verified,53.6
models/mistral/magistral-medium-latest.md,arena_elo_coding,1300.0
models/mistral/magistral-medium-latest.md,arena_elo_hard_prompts,1331.2
models/mistral/magistral-medium-latest.md,arena_elo_math,1320.0
models/mistral/magistral-medium-latest.md,arena_elo_overall,1310.0
models/mistral/magistral-medium-latest.md,arena_elo_style_control,1303.0
models/mistral/magistral-medium-latest.md,gpqa_diamond,60.2
models/mistral/magistral-medium-latest.md,humaneval,86.5
models/mistral/magistral-medium-latest.md,ifeval,85.0
models/mistral/magistral-medium-latest.md,live_code_bench,50.3
models/mistral/magistral-medium-latest.md,math_500,85.5
models/mistral/magistral-medium-latest.md,mmlu_pro,74.2
models/mistral/ministral-8b-instruct-2410.md,ifeval,59.0
models/mistral/ministral-8b-instruct-2410.md,bbh,47.6
models/mistral/ministral-8b-instruct-2410.md,math_lvl5,19.6
models/mistral/ministral-8b-instruct-2410.md,gpqa_pooled,28.4
models/mistral/ministral-8b-instruct-2410.md,musr,41.4
models/mistral/ministral-8b-instruct-2410.md,mmlu_pro,32.9
models/mistral/mistral-7b-instruct-v0-1.md,gsm8k,14.3
models/mistral/mistral-7b-instruct-v0-1.md,winogrande,73.7
models/mistral/mistral-7b-instruct-v0-1.md,ifeval,44.9
models/mistral/mistral-7b-instruct-v0-1.md,bbh,33.5
models/mistral/mistral-7b-instruct-v0-1.md,math_lvl5,2.3
models/mistral/mistral-7b-instruct-v0-1.md,gpqa_pooled,25.0
models/mistral/mistral-7b-instruct-v0-1.md,musr,38.5
models/mistral/mistral-7b-instruct-v0-1.md,mmlu_pro,24.1
models/mistral/mistral-7b-instruct-v0-2.md,arc_challenge,63.1
models/mistral/mistral-7b-instruct-v0-2.md,gsm8k,40.0
models/mistral/mistral-7b-instruct-v0-2.md,hellaswag,84.9
models/mistral/mistral-7b-instruct-v0-2.md,truthfulqa,68.3
models/mistral/mistral-7b-instruct-v0-2.md,winogrande,77.2
models/mistral/mistral-7b-instruct-v0-2.md,mmlu_abstract_algebra,32.0
models/mistral/mistral-7b-instruct-v0-2.md,mmlu_anatomy,57.0
models/mistral/mistral-7b-instruct-v0-2.md,mmlu_astronomy,62.5
models/mistral/mistral-7b-instruct-v0-2.md,mmlu_business_ethics,60.0
models/mistral/mistral-7b-instruct-v0-2.md,mmlu_clinical_knowledge,67.2
models/mistral/mistral-7b-instruct-v0-2.md,mmlu_college_biology,69.4
models/mistral/mistral-7b-instruct-v0-2.md,mmlu_college_chemistry,40.0
models/mistral/mistral-7b-instruct-v0-2.md,mmlu_college_computer_science,53.0
models/mistral/mistral-7b-instruct-v0-2.md,mmlu_college_mathematics,39.0
models/mistral/mistral-7b-instruct-v0-2.md,mmlu_college_medicine,59.0
models/mistral/mistral-7b-instruct-v0-2.md,mmlu_college_physics,42.2
models/mistral/mistral-7b-instruct-v0-2.md,mmlu_computer_security,69.0
models/mistral/mistral-7b-instruct-v0-2.md,mmlu_conceptual_physics,53.2
models/mistral/mistral-7b-instruct-v0-2.md,mmlu_econometrics,40.4
models/mistral/mistral-7b-instruct-v0-2.md,mmlu_electrical_engineering,61.4
models/mistral/mistral-7b-instruct-v0-2.md,mmlu_elementary_mathematics,36.8
models/mistral/mistral-7b-instruct-v0-2.md,mmlu_formal_logic,42.1
models/mistral/mistral-7b-instruct-v0-2.md,mmlu_global_facts,35.0
models/mistral/mistral-7b-instruct-v0-2.md,mmlu_high_school_biology,63.2
models/mistral/mistral-7b-instruct-v0-2.md,mmlu_high_school_chemistry,51.2
models/mistral/mistral-7b-instruct-v0-2.md,mmlu_high_school_computer_science,65.0
models/mistral/mistral-7b-instruct-v0-2.md,mmlu_high_school_european_history,73.9
models/mistral/mistral-7b-instruct-v0-2.md,mmlu_high_school_geography,76.3
models/mistral/mistral-7b-instruct-v0-2.md,mmlu_high_school_government_and_politics,85.5
models/mistral/mistral-7b-instruct-v0-2.md,mmlu_high_school_macroeconomics,55.6
models/mistral/mistral-7b-instruct-v0-2.md,mmlu_high_school_mathematics,30.0
models/mistral/mistral-7b-instruct-v0-2.md,mmlu_high_school_microeconomics,65.5
models/mistral/mistral-7b-instruct-v0-2.md,mmlu_high_school_physics,35.8
models/mistral/mistral-7b-instruct-v0-2.md,mmlu_high_school_psychology,79.1
models/mistral/mistral-7b-instruct-v0-2.md,mmlu_high_school_statistics,44.4
models/mistral/mistral-7b-instruct-v0-2.md,mmlu_high_school_us_history,76.5
models/mistral/mistral-7b-instruct-v0-2.md,mmlu_high_school_world_history,75.5
models/mistral/mistral-7b-instruct-v0-2.md,mmlu_human_aging,61.9
models/mistral/mistral-7b-instruct-v0-2.md,mmlu_human_sexuality,74.0
models/mistral/mistral-7b-instruct-v0-2.md,mmlu_international_law,81.0
models/mistral/mistral-7b-instruct-v0-2.md,mmlu_jurisprudence,74.1
models/mistral/mistral-7b-instruct-v0-2.md,mmlu_logical_fallacies,73.0
models/mistral/mistral-7b-instruct-v0-2.md,mmlu_machine_learning,44.6
models/mistral/mistral-7b-instruct-v0-2.md,mmlu_management,75.7
models/mistral/mistral-7b-instruct-v0-2.md,mmlu_marketing,86.3
models/mistral/mistral-7b-instruct-v0-2.md,mmlu_medical_genetics,67.0
models/mistral/mistral-7b-instruct-v0-2.md,mmlu_miscellaneous,78.0
models/mistral/mistral-7b-instruct-v0-2.md,mmlu_moral_disputes,69.7
models/mistral/mistral-7b-instruct-v0-2.md,mmlu_moral_scenarios,31.2
models/mistral/mistral-7b-instruct-v0-2.md,mmlu_nutrition,68.6
models/mistral/mistral-7b-instruct-v0-2.md,mmlu_philosophy,70.4
models/mistral/mistral-7b-instruct-v0-2.md,mmlu_prehistory,70.1
models/mistral/mistral-7b-instruct-v0-2.md,mmlu_professional_accounting,45.0
models/mistral/mistral-7b-instruct-v0-2.md,mmlu_professional_law,43.5
models/mistral/mistral-7b-instruct-v0-2.md,mmlu_professional_medicine,61.8
models/mistral/mistral-7b-instruct-v0-2.md,mmlu_professional_psychology,63.1
models/mistral/mistral-7b-instruct-v0-2.md,mmlu_public_relations,70.9
models/mistral/mistral-7b-instruct-v0-2.md,mmlu_security_studies,70.6
models/mistral/mistral-7b-instruct-v0-2.md,mmlu_sociology,73.1
models/mistral/mistral-7b-instruct-v0-2.md,mmlu_us_foreign_policy,81.0
models/mistral/mistral-7b-instruct-v0-2.md,mmlu_virology,49.4
models/mistral/mistral-7b-instruct-v0-2.md,mmlu_world_religions,83.6
models/mistral/mistral-7b-instruct-v0-2.md,ifeval,55.0
models/mistral/mistral-7b-instruct-v0-2.md,bbh,44.6
models/mistral/mistral-7b-instruct-v0-2.md,math_lvl5,3.0
models/mistral/mistral-7b-instruct-v0-2.md,gpqa_pooled,27.6
models/mistral/mistral-7b-instruct-v0-2.md,musr,39.7
models/mistral/mistral-7b-instruct-v0-2.md,mmlu_pro,27.2
models/mistral/mistral-7b-instruct-v0-3.md,ifeval,54.7
models/mistral/mistral-7b-instruct-v0-3.md,bbh,47.2
models/mistral/mistral-7b-instruct-v0-3.md,math_lvl5,3.9
models/mistral/mistral-7b-instruct-v0-3.md,gpqa_pooled,27.9
models/mistral/mistral-7b-instruct-v0-3.md,musr,37.4
models/mistral/mistral-7b-instruct-v0-3.md,mmlu_pro,30.8
models/mistral/mistral-7b-v0-1.md,gsm8k,37.1
models/mistral/mistral-7b-v0-1.md,ifeval,23.9
models/mistral/mistral-7b-v0-1.md,bbh,44.2
models/mistral/mistral-7b-v0-1.md,math_lvl5,2.9
models/mistral/mistral-7b-v0-1.md,gpqa_pooled,29.2
models/mistral/mistral-7b-v0-1.md,musr,41.4
models/mistral/mistral-7b-v0-1.md,mmlu_pro,30.1
models/mistral/mistral-7b-v0-3.md,arc_challenge,60.5
models/mistral/mistral-7b-v0-3.md,gsm8k,34.5
models/mistral/mistral-7b-v0-3.md,hellaswag,83.0
models/mistral/mistral-7b-v0-3.md,truthfulqa,41.8
models/mistral/mistral-7b-v0-3.md,winogrande,78.5
models/mistral/mistral-7b-v0-3.md,mmlu_abstract_algebra,30.0
models/mistral/mistral-7b-v0-3.md,mmlu_anatomy,60.7
models/mistral/mistral-7b-v0-3.md,mmlu_astronomy,65.1
models/mistral/mistral-7b-v0-3.md,mmlu_business_ethics,61.0
models/mistral/mistral-7b-v0-3.md,mmlu_clinical_knowledge,68.3
models/mistral/mistral-7b-v0-3.md,mmlu_college_biology,69.4
models/mistral/mistral-7b-v0-3.md,mmlu_college_chemistry,49.0
models/mistral/mistral-7b-v0-3.md,mmlu_college_computer_science,52.0
models/mistral/mistral-7b-v0-3.md,mmlu_college_mathematics,37.0
models/mistral/mistral-7b-v0-3.md,mmlu_college_medicine,63.0
models/mistral/mistral-7b-v0-3.md,mmlu_college_physics,31.4
models/mistral/mistral-7b-v0-3.md,mmlu_computer_security,73.0
models/mistral/mistral-7b-v0-3.md,mmlu_conceptual_physics,58.3
models/mistral/mistral-7b-v0-3.md,mmlu_econometrics,44.7
models/mistral/mistral-7b-v0-3.md,mmlu_electrical_engineering,55.9
models/mistral/mistral-7b-v0-3.md,mmlu_elementary_mathematics,40.2
models/mistral/mistral-7b-v0-3.md,mmlu_formal_logic,39.7
models/mistral/mistral-7b-v0-3.md,mmlu_global_facts,40.0
models/mistral/mistral-7b-v0-3.md,mmlu_high_school_biology,76.1
models/mistral/mistral-7b-v0-3.md,mmlu_high_school_chemistry,54.2
models/mistral/mistral-7b-v0-3.md,mmlu_high_school_computer_science,65.0
models/mistral/mistral-7b-v0-3.md,mmlu_high_school_european_history,76.4
models/mistral/mistral-7b-v0-3.md,mmlu_high_school_geography,77.3
models/mistral/mistral-7b-v0-3.md,mmlu_high_school_government_and_politics,87.6
models/mistral/mistral-7b-v0-3.md,mmlu_high_school_macroeconomics,60.5
models/mistral/mistral-7b-v0-3.md,mmlu_high_school_mathematics,35.9
models/mistral/mistral-7b-v0-3.md,mmlu_high_school_microeconomics,63.9
models/mistral/mistral-7b-v0-3.md,mmlu_high_school_physics,35.8
models/mistral/mistral-7b-v0-3.md,mmlu_high_school_psychology,80.0
models/mistral/mistral-7b-v0-3.md,mmlu_high_school_statistics,51.9
models/mistral/mistral-7b-v0-3.md,mmlu_high_school_us_history,81.4
models/mistral/mistral-7b-v0-3.md,mmlu_high_school_world_history,78.1
models/mistral/mistral-7b-v0-3.md,mmlu_human_aging,70.0
models/mistral/mistral-7b-v0-3.md,mmlu_human_sexuality,77.1
models/mistral/mistral-7b-v0-3.md,mmlu_international_law,81.0
models/mistral/mistral-7b-v0-3.md,mmlu_jurisprudence,74.1
models/mistral/mistral-7b-v0-3.md,mmlu_logical_fallacies,78.5
models/mistral/mistral-7b-v0-3.md,mmlu_machine_learning,53.6
models/mistral/mistral-7b-v0-3.md,mmlu_management,81.6
models/mistral/mistral-7b-v0-3.md,mmlu_marketing,88.0
models/mistral/mistral-7b-v0-3.md,mmlu_medical_genetics,70.0
models/mistral/mistral-7b-v0-3.md,mmlu_miscellaneous,79.8
models/mistral/mistral-7b-v0-3.md,mmlu_moral_disputes,70.2
models/mistral/mistral-7b-v0-3.md,mmlu_moral_scenarios,39.8
models/mistral/mistral-7b-v0-3.md,mmlu_nutrition,74.2
models/mistral/mistral-7b-v0-3.md,mmlu_philosophy,72.7
models/mistral/mistral-7b-v0-3.md,mmlu_prehistory,68.8
models/mistral/mistral-7b-v0-3.md,mmlu_professional_accounting,51.1
models/mistral/mistral-7b-v0-3.md,mmlu_professional_law,46.2
models/mistral/mistral-7b-v0-3.md,mmlu_professional_medicine,68.8
models/mistral/mistral-7b-v0-3.md,mmlu_professional_psychology,66.2
models/mistral/mistral-7b-v0-3.md,mmlu_public_relations,64.5
models/mistral/mistral-7b-v0-3.md,mmlu_security_studies,72.7
models/mistral/mistral-7b-v0-3.md,mmlu_sociology,82.6
models/mistral/mistral-7b-v0-3.md,mmlu_us_foreign_policy,88.0
models/mistral/mistral-7b-v0-3.md,mmlu_virology,53.6
models/mistral/mistral-7b-v0-3.md,mmlu_world_religions,81.9
models/mistral/mistral-7b-v0-3.md,ifeval,22.7
models/mistral/mistral-7b-v0-3.md,bbh,45.2
models/mistral/mistral-7b-v0-3.md,math_lvl5,3.0
models/mistral/mistral-7b-v0-3.md,gpqa_pooled,29.2
models/mistral/mistral-7b-v0-3.md,musr,40.3
models/mistral/mistral-7b-v0-3.md,mmlu_pro,29.5
models/mistral/mistral-embed.md,beir,49.2
models/mistral/mistral-embed.md,mteb_classification,66.1
models/mistral/mistral-embed.md,mteb_clustering,44.5
models/mistral/mistral-embed.md,mteb_overall,60.2
models/mistral/mistral-embed.md,mteb_retrieval,55.8
models/mistral/mistral-embed.md,mteb_reranking,54.0
models/mistral/mistral-embed.md,mteb_sts,79.0
models/mistral/mistral-embed.md,mteb_pair_classification,82.0
models/mistral/mistral-embed.md,mteb_summarization,28.0
models/mistral/mistral-embed.md,miracl,45.0
models/mistral/mistral-large-2411.md,arena_elo_hard_prompts,1312.6
models/mistral/mistral-large-2411.md,arena_elo_style_control,1304.7
models/mistral/mistral-large-2411.md,medqa,81.5
models/mistral/mistral-large-2512.md,arena_elo_hard_prompts,1431.1
models/mistral/mistral-large-2512.md,arena_elo_style_control,1415.0
models/mistral/mistral-large-2512.md,chartqa,74.5
models/mistral/mistral-large-2512.md,docvqa,83.5
models/mistral/mistral-large-2512.md,mathvista,50.2
models/mistral/mistral-large-2512.md,mmmu,56.8
models/mistral/mistral-large-latest.md,chartqa,74.5
models/mistral/mistral-large-latest.md,docvqa,83.5
models/mistral/mistral-large-latest.md,mathvista,50.2
models/mistral/mistral-large-latest.md,mmmu,56.8
models/mistral/mistral-large-latest.md,gsm8k,93.0
models/mistral/mistral-medium-2505.md,arena_elo_coding,1240.0
models/mistral/mistral-medium-2505.md,arena_elo_hard_prompts,1401.1
models/mistral/mistral-medium-2505.md,arena_elo_math,1230.0
models/mistral/mistral-medium-2505.md,arena_elo_overall,1250.0
models/mistral/mistral-medium-2505.md,arena_elo_style_control,1386.2
models/mistral/mistral-medium-2505.md,arena_elo_vision,1156.6
models/mistral/mistral-medium-2505.md,legalbench,89.4
models/mistral/mistral-medium-2505.md,medqa,79.1
models/mistral/mistral-medium-2505.md,multipl_e_csharp,72.5
models/mistral/mistral-medium-2505.md,multipl_e_julia,52.5
models/mistral/mistral-medium-2505.md,multipl_e_kotlin,63.5
models/mistral/mistral-medium-2505.md,multipl_e_lua,47.2
models/mistral/mistral-medium-2505.md,multipl_e_perl,42.5
models/mistral/mistral-medium-2505.md,multipl_e_php,70.2
models/mistral/mistral-medium-2505.md,multipl_e_r,48.5
models/mistral/mistral-medium-2505.md,multipl_e_ruby,56.5
models/mistral/mistral-medium-2505.md,multipl_e_scala,51.2
models/mistral/mistral-medium-2505.md,multipl_e_swift,56.8
models/mistral/mistral-medium-2508.md,arena_elo_coding,1240.0
models/mistral/mistral-medium-2508.md,arena_elo_hard_prompts,1429.3
models/mistral/mistral-medium-2508.md,arena_elo_math,1230.0
models/mistral/mistral-medium-2508.md,arena_elo_overall,1250.0
models/mistral/mistral-medium-2508.md,arena_elo_style_control,1410.3
models/mistral/mistral-medium-2508.md,arena_elo_vision,1157.3
models/mistral/mistral-medium-2508.md,multipl_e_csharp,72.5
models/mistral/mistral-medium-2508.md,multipl_e_julia,52.5
models/mistral/mistral-medium-2508.md,multipl_e_kotlin,63.5
models/mistral/mistral-medium-2508.md,multipl_e_lua,47.2
models/mistral/mistral-medium-2508.md,multipl_e_perl,42.5
models/mistral/mistral-medium-2508.md,multipl_e_php,70.2
models/mistral/mistral-medium-2508.md,multipl_e_r,48.5
models/mistral/mistral-medium-2508.md,multipl_e_ruby,56.5
models/mistral/mistral-medium-2508.md,multipl_e_scala,51.2
models/mistral/mistral-medium-2508.md,multipl_e_swift,56.8
models/mistral/mistral-medium-2508.md,legalbench,89.4
models/mistral/mistral-medium-2508.md,medqa,79.1
models/mistral/mistral-medium-latest.md,alpaca_eval,28.6
models/mistral/mistral-medium-latest.md,arena_elo_coding,1240.0
models/mistral/mistral-medium-latest.md,arena_elo_math,1230.0
models/mistral/mistral-medium-latest.md,arena_elo_overall,1250.0
models/mistral/mistral-medium-latest.md,legalbench,89.4
models/mistral/mistral-medium-latest.md,medqa,79.1
models/mistral/mistral-medium-latest.md,multipl_e_csharp,72.5
models/mistral/mistral-medium-latest.md,multipl_e_julia,52.5
models/mistral/mistral-medium-latest.md,multipl_e_kotlin,63.5
models/mistral/mistral-medium-latest.md,multipl_e_lua,47.2
models/mistral/mistral-medium-latest.md,multipl_e_perl,42.5
models/mistral/mistral-medium-latest.md,multipl_e_php,70.2
models/mistral/mistral-medium-latest.md,multipl_e_r,48.5
models/mistral/mistral-medium-latest.md,multipl_e_ruby,56.5
models/mistral/mistral-medium-latest.md,multipl_e_scala,51.2
models/mistral/mistral-medium-latest.md,multipl_e_swift,56.8
models/mistral/mistral-small-24b-instruct-2501.md,arena_elo_hard_prompts,1284.3
models/mistral/mistral-small-24b-instruct-2501.md,arena_elo_style_control,1273.5
models/mistral/mistral-small-2506.md,arena_elo_hard_prompts,1374.3
models/mistral/mistral-small-2506.md,arena_elo_style_control,1357.0
models/mistral/mistral-small-2506.md,arena_elo_vision,1140.1
models/mistral/mistral-small-3-1-24b-instruct-2503.md,arena_elo_hard_prompts,1318.7
models/mistral/mistral-small-3-1-24b-instruct-2503.md,arena_elo_style_control,1302.7
models/mistral/mistral-small-3-1-24b-instruct-2503.md,arena_elo_vision,1128.1
models/mistral/mixtral-8x22b-instruct-v0-1.md,bbh,61.2
models/mistral/mixtral-8x22b-instruct-v0-1.md,ifeval,71.8
models/mistral/mixtral-8x22b-instruct-v0-1.md,mmlu_pro,44.8
models/mistral/mixtral-8x22b-instruct-v0-1.md,musr,43.1
models/mistral/mixtral-8x22b-instruct-v0-1.md,gsm8k,88.0
models/mistral/mixtral-8x22b-instruct-v0-1.md,arc_challenge,72.7
models/mistral/mixtral-8x22b-instruct-v0-1.md,hellaswag,89.1
models/mistral/mixtral-8x22b-instruct-v0-1.md,truthfulqa,68.1
models/mistral/mixtral-8x22b-instruct-v0-1.md,winogrande,85.2
models/mistral/mixtral-8x22b-instruct-v0-1.md,mmlu_abstract_algebra,54.0
models/mistral/mixtral-8x22b-instruct-v0-1.md,mmlu_anatomy,74.8
models/mistral/mixtral-8x22b-instruct-v0-1.md,mmlu_astronomy,86.2
models/mistral/mixtral-8x22b-instruct-v0-1.md,mmlu_business_ethics,77.0
models/mistral/mixtral-8x22b-instruct-v0-1.md,mmlu_clinical_knowledge,82.3
models/mistral/mixtral-8x22b-instruct-v0-1.md,mmlu_college_biology,89.6
models/mistral/mixtral-8x22b-instruct-v0-1.md,mmlu_college_chemistry,56.0
models/mistral/mixtral-8x22b-instruct-v0-1.md,mmlu_college_computer_science,70.0
models/mistral/mixtral-8x22b-instruct-v0-1.md,mmlu_college_mathematics,49.0
models/mistral/mixtral-8x22b-instruct-v0-1.md,mmlu_college_medicine,76.3
models/mistral/mixtral-8x22b-instruct-v0-1.md,mmlu_college_physics,57.8
models/mistral/mixtral-8x22b-instruct-v0-1.md,mmlu_computer_security,81.0
models/mistral/mixtral-8x22b-instruct-v0-1.md,mmlu_conceptual_physics,79.1
models/mistral/mixtral-8x22b-instruct-v0-1.md,mmlu_econometrics,63.2
models/mistral/mixtral-8x22b-instruct-v0-1.md,mmlu_electrical_engineering,75.9
models/mistral/mixtral-8x22b-instruct-v0-1.md,mmlu_elementary_mathematics,62.4
models/mistral/mixtral-8x22b-instruct-v0-1.md,mmlu_formal_logic,59.5
models/mistral/mixtral-8x22b-instruct-v0-1.md,mmlu_global_facts,54.0
models/mistral/mixtral-8x22b-instruct-v0-1.md,mmlu_high_school_biology,90.0
models/mistral/mixtral-8x22b-instruct-v0-1.md,mmlu_high_school_chemistry,69.5
models/mistral/mixtral-8x22b-instruct-v0-1.md,mmlu_high_school_computer_science,86.0
models/mistral/mixtral-8x22b-instruct-v0-1.md,mmlu_high_school_european_history,85.5
models/mistral/mixtral-8x22b-instruct-v0-1.md,mmlu_high_school_geography,89.4
models/mistral/mixtral-8x22b-instruct-v0-1.md,mmlu_high_school_government_and_politics,96.9
models/mistral/mixtral-8x22b-instruct-v0-1.md,mmlu_high_school_macroeconomics,81.3
models/mistral/mixtral-8x22b-instruct-v0-1.md,mmlu_high_school_mathematics,50.7
models/mistral/mixtral-8x22b-instruct-v0-1.md,mmlu_high_school_microeconomics,87.8
models/mistral/mixtral-8x22b-instruct-v0-1.md,mmlu_high_school_physics,50.3
models/mistral/mixtral-8x22b-instruct-v0-1.md,mmlu_high_school_psychology,92.7
models/mistral/mixtral-8x22b-instruct-v0-1.md,mmlu_high_school_statistics,69.4
models/mistral/mixtral-8x22b-instruct-v0-1.md,mmlu_high_school_us_history,89.7
models/mistral/mixtral-8x22b-instruct-v0-1.md,mmlu_high_school_world_history,91.6
models/mistral/mixtral-8x22b-instruct-v0-1.md,mmlu_human_aging,80.3
models/mistral/mixtral-8x22b-instruct-v0-1.md,mmlu_human_sexuality,88.5
models/mistral/mixtral-8x22b-instruct-v0-1.md,mmlu_international_law,90.1
models/mistral/mixtral-8x22b-instruct-v0-1.md,mmlu_jurisprudence,86.1
models/mistral/mixtral-8x22b-instruct-v0-1.md,mmlu_logical_fallacies,87.1
models/mistral/mixtral-8x22b-instruct-v0-1.md,mmlu_machine_learning,61.6
models/mistral/mixtral-8x22b-instruct-v0-1.md,mmlu_management,87.4
models/mistral/mixtral-8x22b-instruct-v0-1.md,mmlu_marketing,92.7
models/mistral/mixtral-8x22b-instruct-v0-1.md,mmlu_medical_genetics,84.0
models/mistral/mixtral-8x22b-instruct-v0-1.md,mmlu_miscellaneous,89.9
models/mistral/mixtral-8x22b-instruct-v0-1.md,mmlu_moral_disputes,84.7
models/mistral/mixtral-8x22b-instruct-v0-1.md,mmlu_moral_scenarios,66.0
models/mistral/mixtral-8x22b-instruct-v0-1.md,mmlu_nutrition,87.9
models/mistral/mixtral-8x22b-instruct-v0-1.md,mmlu_philosophy,82.6
models/mistral/mixtral-8x22b-instruct-v0-1.md,mmlu_prehistory,87.0
models/mistral/mixtral-8x22b-instruct-v0-1.md,mmlu_professional_accounting,66.3
models/mistral/mixtral-8x22b-instruct-v0-1.md,mmlu_professional_law,60.3
models/mistral/mixtral-8x22b-instruct-v0-1.md,mmlu_professional_medicine,88.6
models/mistral/mixtral-8x22b-instruct-v0-1.md,mmlu_professional_psychology,84.0
models/mistral/mixtral-8x22b-instruct-v0-1.md,mmlu_public_relations,77.3
models/mistral/mixtral-8x22b-instruct-v0-1.md,mmlu_security_studies,84.5
models/mistral/mixtral-8x22b-instruct-v0-1.md,mmlu_sociology,91.5
models/mistral/mixtral-8x22b-instruct-v0-1.md,mmlu_us_foreign_policy,96.0
models/mistral/mixtral-8x22b-instruct-v0-1.md,mmlu_virology,59.0
models/mistral/mixtral-8x22b-instruct-v0-1.md,mmlu_world_religions,90.6
models/mistral/mixtral-8x7b-instruct-v0-1.md,bbh,49.6
models/mistral/mixtral-8x7b-instruct-v0-1.md,ifeval,56.0
models/mistral/mixtral-8x7b-instruct-v0-1.md,mmlu_pro,36.9
models/mistral/mixtral-8x7b-instruct-v0-1.md,musr,42.0
models/mistral/mixtral-8x7b-instruct-v0-1.md,arc_challenge,70.1
models/mistral/mixtral-8x7b-instruct-v0-1.md,gsm8k,61.1
models/mistral/mixtral-8x7b-instruct-v0-1.md,hellaswag,87.6
models/mistral/mixtral-8x7b-instruct-v0-1.md,truthfulqa,65.0
models/mistral/mixtral-8x7b-instruct-v0-1.md,winogrande,81.1
models/mistral/mixtral-8x7b-instruct-v0-1.md,mmlu_abstract_algebra,42.0
models/mistral/mixtral-8x7b-instruct-v0-1.md,mmlu_anatomy,66.7
models/mistral/mixtral-8x7b-instruct-v0-1.md,mmlu_astronomy,78.9
models/mistral/mixtral-8x7b-instruct-v0-1.md,mmlu_business_ethics,73.0
models/mistral/mixtral-8x7b-instruct-v0-1.md,mmlu_clinical_knowledge,77.7
models/mistral/mixtral-8x7b-instruct-v0-1.md,mmlu_college_biology,82.6
models/mistral/mixtral-8x7b-instruct-v0-1.md,mmlu_college_chemistry,50.0
models/mistral/mixtral-8x7b-instruct-v0-1.md,mmlu_college_computer_science,66.0
models/mistral/mixtral-8x7b-instruct-v0-1.md,mmlu_college_mathematics,46.0
models/mistral/mixtral-8x7b-instruct-v0-1.md,mmlu_college_medicine,75.7
models/mistral/mixtral-8x7b-instruct-v0-1.md,mmlu_college_physics,43.1
models/mistral/mixtral-8x7b-instruct-v0-1.md,mmlu_computer_security,81.0
models/mistral/mixtral-8x7b-instruct-v0-1.md,mmlu_conceptual_physics,66.8
models/mistral/mixtral-8x7b-instruct-v0-1.md,mmlu_econometrics,61.4
models/mistral/mixtral-8x7b-instruct-v0-1.md,mmlu_electrical_engineering,64.8
models/mistral/mixtral-8x7b-instruct-v0-1.md,mmlu_elementary_mathematics,47.9
models/mistral/mixtral-8x7b-instruct-v0-1.md,mmlu_formal_logic,52.4
models/mistral/mixtral-8x7b-instruct-v0-1.md,mmlu_global_facts,42.0
models/mistral/mixtral-8x7b-instruct-v0-1.md,mmlu_high_school_biology,85.2
models/mistral/mixtral-8x7b-instruct-v0-1.md,mmlu_high_school_chemistry,62.1
models/mistral/mixtral-8x7b-instruct-v0-1.md,mmlu_high_school_computer_science,78.0
models/mistral/mixtral-8x7b-instruct-v0-1.md,mmlu_high_school_european_history,80.0
models/mistral/mixtral-8x7b-instruct-v0-1.md,mmlu_high_school_geography,86.9
models/mistral/mixtral-8x7b-instruct-v0-1.md,mmlu_high_school_government_and_politics,95.9
models/mistral/mixtral-8x7b-instruct-v0-1.md,mmlu_high_school_macroeconomics,69.7
models/mistral/mixtral-8x7b-instruct-v0-1.md,mmlu_high_school_mathematics,38.9
models/mistral/mixtral-8x7b-instruct-v0-1.md,mmlu_high_school_microeconomics,80.3
models/mistral/mixtral-8x7b-instruct-v0-1.md,mmlu_high_school_physics,47.0
models/mistral/mixtral-8x7b-instruct-v0-1.md,mmlu_high_school_psychology,88.4
models/mistral/mixtral-8x7b-instruct-v0-1.md,mmlu_high_school_statistics,59.7
models/mistral/mixtral-8x7b-instruct-v0-1.md,mmlu_high_school_us_history,85.3
models/mistral/mixtral-8x7b-instruct-v0-1.md,mmlu_high_school_world_history,84.8
models/mistral/mixtral-8x7b-instruct-v0-1.md,mmlu_human_aging,75.8
models/mistral/mixtral-8x7b-instruct-v0-1.md,mmlu_human_sexuality,80.9
models/mistral/mixtral-8x7b-instruct-v0-1.md,mmlu_international_law,87.6
models/mistral/mixtral-8x7b-instruct-v0-1.md,mmlu_jurisprudence,84.3
models/mistral/mixtral-8x7b-instruct-v0-1.md,mmlu_logical_fallacies,81.6
models/mistral/mixtral-8x7b-instruct-v0-1.md,mmlu_machine_learning,57.1
models/mistral/mixtral-8x7b-instruct-v0-1.md,mmlu_management,84.5
models/mistral/mixtral-8x7b-instruct-v0-1.md,mmlu_marketing,92.3
models/mistral/mixtral-8x7b-instruct-v0-1.md,mmlu_medical_genetics,77.0
models/mistral/mixtral-8x7b-instruct-v0-1.md,mmlu_miscellaneous,88.0
models/mistral/mixtral-8x7b-instruct-v0-1.md,mmlu_moral_disputes,78.0
models/mistral/mixtral-8x7b-instruct-v0-1.md,mmlu_moral_scenarios,46.0
models/mistral/mixtral-8x7b-instruct-v0-1.md,mmlu_nutrition,82.0
models/mistral/mixtral-8x7b-instruct-v0-1.md,mmlu_philosophy,79.7
models/mistral/mixtral-8x7b-instruct-v0-1.md,mmlu_prehistory,83.3
models/mistral/mixtral-8x7b-instruct-v0-1.md,mmlu_professional_accounting,55.3
models/mistral/mixtral-8x7b-instruct-v0-1.md,mmlu_professional_law,54.4
models/mistral/mixtral-8x7b-instruct-v0-1.md,mmlu_professional_medicine,79.4
models/mistral/mixtral-8x7b-instruct-v0-1.md,mmlu_professional_psychology,76.5
models/mistral/mixtral-8x7b-instruct-v0-1.md,mmlu_public_relations,70.9
models/mistral/mixtral-8x7b-instruct-v0-1.md,mmlu_security_studies,77.1
models/mistral/mixtral-8x7b-instruct-v0-1.md,mmlu_sociology,89.1
models/mistral/mixtral-8x7b-instruct-v0-1.md,mmlu_us_foreign_policy,90.0
models/mistral/mixtral-8x7b-instruct-v0-1.md,mmlu_virology,50.6
models/mistral/mixtral-8x7b-instruct-v0-1.md,mmlu_world_religions,87.7
models/mistral/mixtral-8x7b-v0-1.md,bbh,50.9
models/mistral/mixtral-8x7b-v0-1.md,ifeval,24.2
models/mistral/mixtral-8x7b-v0-1.md,mmlu_pro,38.5
models/mistral/mixtral-8x7b-v0-1.md,musr,43.2
models/mistral/mixtral-8x7b-v0-1.md,arc_challenge,66.4
models/mistral/mixtral-8x7b-v0-1.md,gsm8k,57.6
models/mistral/mixtral-8x7b-v0-1.md,hellaswag,86.5
models/mistral/mixtral-8x7b-v0-1.md,truthfulqa,46.8
models/mistral/mixtral-8x7b-v0-1.md,winogrande,81.7
models/mistral/mixtral-8x7b-v0-1.md,mmlu_abstract_algebra,34.0
models/mistral/mixtral-8x7b-v0-1.md,mmlu_anatomy,71.9
models/mistral/mixtral-8x7b-v0-1.md,mmlu_astronomy,82.9
models/mistral/mixtral-8x7b-v0-1.md,mmlu_business_ethics,76.0
models/mistral/mixtral-8x7b-v0-1.md,mmlu_clinical_knowledge,78.5
models/mistral/mixtral-8x7b-v0-1.md,mmlu_college_biology,86.8
models/mistral/mixtral-8x7b-v0-1.md,mmlu_college_chemistry,54.0
models/mistral/mixtral-8x7b-v0-1.md,mmlu_college_computer_science,63.0
models/mistral/mixtral-8x7b-v0-1.md,mmlu_college_mathematics,46.0
models/mistral/mixtral-8x7b-v0-1.md,mmlu_college_medicine,69.9
models/mistral/mixtral-8x7b-v0-1.md,mmlu_college_physics,46.1
models/mistral/mixtral-8x7b-v0-1.md,mmlu_computer_security,81.0
models/mistral/mixtral-8x7b-v0-1.md,mmlu_conceptual_physics,68.1
models/mistral/mixtral-8x7b-v0-1.md,mmlu_econometrics,64.9
models/mistral/mixtral-8x7b-v0-1.md,mmlu_electrical_engineering,69.0
models/mistral/mixtral-8x7b-v0-1.md,mmlu_elementary_mathematics,48.1
models/mistral/mixtral-8x7b-v0-1.md,mmlu_formal_logic,56.3
models/mistral/mixtral-8x7b-v0-1.md,mmlu_global_facts,51.0
models/mistral/mixtral-8x7b-v0-1.md,mmlu_high_school_biology,84.2
models/mistral/mixtral-8x7b-v0-1.md,mmlu_high_school_chemistry,63.5
models/mistral/mixtral-8x7b-v0-1.md,mmlu_high_school_computer_science,72.0
models/mistral/mixtral-8x7b-v0-1.md,mmlu_high_school_european_history,81.8
models/mistral/mixtral-8x7b-v0-1.md,mmlu_high_school_geography,86.4
models/mistral/mixtral-8x7b-v0-1.md,mmlu_high_school_government_and_politics,93.8
models/mistral/mixtral-8x7b-v0-1.md,mmlu_high_school_macroeconomics,70.5
models/mistral/mixtral-8x7b-v0-1.md,mmlu_high_school_mathematics,38.5
models/mistral/mixtral-8x7b-v0-1.md,mmlu_high_school_microeconomics,78.6
models/mistral/mixtral-8x7b-v0-1.md,mmlu_high_school_physics,49.0
models/mistral/mixtral-8x7b-v0-1.md,mmlu_high_school_psychology,88.1
models/mistral/mixtral-8x7b-v0-1.md,mmlu_high_school_statistics,64.8
models/mistral/mixtral-8x7b-v0-1.md,mmlu_high_school_us_history,84.8
models/mistral/mixtral-8x7b-v0-1.md,mmlu_high_school_world_history,89.0
models/mistral/mixtral-8x7b-v0-1.md,mmlu_human_aging,78.0
models/mistral/mixtral-8x7b-v0-1.md,mmlu_human_sexuality,80.9
models/mistral/mixtral-8x7b-v0-1.md,mmlu_international_law,87.6
models/mistral/mixtral-8x7b-v0-1.md,mmlu_jurisprudence,83.3
models/mistral/mixtral-8x7b-v0-1.md,mmlu_logical_fallacies,77.3
models/mistral/mixtral-8x7b-v0-1.md,mmlu_machine_learning,53.6
models/mistral/mixtral-8x7b-v0-1.md,mmlu_management,88.3
models/mistral/mixtral-8x7b-v0-1.md,mmlu_marketing,91.9
models/mistral/mixtral-8x7b-v0-1.md,mmlu_medical_genetics,78.0
models/mistral/mixtral-8x7b-v0-1.md,mmlu_miscellaneous,87.5
models/mistral/mixtral-8x7b-v0-1.md,mmlu_moral_disputes,79.8
models/mistral/mixtral-8x7b-v0-1.md,mmlu_moral_scenarios,40.1
models/mistral/mixtral-8x7b-v0-1.md,mmlu_nutrition,82.4
models/mistral/mixtral-8x7b-v0-1.md,mmlu_philosophy,78.5
models/mistral/mixtral-8x7b-v0-1.md,mmlu_prehistory,84.0
models/mistral/mixtral-8x7b-v0-1.md,mmlu_professional_accounting,51.8
models/mistral/mixtral-8x7b-v0-1.md,mmlu_professional_law,53.2
models/mistral/mixtral-8x7b-v0-1.md,mmlu_professional_medicine,81.2
models/mistral/mixtral-8x7b-v0-1.md,mmlu_professional_psychology,78.4
models/mistral/mixtral-8x7b-v0-1.md,mmlu_public_relations,70.0
models/mistral/mixtral-8x7b-v0-1.md,mmlu_security_studies,78.8
models/mistral/mixtral-8x7b-v0-1.md,mmlu_sociology,89.1
models/mistral/mixtral-8x7b-v0-1.md,mmlu_us_foreign_policy,92.0
models/mistral/mixtral-8x7b-v0-1.md,mmlu_virology,51.2
models/mistral/mixtral-8x7b-v0-1.md,mmlu_world_religions,87.7
models/mistral/open-mixtral-8x22b.md,bbh,62.4
models/mistral/open-mixtral-8x22b.md,ifeval,25.8
models/mistral/open-mixtral-8x22b.md,mmlu_pro,46.4
models/mistral/open-mixtral-8x22b.md,musr,40.4
models/mistral/open-mixtral-8x22b.md,gsm8k,88.0
models/mistral/open-mixtral-8x7b.md,bbh,50.9
models/mistral/open-mixtral-8x7b.md,ifeval,24.2
models/mistral/open-mixtral-8x7b.md,mmlu_pro,38.5
models/mistral/open-mixtral-8x7b.md,musr,43.2
models/mistral/pixtral-12b.md,chartqa,66.5
models/mistral/pixtral-12b.md,docvqa,78.8
models/mistral/pixtral-12b.md,mathvista,43.8
models/mistral/pixtral-12b.md,mmmu,50.2
models/mistral/pixtral-12b.md,ai2d,79.5
models/mistral/pixtral-12b.md,ocrbench,68.9
models/mistral/pixtral-12b.md,helm_safety,83.5
models/mistral/pixtral-12b.md,bbq,78.5
models/mistral/pixtral-12b.md,toxigen,86.8
models/mistral/pixtral-large-latest.md,chartqa,76.2
models/mistral/pixtral-large-latest.md,docvqa,85.5
models/mistral/pixtral-large-latest.md,mathvista,52.5
models/mistral/pixtral-large-latest.md,mmmu,58.8
models/mistral/pixtral-large-latest.md,medqa,78.3
models/mistral/pixtral-large-latest.md,ai2d,93.8
models/mistral/pixtral-large-latest.md,ocrbench,78.5
models/mistral/pixtral-large-latest.md,helm_safety,86.8
models/mistral/pixtral-large-latest.md,bbq,82.2
models/mistral/pixtral-large-latest.md,toxigen,90.5
models/moonshot/kimi-k2-0711-preview.md,gsm8k,97.3
models/moonshot/kimi-k2-0905-preview.md,gsm8k,97.3
models/moonshot/kimi-k2-5.md,gsm8k,97.3
models/moonshot/kimi-k2-thinking-turbo.md,gsm8k,97.3
models/moonshot/kimi-k2-thinking.md,gsm8k,97.3
models/moonshot/kimi-k2-turbo-preview.md,gsm8k,97.3
models/nomic/coderankembed.md,mteb_reranking,53.0
models/nomic/coderankembed.md,mteb_sts,78.0
models/nomic/coderankembed.md,mteb_pair_classification,81.0
models/nomic/coderankembed.md,mteb_summarization,27.5
models/nomic/nomic-embed-code.md,mteb_classification,66.2
models/nomic/nomic-embed-code.md,mteb_clustering,44.0
models/nomic/nomic-embed-code.md,mteb_overall,60.5
models/nomic/nomic-embed-code.md,mteb_retrieval,57.0
models/nomic/nomic-embed-code.md,mteb_reranking,53.0
models/nomic/nomic-embed-code.md,mteb_sts,78.0
models/nomic/nomic-embed-code.md,mteb_pair_classification,81.0
models/nomic/nomic-embed-code.md,mteb_summarization,27.5
models/nomic/nomic-embed-text-v1.md,beir,50.8
models/nomic/nomic-embed-text-v1.md,mteb_classification,67.5
models/nomic/nomic-embed-text-v1.md,mteb_clustering,45.5
models/nomic/nomic-embed-text-v1.md,mteb_overall,61.5
models/nomic/nomic-embed-text-v1.md,mteb_retrieval,57.8
models/nomic/nomic-embed-text-v1.md,mteb_reranking,54.5
models/nomic/nomic-embed-text-v1.md,mteb_sts,80.2
models/nomic/nomic-embed-text-v1.md,mteb_pair_classification,82.5
models/nomic/nomic-embed-text-v1.md,mteb_summarization,28.2
models/nomic/nomic-embed-text-v1.md,miracl,47.5
models/nomic/nomic-embed-text-v2-moe.md,miracl,65.8
models/nous-research/hermes-2-pro-llama-3-8b.md,arc_challenge,63.5
models/nous-research/hermes-2-pro-llama-3-8b.md,gsm8k,67.9
models/nous-research/hermes-2-pro-llama-3-8b.md,hellaswag,83.2
models/nous-research/hermes-2-pro-llama-3-8b.md,truthfulqa,56.6
models/nous-research/hermes-2-pro-llama-3-8b.md,winogrande,76.4
models/nous-research/hermes-2-pro-llama-3-8b.md,mmlu_abstract_algebra,36.0
models/nous-research/hermes-2-pro-llama-3-8b.md,mmlu_anatomy,63.0
models/nous-research/hermes-2-pro-llama-3-8b.md,mmlu_astronomy,69.7
models/nous-research/hermes-2-pro-llama-3-8b.md,mmlu_business_ethics,63.0
models/nous-research/hermes-2-pro-llama-3-8b.md,mmlu_clinical_knowledge,73.6
models/nous-research/hermes-2-pro-llama-3-8b.md,mmlu_college_biology,72.2
models/nous-research/hermes-2-pro-llama-3-8b.md,mmlu_college_chemistry,41.0
models/nous-research/hermes-2-pro-llama-3-8b.md,mmlu_college_computer_science,47.0
models/nous-research/hermes-2-pro-llama-3-8b.md,mmlu_college_mathematics,36.0
models/nous-research/hermes-2-pro-llama-3-8b.md,mmlu_college_medicine,61.8
models/nous-research/hermes-2-pro-llama-3-8b.md,mmlu_college_physics,46.1
models/nous-research/hermes-2-pro-llama-3-8b.md,mmlu_computer_security,74.0
models/nous-research/hermes-2-pro-llama-3-8b.md,mmlu_conceptual_physics,56.6
models/nous-research/hermes-2-pro-llama-3-8b.md,mmlu_econometrics,50.9
models/nous-research/hermes-2-pro-llama-3-8b.md,mmlu_electrical_engineering,60.0
models/nous-research/hermes-2-pro-llama-3-8b.md,mmlu_elementary_mathematics,42.9
models/nous-research/hermes-2-pro-llama-3-8b.md,mmlu_formal_logic,47.6
models/nous-research/hermes-2-pro-llama-3-8b.md,mmlu_global_facts,42.0
models/nous-research/hermes-2-pro-llama-3-8b.md,mmlu_high_school_biology,80.6
models/nous-research/hermes-2-pro-llama-3-8b.md,mmlu_high_school_chemistry,47.8
models/nous-research/hermes-2-pro-llama-3-8b.md,mmlu_high_school_computer_science,66.0
models/nous-research/hermes-2-pro-llama-3-8b.md,mmlu_high_school_european_history,74.5
models/nous-research/hermes-2-pro-llama-3-8b.md,mmlu_high_school_geography,78.8
models/nous-research/hermes-2-pro-llama-3-8b.md,mmlu_high_school_government_and_politics,88.1
models/nous-research/hermes-2-pro-llama-3-8b.md,mmlu_high_school_macroeconomics,62.1
models/nous-research/hermes-2-pro-llama-3-8b.md,mmlu_high_school_mathematics,38.5
models/nous-research/hermes-2-pro-llama-3-8b.md,mmlu_high_school_microeconomics,72.7
models/nous-research/hermes-2-pro-llama-3-8b.md,mmlu_high_school_physics,39.1
models/nous-research/hermes-2-pro-llama-3-8b.md,mmlu_high_school_psychology,82.9
models/nous-research/hermes-2-pro-llama-3-8b.md,mmlu_high_school_statistics,50.9
models/nous-research/hermes-2-pro-llama-3-8b.md,mmlu_high_school_us_history,81.4
models/nous-research/hermes-2-pro-llama-3-8b.md,mmlu_high_school_world_history,84.8
models/nous-research/hermes-2-pro-llama-3-8b.md,mmlu_human_aging,70.4
models/nous-research/hermes-2-pro-llama-3-8b.md,mmlu_human_sexuality,76.3
models/nous-research/hermes-2-pro-llama-3-8b.md,mmlu_international_law,78.5
models/nous-research/hermes-2-pro-llama-3-8b.md,mmlu_jurisprudence,73.1
models/nous-research/hermes-2-pro-llama-3-8b.md,mmlu_logical_fallacies,71.8
models/nous-research/hermes-2-pro-llama-3-8b.md,mmlu_machine_learning,54.5
models/nous-research/hermes-2-pro-llama-3-8b.md,mmlu_management,80.6
models/nous-research/hermes-2-pro-llama-3-8b.md,mmlu_marketing,87.6
models/nous-research/hermes-2-pro-llama-3-8b.md,mmlu_medical_genetics,78.0
models/nous-research/hermes-2-pro-llama-3-8b.md,mmlu_miscellaneous,83.1
models/nous-research/hermes-2-pro-llama-3-8b.md,mmlu_moral_disputes,71.1
models/nous-research/hermes-2-pro-llama-3-8b.md,mmlu_moral_scenarios,43.7
models/nous-research/hermes-2-pro-llama-3-8b.md,mmlu_nutrition,71.2
models/nous-research/hermes-2-pro-llama-3-8b.md,mmlu_philosophy,71.1
models/nous-research/hermes-2-pro-llama-3-8b.md,mmlu_prehistory,71.3
models/nous-research/hermes-2-pro-llama-3-8b.md,mmlu_professional_accounting,50.7
models/nous-research/hermes-2-pro-llama-3-8b.md,mmlu_professional_law,46.8
models/nous-research/hermes-2-pro-llama-3-8b.md,mmlu_professional_medicine,69.5
models/nous-research/hermes-2-pro-llama-3-8b.md,mmlu_professional_psychology,69.8
models/nous-research/hermes-2-pro-llama-3-8b.md,mmlu_public_relations,61.8
models/nous-research/hermes-2-pro-llama-3-8b.md,mmlu_security_studies,75.5
models/nous-research/hermes-2-pro-llama-3-8b.md,mmlu_sociology,86.6
models/nous-research/hermes-2-pro-llama-3-8b.md,mmlu_us_foreign_policy,84.0
models/nous-research/hermes-2-pro-llama-3-8b.md,mmlu_virology,53.0
models/nous-research/hermes-2-pro-llama-3-8b.md,mmlu_world_religions,81.9
models/nous-research/hermes-2-pro-llama-3-8b.md,ifeval,53.6
models/nous-research/hermes-2-pro-llama-3-8b.md,bbh,50.7
models/nous-research/hermes-2-pro-llama-3-8b.md,math_lvl5,8.4
models/nous-research/hermes-2-pro-llama-3-8b.md,gpqa_pooled,29.3
models/nous-research/hermes-2-pro-llama-3-8b.md,musr,42.6
models/nous-research/hermes-2-pro-llama-3-8b.md,mmlu_pro,30.5
models/nous-research/hermes-2-theta-llama-3-8b.md,arc_challenge,63.1
models/nous-research/hermes-2-theta-llama-3-8b.md,gsm8k,70.4
models/nous-research/hermes-2-theta-llama-3-8b.md,hellaswag,82.6
models/nous-research/hermes-2-theta-llama-3-8b.md,truthfulqa,55.7
models/nous-research/hermes-2-theta-llama-3-8b.md,winogrande,76.6
models/nous-research/hermes-2-theta-llama-3-8b.md,mmlu_abstract_algebra,38.0
models/nous-research/hermes-2-theta-llama-3-8b.md,mmlu_anatomy,63.7
models/nous-research/hermes-2-theta-llama-3-8b.md,mmlu_astronomy,69.1
models/nous-research/hermes-2-theta-llama-3-8b.md,mmlu_business_ethics,64.0
models/nous-research/hermes-2-theta-llama-3-8b.md,mmlu_clinical_knowledge,74.3
models/nous-research/hermes-2-theta-llama-3-8b.md,mmlu_college_biology,74.3
models/nous-research/hermes-2-theta-llama-3-8b.md,mmlu_college_chemistry,48.0
models/nous-research/hermes-2-theta-llama-3-8b.md,mmlu_college_computer_science,49.0
models/nous-research/hermes-2-theta-llama-3-8b.md,mmlu_college_mathematics,35.0
models/nous-research/hermes-2-theta-llama-3-8b.md,mmlu_college_medicine,66.5
models/nous-research/hermes-2-theta-llama-3-8b.md,mmlu_college_physics,48.0
models/nous-research/hermes-2-theta-llama-3-8b.md,mmlu_computer_security,79.0
models/nous-research/hermes-2-theta-llama-3-8b.md,mmlu_conceptual_physics,55.7
models/nous-research/hermes-2-theta-llama-3-8b.md,mmlu_econometrics,55.3
models/nous-research/hermes-2-theta-llama-3-8b.md,mmlu_electrical_engineering,61.4
models/nous-research/hermes-2-theta-llama-3-8b.md,mmlu_elementary_mathematics,45.2
models/nous-research/hermes-2-theta-llama-3-8b.md,mmlu_formal_logic,48.4
models/nous-research/hermes-2-theta-llama-3-8b.md,mmlu_global_facts,39.0
models/nous-research/hermes-2-theta-llama-3-8b.md,mmlu_high_school_biology,81.3
models/nous-research/hermes-2-theta-llama-3-8b.md,mmlu_high_school_chemistry,51.7
models/nous-research/hermes-2-theta-llama-3-8b.md,mmlu_high_school_computer_science,70.0
models/nous-research/hermes-2-theta-llama-3-8b.md,mmlu_high_school_european_history,75.8
models/nous-research/hermes-2-theta-llama-3-8b.md,mmlu_high_school_geography,81.8
models/nous-research/hermes-2-theta-llama-3-8b.md,mmlu_high_school_government_and_politics,88.6
models/nous-research/hermes-2-theta-llama-3-8b.md,mmlu_high_school_macroeconomics,65.1
models/nous-research/hermes-2-theta-llama-3-8b.md,mmlu_high_school_mathematics,38.1
models/nous-research/hermes-2-theta-llama-3-8b.md,mmlu_high_school_microeconomics,75.2
models/nous-research/hermes-2-theta-llama-3-8b.md,mmlu_high_school_physics,45.0
models/nous-research/hermes-2-theta-llama-3-8b.md,mmlu_high_school_psychology,83.1
models/nous-research/hermes-2-theta-llama-3-8b.md,mmlu_high_school_statistics,50.9
models/nous-research/hermes-2-theta-llama-3-8b.md,mmlu_high_school_us_history,83.8
models/nous-research/hermes-2-theta-llama-3-8b.md,mmlu_high_school_world_history,86.9
models/nous-research/hermes-2-theta-llama-3-8b.md,mmlu_human_aging,72.6
models/nous-research/hermes-2-theta-llama-3-8b.md,mmlu_human_sexuality,80.9
models/nous-research/hermes-2-theta-llama-3-8b.md,mmlu_international_law,78.5
models/nous-research/hermes-2-theta-llama-3-8b.md,mmlu_jurisprudence,75.9
models/nous-research/hermes-2-theta-llama-3-8b.md,mmlu_logical_fallacies,73.6
models/nous-research/hermes-2-theta-llama-3-8b.md,mmlu_machine_learning,55.4
models/nous-research/hermes-2-theta-llama-3-8b.md,mmlu_management,80.6
models/nous-research/hermes-2-theta-llama-3-8b.md,mmlu_marketing,89.3
models/nous-research/hermes-2-theta-llama-3-8b.md,mmlu_medical_genetics,79.0
models/nous-research/hermes-2-theta-llama-3-8b.md,mmlu_miscellaneous,84.4
models/nous-research/hermes-2-theta-llama-3-8b.md,mmlu_moral_disputes,74.9
models/nous-research/hermes-2-theta-llama-3-8b.md,mmlu_moral_scenarios,43.9
models/nous-research/hermes-2-theta-llama-3-8b.md,mmlu_nutrition,73.5
models/nous-research/hermes-2-theta-llama-3-8b.md,mmlu_philosophy,73.6
models/nous-research/hermes-2-theta-llama-3-8b.md,mmlu_prehistory,73.8
models/nous-research/hermes-2-theta-llama-3-8b.md,mmlu_professional_accounting,52.1
models/nous-research/hermes-2-theta-llama-3-8b.md,mmlu_professional_law,48.5
models/nous-research/hermes-2-theta-llama-3-8b.md,mmlu_professional_medicine,69.5
models/nous-research/hermes-2-theta-llama-3-8b.md,mmlu_professional_psychology,70.3
models/nous-research/hermes-2-theta-llama-3-8b.md,mmlu_public_relations,65.5
models/nous-research/hermes-2-theta-llama-3-8b.md,mmlu_security_studies,77.1
models/nous-research/hermes-2-theta-llama-3-8b.md,mmlu_sociology,87.6
models/nous-research/hermes-2-theta-llama-3-8b.md,mmlu_us_foreign_policy,86.0
models/nous-research/hermes-2-theta-llama-3-8b.md,mmlu_virology,54.8
models/nous-research/hermes-2-theta-llama-3-8b.md,mmlu_world_religions,80.7
models/nous-research/hermes-2-theta-llama-3-8b.md,ifeval,65.2
models/nous-research/hermes-2-theta-llama-3-8b.md,bbh,52.1
models/nous-research/hermes-2-theta-llama-3-8b.md,math_lvl5,9.7
models/nous-research/hermes-2-theta-llama-3-8b.md,gpqa_pooled,30.4
models/nous-research/hermes-2-theta-llama-3-8b.md,musr,39.5
models/nous-research/hermes-2-theta-llama-3-8b.md,mmlu_pro,33.7
models/nous-research/hermes-3-llama-3-1-8b.md,ifeval,61.7
models/nous-research/hermes-3-llama-3-1-8b.md,bbh,51.8
models/nous-research/hermes-3-llama-3-1-8b.md,math_lvl5,4.8
models/nous-research/hermes-3-llama-3-1-8b.md,gpqa_pooled,29.8
models/nous-research/hermes-3-llama-3-1-8b.md,musr,43.7
models/nous-research/hermes-3-llama-3-1-8b.md,mmlu_pro,31.4
models/nous-research/hermes-3-llama-3-2-3b.md,ifeval,38.2
models/nous-research/hermes-3-llama-3-2-3b.md,bbh,43.5
models/nous-research/hermes-3-llama-3-2-3b.md,math_lvl5,3.9
models/nous-research/hermes-3-llama-3-2-3b.md,gpqa_pooled,27.5
models/nous-research/hermes-3-llama-3-2-3b.md,musr,40.3
models/nous-research/hermes-3-llama-3-2-3b.md,mmlu_pro,25.4
models/nous-research/llama-2-13b-hf.md,gsm8k,22.8
models/nous-research/llama-2-7b-chat-hf.md,gsm8k,7.4
models/nous-research/llama-2-7b-chat-hf.md,winogrande,71.7
models/nous-research/llama-2-7b-hf.md,gsm8k,14.5
models/nous-research/meta-llama-3-70b-instruct.md,mgsm,91.1
models/nous-research/meta-llama-3-70b-instruct.md,gsm8k,95.0
models/nous-research/meta-llama-3-70b-instruct.md,arc_challenge,71.4
models/nous-research/meta-llama-3-70b-instruct.md,hellaswag,85.7
models/nous-research/meta-llama-3-70b-instruct.md,truthfulqa,61.8
models/nous-research/meta-llama-3-70b-instruct.md,winogrande,82.9
models/nous-research/meta-llama-3-70b-instruct.md,mmlu_abstract_algebra,51.0
models/nous-research/meta-llama-3-70b-instruct.md,mmlu_anatomy,77.0
models/nous-research/meta-llama-3-70b-instruct.md,mmlu_astronomy,93.4
models/nous-research/meta-llama-3-70b-instruct.md,mmlu_business_ethics,86.0
models/nous-research/meta-llama-3-70b-instruct.md,mmlu_clinical_knowledge,86.8
models/nous-research/meta-llama-3-70b-instruct.md,mmlu_college_biology,91.0
models/nous-research/meta-llama-3-70b-instruct.md,mmlu_college_chemistry,56.0
models/nous-research/meta-llama-3-70b-instruct.md,mmlu_college_computer_science,69.0
models/nous-research/meta-llama-3-70b-instruct.md,mmlu_college_mathematics,58.0
models/nous-research/meta-llama-3-70b-instruct.md,mmlu_college_medicine,81.5
models/nous-research/meta-llama-3-70b-instruct.md,mmlu_college_physics,59.8
models/nous-research/meta-llama-3-70b-instruct.md,mmlu_computer_security,82.0
models/nous-research/meta-llama-3-70b-instruct.md,mmlu_conceptual_physics,81.7
models/nous-research/meta-llama-3-70b-instruct.md,mmlu_econometrics,72.8
models/nous-research/meta-llama-3-70b-instruct.md,mmlu_electrical_engineering,77.9
models/nous-research/meta-llama-3-70b-instruct.md,mmlu_elementary_mathematics,70.9
models/nous-research/meta-llama-3-70b-instruct.md,mmlu_formal_logic,62.7
models/nous-research/meta-llama-3-70b-instruct.md,mmlu_global_facts,59.0
models/nous-research/meta-llama-3-70b-instruct.md,mmlu_high_school_biology,89.7
models/nous-research/meta-llama-3-70b-instruct.md,mmlu_high_school_chemistry,69.0
models/nous-research/meta-llama-3-70b-instruct.md,mmlu_high_school_computer_science,92.0
models/nous-research/meta-llama-3-70b-instruct.md,mmlu_high_school_european_history,86.7
models/nous-research/meta-llama-3-70b-instruct.md,mmlu_high_school_geography,92.9
models/nous-research/meta-llama-3-70b-instruct.md,mmlu_high_school_government_and_politics,98.4
models/nous-research/meta-llama-3-70b-instruct.md,mmlu_high_school_macroeconomics,83.8
models/nous-research/meta-llama-3-70b-instruct.md,mmlu_high_school_mathematics,54.4
models/nous-research/meta-llama-3-70b-instruct.md,mmlu_high_school_microeconomics,88.7
models/nous-research/meta-llama-3-70b-instruct.md,mmlu_high_school_physics,62.3
models/nous-research/meta-llama-3-70b-instruct.md,mmlu_high_school_psychology,94.1
models/nous-research/meta-llama-3-70b-instruct.md,mmlu_high_school_statistics,73.6
models/nous-research/meta-llama-3-70b-instruct.md,mmlu_high_school_us_history,92.2
models/nous-research/meta-llama-3-70b-instruct.md,mmlu_high_school_world_history,92.8
models/nous-research/meta-llama-3-70b-instruct.md,mmlu_human_aging,82.1
models/nous-research/meta-llama-3-70b-instruct.md,mmlu_human_sexuality,87.0
models/nous-research/meta-llama-3-70b-instruct.md,mmlu_international_law,92.6
models/nous-research/meta-llama-3-70b-instruct.md,mmlu_jurisprudence,88.0
models/nous-research/meta-llama-3-70b-instruct.md,mmlu_logical_fallacies,85.9
models/nous-research/meta-llama-3-70b-instruct.md,mmlu_machine_learning,70.5
models/nous-research/meta-llama-3-70b-instruct.md,mmlu_management,89.3
models/nous-research/meta-llama-3-70b-instruct.md,mmlu_marketing,93.6
models/nous-research/meta-llama-3-70b-instruct.md,mmlu_medical_genetics,92.0
models/nous-research/meta-llama-3-70b-instruct.md,mmlu_miscellaneous,91.8
models/nous-research/meta-llama-3-70b-instruct.md,mmlu_moral_disputes,84.4
models/nous-research/meta-llama-3-70b-instruct.md,mmlu_moral_scenarios,70.8
models/nous-research/meta-llama-3-70b-instruct.md,mmlu_nutrition,87.6
models/nous-research/meta-llama-3-70b-instruct.md,mmlu_philosophy,81.4
models/nous-research/meta-llama-3-70b-instruct.md,mmlu_prehistory,90.1
models/nous-research/meta-llama-3-70b-instruct.md,mmlu_professional_accounting,63.8
models/nous-research/meta-llama-3-70b-instruct.md,mmlu_professional_law,64.1
models/nous-research/meta-llama-3-70b-instruct.md,mmlu_professional_medicine,89.0
models/nous-research/meta-llama-3-70b-instruct.md,mmlu_professional_psychology,85.3
models/nous-research/meta-llama-3-70b-instruct.md,mmlu_public_relations,74.5
models/nous-research/meta-llama-3-70b-instruct.md,mmlu_security_studies,81.6
models/nous-research/meta-llama-3-70b-instruct.md,mmlu_sociology,92.0
models/nous-research/meta-llama-3-70b-instruct.md,mmlu_us_foreign_policy,92.0
models/nous-research/meta-llama-3-70b-instruct.md,mmlu_virology,56.6
models/nous-research/meta-llama-3-70b-instruct.md,mmlu_world_religions,90.1
models/nous-research/meta-llama-3-8b-instruct.md,arc_challenge,60.8
models/nous-research/meta-llama-3-8b-instruct.md,gsm8k,68.7
models/nous-research/meta-llama-3-8b-instruct.md,hellaswag,78.6
models/nous-research/meta-llama-3-8b-instruct.md,truthfulqa,51.6
models/nous-research/meta-llama-3-8b-instruct.md,winogrande,74.5
models/nous-research/meta-llama-3-8b-instruct.md,mmlu_abstract_algebra,32.0
models/nous-research/meta-llama-3-8b-instruct.md,mmlu_anatomy,65.2
models/nous-research/meta-llama-3-8b-instruct.md,mmlu_astronomy,70.4
models/nous-research/meta-llama-3-8b-instruct.md,mmlu_business_ethics,69.0
models/nous-research/meta-llama-3-8b-instruct.md,mmlu_clinical_knowledge,74.7
models/nous-research/meta-llama-3-8b-instruct.md,mmlu_college_biology,79.9
models/nous-research/meta-llama-3-8b-instruct.md,mmlu_college_chemistry,47.0
models/nous-research/meta-llama-3-8b-instruct.md,mmlu_college_computer_science,59.0
models/nous-research/meta-llama-3-8b-instruct.md,mmlu_college_mathematics,39.0
models/nous-research/meta-llama-3-8b-instruct.md,mmlu_college_medicine,63.6
models/nous-research/meta-llama-3-8b-instruct.md,mmlu_college_physics,50.0
models/nous-research/meta-llama-3-8b-instruct.md,mmlu_computer_security,77.0
models/nous-research/meta-llama-3-8b-instruct.md,mmlu_conceptual_physics,60.4
models/nous-research/meta-llama-3-8b-instruct.md,mmlu_econometrics,60.5
models/nous-research/meta-llama-3-8b-instruct.md,mmlu_electrical_engineering,62.8
models/nous-research/meta-llama-3-8b-instruct.md,mmlu_elementary_mathematics,44.4
models/nous-research/meta-llama-3-8b-instruct.md,mmlu_formal_logic,48.4
models/nous-research/meta-llama-3-8b-instruct.md,mmlu_global_facts,40.0
models/nous-research/meta-llama-3-8b-instruct.md,mmlu_high_school_biology,78.4
models/nous-research/meta-llama-3-8b-instruct.md,mmlu_high_school_chemistry,50.7
models/nous-research/meta-llama-3-8b-instruct.md,mmlu_high_school_computer_science,75.0
models/nous-research/meta-llama-3-8b-instruct.md,mmlu_high_school_european_history,74.5
models/nous-research/meta-llama-3-8b-instruct.md,mmlu_high_school_geography,84.3
models/nous-research/meta-llama-3-8b-instruct.md,mmlu_high_school_government_and_politics,91.2
models/nous-research/meta-llama-3-8b-instruct.md,mmlu_high_school_macroeconomics,65.9
models/nous-research/meta-llama-3-8b-instruct.md,mmlu_high_school_mathematics,40.0
models/nous-research/meta-llama-3-8b-instruct.md,mmlu_high_school_microeconomics,76.5
models/nous-research/meta-llama-3-8b-instruct.md,mmlu_high_school_physics,44.4
models/nous-research/meta-llama-3-8b-instruct.md,mmlu_high_school_psychology,83.7
models/nous-research/meta-llama-3-8b-instruct.md,mmlu_high_school_statistics,53.7
models/nous-research/meta-llama-3-8b-instruct.md,mmlu_high_school_us_history,85.8
models/nous-research/meta-llama-3-8b-instruct.md,mmlu_high_school_world_history,84.4
models/nous-research/meta-llama-3-8b-instruct.md,mmlu_human_aging,72.2
models/nous-research/meta-llama-3-8b-instruct.md,mmlu_human_sexuality,77.9
models/nous-research/meta-llama-3-8b-instruct.md,mmlu_international_law,81.8
models/nous-research/meta-llama-3-8b-instruct.md,mmlu_jurisprudence,77.8
models/nous-research/meta-llama-3-8b-instruct.md,mmlu_logical_fallacies,76.7
models/nous-research/meta-llama-3-8b-instruct.md,mmlu_machine_learning,54.5
models/nous-research/meta-llama-3-8b-instruct.md,mmlu_management,78.6
models/nous-research/meta-llama-3-8b-instruct.md,mmlu_marketing,90.6
models/nous-research/meta-llama-3-8b-instruct.md,mmlu_medical_genetics,80.0
models/nous-research/meta-llama-3-8b-instruct.md,mmlu_miscellaneous,79.8
models/nous-research/meta-llama-3-8b-instruct.md,mmlu_moral_disputes,74.9
models/nous-research/meta-llama-3-8b-instruct.md,mmlu_moral_scenarios,43.7
models/nous-research/meta-llama-3-8b-instruct.md,mmlu_nutrition,74.5
models/nous-research/meta-llama-3-8b-instruct.md,mmlu_philosophy,71.4
models/nous-research/meta-llama-3-8b-instruct.md,mmlu_prehistory,74.1
models/nous-research/meta-llama-3-8b-instruct.md,mmlu_professional_accounting,52.8
models/nous-research/meta-llama-3-8b-instruct.md,mmlu_professional_law,47.8
models/nous-research/meta-llama-3-8b-instruct.md,mmlu_professional_medicine,71.7
models/nous-research/meta-llama-3-8b-instruct.md,mmlu_professional_psychology,70.6
models/nous-research/meta-llama-3-8b-instruct.md,mmlu_public_relations,64.5
models/nous-research/meta-llama-3-8b-instruct.md,mmlu_security_studies,73.9
models/nous-research/meta-llama-3-8b-instruct.md,mmlu_sociology,86.6
models/nous-research/meta-llama-3-8b-instruct.md,mmlu_us_foreign_policy,86.0
models/nous-research/meta-llama-3-8b-instruct.md,mmlu_virology,51.2
models/nous-research/meta-llama-3-8b-instruct.md,mmlu_world_religions,77.8
models/nous-research/meta-llama-3-8b.md,arc_challenge,60.2
models/nous-research/meta-llama-3-8b.md,gsm8k,45.2
models/nous-research/meta-llama-3-8b.md,hellaswag,82.2
models/nous-research/meta-llama-3-8b.md,truthfulqa,42.9
models/nous-research/meta-llama-3-8b.md,winogrande,78.5
models/nous-research/meta-llama-3-8b.md,mmlu_abstract_algebra,35.0
models/nous-research/meta-llama-3-8b.md,mmlu_anatomy,69.6
models/nous-research/meta-llama-3-8b.md,mmlu_astronomy,67.8
models/nous-research/meta-llama-3-8b.md,mmlu_business_ethics,63.0
models/nous-research/meta-llama-3-8b.md,mmlu_clinical_knowledge,75.5
models/nous-research/meta-llama-3-8b.md,mmlu_college_biology,77.1
models/nous-research/meta-llama-3-8b.md,mmlu_college_chemistry,47.0
models/nous-research/meta-llama-3-8b.md,mmlu_college_computer_science,49.0
models/nous-research/meta-llama-3-8b.md,mmlu_college_mathematics,33.0
models/nous-research/meta-llama-3-8b.md,mmlu_college_medicine,63.6
models/nous-research/meta-llama-3-8b.md,mmlu_college_physics,49.0
models/nous-research/meta-llama-3-8b.md,mmlu_computer_security,80.0
models/nous-research/meta-llama-3-8b.md,mmlu_conceptual_physics,59.1
models/nous-research/meta-llama-3-8b.md,mmlu_econometrics,49.1
models/nous-research/meta-llama-3-8b.md,mmlu_electrical_engineering,64.8
models/nous-research/meta-llama-3-8b.md,mmlu_elementary_mathematics,43.4
models/nous-research/meta-llama-3-8b.md,mmlu_formal_logic,47.6
models/nous-research/meta-llama-3-8b.md,mmlu_global_facts,37.0
models/nous-research/meta-llama-3-8b.md,mmlu_high_school_biology,76.8
models/nous-research/meta-llama-3-8b.md,mmlu_high_school_chemistry,54.7
models/nous-research/meta-llama-3-8b.md,mmlu_high_school_computer_science,68.0
models/nous-research/meta-llama-3-8b.md,mmlu_high_school_european_history,77.0
models/nous-research/meta-llama-3-8b.md,mmlu_high_school_geography,80.3
models/nous-research/meta-llama-3-8b.md,mmlu_high_school_government_and_politics,89.1
models/nous-research/meta-llama-3-8b.md,mmlu_high_school_macroeconomics,65.1
models/nous-research/meta-llama-3-8b.md,mmlu_high_school_mathematics,40.0
models/nous-research/meta-llama-3-8b.md,mmlu_high_school_microeconomics,73.5
models/nous-research/meta-llama-3-8b.md,mmlu_high_school_physics,44.4
models/nous-research/meta-llama-3-8b.md,mmlu_high_school_psychology,84.8
models/nous-research/meta-llama-3-8b.md,mmlu_high_school_statistics,57.9
models/nous-research/meta-llama-3-8b.md,mmlu_high_school_us_history,85.8
models/nous-research/meta-llama-3-8b.md,mmlu_high_school_world_history,82.3
models/nous-research/meta-llama-3-8b.md,mmlu_human_aging,71.7
models/nous-research/meta-llama-3-8b.md,mmlu_human_sexuality,77.1
models/nous-research/meta-llama-3-8b.md,mmlu_international_law,85.1
models/nous-research/meta-llama-3-8b.md,mmlu_jurisprudence,75.0
models/nous-research/meta-llama-3-8b.md,mmlu_logical_fallacies,73.6
models/nous-research/meta-llama-3-8b.md,mmlu_machine_learning,53.6
models/nous-research/meta-llama-3-8b.md,mmlu_management,87.4
models/nous-research/meta-llama-3-8b.md,mmlu_marketing,89.7
models/nous-research/meta-llama-3-8b.md,mmlu_medical_genetics,79.0
models/nous-research/meta-llama-3-8b.md,mmlu_miscellaneous,83.0
models/nous-research/meta-llama-3-8b.md,mmlu_moral_disputes,74.0
models/nous-research/meta-llama-3-8b.md,mmlu_moral_scenarios,41.3
models/nous-research/meta-llama-3-8b.md,mmlu_nutrition,76.5
models/nous-research/meta-llama-3-8b.md,mmlu_philosophy,74.3
models/nous-research/meta-llama-3-8b.md,mmlu_prehistory,72.5
models/nous-research/meta-llama-3-8b.md,mmlu_professional_accounting,49.3
models/nous-research/meta-llama-3-8b.md,mmlu_professional_law,46.7
models/nous-research/meta-llama-3-8b.md,mmlu_professional_medicine,72.1
models/nous-research/meta-llama-3-8b.md,mmlu_professional_psychology,72.4
models/nous-research/meta-llama-3-8b.md,mmlu_public_relations,71.8
models/nous-research/meta-llama-3-8b.md,mmlu_security_studies,75.1
models/nous-research/meta-llama-3-8b.md,mmlu_sociology,85.6
models/nous-research/meta-llama-3-8b.md,mmlu_us_foreign_policy,86.0
models/nous-research/meta-llama-3-8b.md,mmlu_virology,56.0
models/nous-research/meta-llama-3-8b.md,mmlu_world_religions,83.0
models/nous-research/nous-hermes-2-mixtral-8x7b-dpo.md,arc_challenge,71.1
models/nous-research/nous-hermes-2-mixtral-8x7b-dpo.md,gsm8k,71.6
models/nous-research/nous-hermes-2-mixtral-8x7b-dpo.md,hellaswag,87.3
models/nous-research/nous-hermes-2-mixtral-8x7b-dpo.md,truthfulqa,54.8
models/nous-research/nous-hermes-2-mixtral-8x7b-dpo.md,winogrande,83.1
models/nous-research/nous-hermes-2-mixtral-8x7b-dpo.md,mmlu_abstract_algebra,43.0
models/nous-research/nous-hermes-2-mixtral-8x7b-dpo.md,mmlu_anatomy,68.9
models/nous-research/nous-hermes-2-mixtral-8x7b-dpo.md,mmlu_astronomy,80.3
models/nous-research/nous-hermes-2-mixtral-8x7b-dpo.md,mmlu_business_ethics,73.0
models/nous-research/nous-hermes-2-mixtral-8x7b-dpo.md,mmlu_clinical_knowledge,79.2
models/nous-research/nous-hermes-2-mixtral-8x7b-dpo.md,mmlu_college_biology,83.3
models/nous-research/nous-hermes-2-mixtral-8x7b-dpo.md,mmlu_college_chemistry,55.0
models/nous-research/nous-hermes-2-mixtral-8x7b-dpo.md,mmlu_college_computer_science,66.0
models/nous-research/nous-hermes-2-mixtral-8x7b-dpo.md,mmlu_college_mathematics,43.0
models/nous-research/nous-hermes-2-mixtral-8x7b-dpo.md,mmlu_college_medicine,69.4
models/nous-research/nous-hermes-2-mixtral-8x7b-dpo.md,mmlu_college_physics,49.0
models/nous-research/nous-hermes-2-mixtral-8x7b-dpo.md,mmlu_computer_security,81.0
models/nous-research/nous-hermes-2-mixtral-8x7b-dpo.md,mmlu_conceptual_physics,69.4
models/nous-research/nous-hermes-2-mixtral-8x7b-dpo.md,mmlu_econometrics,64.9
models/nous-research/nous-hermes-2-mixtral-8x7b-dpo.md,mmlu_electrical_engineering,69.0
models/nous-research/nous-hermes-2-mixtral-8x7b-dpo.md,mmlu_elementary_mathematics,50.3
models/nous-research/nous-hermes-2-mixtral-8x7b-dpo.md,mmlu_formal_logic,57.1
models/nous-research/nous-hermes-2-mixtral-8x7b-dpo.md,mmlu_global_facts,45.0
models/nous-research/nous-hermes-2-mixtral-8x7b-dpo.md,mmlu_high_school_biology,85.2
models/nous-research/nous-hermes-2-mixtral-8x7b-dpo.md,mmlu_high_school_chemistry,59.1
models/nous-research/nous-hermes-2-mixtral-8x7b-dpo.md,mmlu_high_school_computer_science,75.0
models/nous-research/nous-hermes-2-mixtral-8x7b-dpo.md,mmlu_high_school_european_history,78.2
models/nous-research/nous-hermes-2-mixtral-8x7b-dpo.md,mmlu_high_school_geography,85.4
models/nous-research/nous-hermes-2-mixtral-8x7b-dpo.md,mmlu_high_school_government_and_politics,93.8
models/nous-research/nous-hermes-2-mixtral-8x7b-dpo.md,mmlu_high_school_macroeconomics,69.0
models/nous-research/nous-hermes-2-mixtral-8x7b-dpo.md,mmlu_high_school_mathematics,34.8
models/nous-research/nous-hermes-2-mixtral-8x7b-dpo.md,mmlu_high_school_microeconomics,79.4
models/nous-research/nous-hermes-2-mixtral-8x7b-dpo.md,mmlu_high_school_physics,45.7
models/nous-research/nous-hermes-2-mixtral-8x7b-dpo.md,mmlu_high_school_psychology,89.5
models/nous-research/nous-hermes-2-mixtral-8x7b-dpo.md,mmlu_high_school_statistics,66.2
models/nous-research/nous-hermes-2-mixtral-8x7b-dpo.md,mmlu_high_school_us_history,86.8
models/nous-research/nous-hermes-2-mixtral-8x7b-dpo.md,mmlu_high_school_world_history,89.5
models/nous-research/nous-hermes-2-mixtral-8x7b-dpo.md,mmlu_human_aging,76.2
models/nous-research/nous-hermes-2-mixtral-8x7b-dpo.md,mmlu_human_sexuality,87.8
models/nous-research/nous-hermes-2-mixtral-8x7b-dpo.md,mmlu_international_law,86.0
models/nous-research/nous-hermes-2-mixtral-8x7b-dpo.md,mmlu_jurisprudence,84.3
models/nous-research/nous-hermes-2-mixtral-8x7b-dpo.md,mmlu_logical_fallacies,80.4
models/nous-research/nous-hermes-2-mixtral-8x7b-dpo.md,mmlu_machine_learning,54.5
models/nous-research/nous-hermes-2-mixtral-8x7b-dpo.md,mmlu_management,85.4
models/nous-research/nous-hermes-2-mixtral-8x7b-dpo.md,mmlu_marketing,90.2
models/nous-research/nous-hermes-2-mixtral-8x7b-dpo.md,mmlu_medical_genetics,80.0
models/nous-research/nous-hermes-2-mixtral-8x7b-dpo.md,mmlu_miscellaneous,88.0
models/nous-research/nous-hermes-2-mixtral-8x7b-dpo.md,mmlu_moral_disputes,80.1
models/nous-research/nous-hermes-2-mixtral-8x7b-dpo.md,mmlu_moral_scenarios,57.2
models/nous-research/nous-hermes-2-mixtral-8x7b-dpo.md,mmlu_nutrition,80.7
models/nous-research/nous-hermes-2-mixtral-8x7b-dpo.md,mmlu_philosophy,79.1
models/nous-research/nous-hermes-2-mixtral-8x7b-dpo.md,mmlu_prehistory,85.5
models/nous-research/nous-hermes-2-mixtral-8x7b-dpo.md,mmlu_professional_accounting,52.8
models/nous-research/nous-hermes-2-mixtral-8x7b-dpo.md,mmlu_professional_law,55.5
models/nous-research/nous-hermes-2-mixtral-8x7b-dpo.md,mmlu_professional_medicine,78.7
models/nous-research/nous-hermes-2-mixtral-8x7b-dpo.md,mmlu_professional_psychology,78.8
models/nous-research/nous-hermes-2-mixtral-8x7b-dpo.md,mmlu_public_relations,69.1
models/nous-research/nous-hermes-2-mixtral-8x7b-dpo.md,mmlu_security_studies,81.2
models/nous-research/nous-hermes-2-mixtral-8x7b-dpo.md,mmlu_sociology,87.1
models/nous-research/nous-hermes-2-mixtral-8x7b-dpo.md,mmlu_us_foreign_policy,91.0
models/nous-research/nous-hermes-2-mixtral-8x7b-dpo.md,mmlu_virology,50.6
models/nous-research/nous-hermes-2-mixtral-8x7b-dpo.md,mmlu_world_religions,89.5
models/nous-research/nous-hermes-2-mixtral-8x7b-dpo.md,ifeval,59.0
models/nous-research/nous-hermes-2-mixtral-8x7b-dpo.md,bbh,55.4
models/nous-research/nous-hermes-2-mixtral-8x7b-dpo.md,math_lvl5,12.2
models/nous-research/nous-hermes-2-mixtral-8x7b-dpo.md,gpqa_pooled,32.1
models/nous-research/nous-hermes-2-mixtral-8x7b-dpo.md,musr,46.0
models/nous-research/nous-hermes-2-mixtral-8x7b-dpo.md,mmlu_pro,36.7
models/nous-research/nous-hermes-2-solar-10-7b.md,arc_challenge,66.7
models/nous-research/nous-hermes-2-solar-10-7b.md,gsm8k,69.4
models/nous-research/nous-hermes-2-solar-10-7b.md,hellaswag,84.9
models/nous-research/nous-hermes-2-solar-10-7b.md,truthfulqa,55.8
models/nous-research/nous-hermes-2-solar-10-7b.md,winogrande,82.8
models/nous-research/nous-hermes-2-solar-10-7b.md,mmlu_abstract_algebra,35.0
models/nous-research/nous-hermes-2-solar-10-7b.md,mmlu_anatomy,56.3
models/nous-research/nous-hermes-2-solar-10-7b.md,mmlu_astronomy,76.3
models/nous-research/nous-hermes-2-solar-10-7b.md,mmlu_business_ethics,74.0
models/nous-research/nous-hermes-2-solar-10-7b.md,mmlu_clinical_knowledge,69.1
models/nous-research/nous-hermes-2-solar-10-7b.md,mmlu_college_biology,72.9
models/nous-research/nous-hermes-2-solar-10-7b.md,mmlu_college_chemistry,47.0
models/nous-research/nous-hermes-2-solar-10-7b.md,mmlu_college_computer_science,42.0
models/nous-research/nous-hermes-2-solar-10-7b.md,mmlu_college_mathematics,37.0
models/nous-research/nous-hermes-2-solar-10-7b.md,mmlu_college_medicine,64.2
models/nous-research/nous-hermes-2-solar-10-7b.md,mmlu_college_physics,41.2
models/nous-research/nous-hermes-2-solar-10-7b.md,mmlu_computer_security,73.0
models/nous-research/nous-hermes-2-solar-10-7b.md,mmlu_conceptual_physics,59.6
models/nous-research/nous-hermes-2-solar-10-7b.md,mmlu_econometrics,54.4
models/nous-research/nous-hermes-2-solar-10-7b.md,mmlu_electrical_engineering,57.9
models/nous-research/nous-hermes-2-solar-10-7b.md,mmlu_elementary_mathematics,48.9
models/nous-research/nous-hermes-2-solar-10-7b.md,mmlu_formal_logic,45.2
models/nous-research/nous-hermes-2-solar-10-7b.md,mmlu_global_facts,32.0
models/nous-research/nous-hermes-2-solar-10-7b.md,mmlu_high_school_biology,80.6
models/nous-research/nous-hermes-2-solar-10-7b.md,mmlu_high_school_chemistry,51.7
models/nous-research/nous-hermes-2-solar-10-7b.md,mmlu_high_school_computer_science,71.0
models/nous-research/nous-hermes-2-solar-10-7b.md,mmlu_high_school_european_history,83.0
models/nous-research/nous-hermes-2-solar-10-7b.md,mmlu_high_school_geography,87.9
models/nous-research/nous-hermes-2-solar-10-7b.md,mmlu_high_school_government_and_politics,89.6
models/nous-research/nous-hermes-2-solar-10-7b.md,mmlu_high_school_macroeconomics,67.4
models/nous-research/nous-hermes-2-solar-10-7b.md,mmlu_high_school_mathematics,36.3
models/nous-research/nous-hermes-2-solar-10-7b.md,mmlu_high_school_microeconomics,69.3
models/nous-research/nous-hermes-2-solar-10-7b.md,mmlu_high_school_physics,37.7
models/nous-research/nous-hermes-2-solar-10-7b.md,mmlu_high_school_psychology,85.1
models/nous-research/nous-hermes-2-solar-10-7b.md,mmlu_high_school_statistics,52.8
models/nous-research/nous-hermes-2-solar-10-7b.md,mmlu_high_school_us_history,83.8
models/nous-research/nous-hermes-2-solar-10-7b.md,mmlu_high_school_world_history,87.8
models/nous-research/nous-hermes-2-solar-10-7b.md,mmlu_human_aging,74.9
models/nous-research/nous-hermes-2-solar-10-7b.md,mmlu_human_sexuality,77.9
models/nous-research/nous-hermes-2-solar-10-7b.md,mmlu_international_law,81.8
models/nous-research/nous-hermes-2-solar-10-7b.md,mmlu_jurisprudence,78.7
models/nous-research/nous-hermes-2-solar-10-7b.md,mmlu_logical_fallacies,74.8
models/nous-research/nous-hermes-2-solar-10-7b.md,mmlu_machine_learning,50.9
models/nous-research/nous-hermes-2-solar-10-7b.md,mmlu_management,80.6
models/nous-research/nous-hermes-2-solar-10-7b.md,mmlu_marketing,88.0
models/nous-research/nous-hermes-2-solar-10-7b.md,mmlu_medical_genetics,74.0
models/nous-research/nous-hermes-2-solar-10-7b.md,mmlu_miscellaneous,82.8
models/nous-research/nous-hermes-2-solar-10-7b.md,mmlu_moral_disputes,74.0
models/nous-research/nous-hermes-2-solar-10-7b.md,mmlu_moral_scenarios,34.9
models/nous-research/nous-hermes-2-solar-10-7b.md,mmlu_nutrition,77.8
models/nous-research/nous-hermes-2-solar-10-7b.md,mmlu_philosophy,72.7
models/nous-research/nous-hermes-2-solar-10-7b.md,mmlu_prehistory,77.5
models/nous-research/nous-hermes-2-solar-10-7b.md,mmlu_professional_accounting,51.8
models/nous-research/nous-hermes-2-solar-10-7b.md,mmlu_professional_law,50.1
models/nous-research/nous-hermes-2-solar-10-7b.md,mmlu_professional_medicine,75.7
models/nous-research/nous-hermes-2-solar-10-7b.md,mmlu_professional_psychology,68.5
models/nous-research/nous-hermes-2-solar-10-7b.md,mmlu_public_relations,70.0
models/nous-research/nous-hermes-2-solar-10-7b.md,mmlu_security_studies,78.8
models/nous-research/nous-hermes-2-solar-10-7b.md,mmlu_sociology,82.6
models/nous-research/nous-hermes-2-solar-10-7b.md,mmlu_us_foreign_policy,91.0
models/nous-research/nous-hermes-2-solar-10-7b.md,mmlu_virology,56.0
models/nous-research/nous-hermes-2-solar-10-7b.md,mmlu_world_religions,83.0
models/nous-research/nous-hermes-2-solar-10-7b.md,ifeval,52.8
models/nous-research/nous-hermes-2-solar-10-7b.md,bbh,54.1
models/nous-research/nous-hermes-2-solar-10-7b.md,math_lvl5,5.7
models/nous-research/nous-hermes-2-solar-10-7b.md,gpqa_pooled,29.4
models/nous-research/nous-hermes-2-solar-10-7b.md,musr,43.7
models/nous-research/nous-hermes-2-solar-10-7b.md,mmlu_pro,34.6
models/nous-research/nous-hermes-2-yi-34b.md,arc_challenge,66.9
models/nous-research/nous-hermes-2-yi-34b.md,gsm8k,70.1
models/nous-research/nous-hermes-2-yi-34b.md,hellaswag,85.5
models/nous-research/nous-hermes-2-yi-34b.md,truthfulqa,60.4
models/nous-research/nous-hermes-2-yi-34b.md,winogrande,83.0
models/nous-research/nous-hermes-2-yi-34b.md,mmlu_abstract_algebra,49.0
models/nous-research/nous-hermes-2-yi-34b.md,mmlu_anatomy,71.9
models/nous-research/nous-hermes-2-yi-34b.md,mmlu_astronomy,89.5
models/nous-research/nous-hermes-2-yi-34b.md,mmlu_business_ethics,78.0
models/nous-research/nous-hermes-2-yi-34b.md,mmlu_clinical_knowledge,80.0
models/nous-research/nous-hermes-2-yi-34b.md,mmlu_college_biology,90.3
models/nous-research/nous-hermes-2-yi-34b.md,mmlu_college_chemistry,51.0
models/nous-research/nous-hermes-2-yi-34b.md,mmlu_college_computer_science,65.0
models/nous-research/nous-hermes-2-yi-34b.md,mmlu_college_mathematics,49.0
models/nous-research/nous-hermes-2-yi-34b.md,mmlu_college_medicine,69.9
models/nous-research/nous-hermes-2-yi-34b.md,mmlu_college_physics,52.9
models/nous-research/nous-hermes-2-yi-34b.md,mmlu_computer_security,83.0
models/nous-research/nous-hermes-2-yi-34b.md,mmlu_conceptual_physics,79.1
models/nous-research/nous-hermes-2-yi-34b.md,mmlu_econometrics,57.0
models/nous-research/nous-hermes-2-yi-34b.md,mmlu_electrical_engineering,77.2
models/nous-research/nous-hermes-2-yi-34b.md,mmlu_elementary_mathematics,69.0
models/nous-research/nous-hermes-2-yi-34b.md,mmlu_formal_logic,57.9
models/nous-research/nous-hermes-2-yi-34b.md,mmlu_global_facts,51.0
models/nous-research/nous-hermes-2-yi-34b.md,mmlu_high_school_biology,89.7
models/nous-research/nous-hermes-2-yi-34b.md,mmlu_high_school_chemistry,62.1
models/nous-research/nous-hermes-2-yi-34b.md,mmlu_high_school_computer_science,84.0
models/nous-research/nous-hermes-2-yi-34b.md,mmlu_high_school_european_history,87.9
models/nous-research/nous-hermes-2-yi-34b.md,mmlu_high_school_geography,89.9
models/nous-research/nous-hermes-2-yi-34b.md,mmlu_high_school_government_and_politics,97.9
models/nous-research/nous-hermes-2-yi-34b.md,mmlu_high_school_macroeconomics,82.8
models/nous-research/nous-hermes-2-yi-34b.md,mmlu_high_school_mathematics,41.5
models/nous-research/nous-hermes-2-yi-34b.md,mmlu_high_school_microeconomics,85.3
models/nous-research/nous-hermes-2-yi-34b.md,mmlu_high_school_physics,50.3
models/nous-research/nous-hermes-2-yi-34b.md,mmlu_high_school_psychology,92.1
models/nous-research/nous-hermes-2-yi-34b.md,mmlu_high_school_statistics,66.2
models/nous-research/nous-hermes-2-yi-34b.md,mmlu_high_school_us_history,91.2
models/nous-research/nous-hermes-2-yi-34b.md,mmlu_high_school_world_history,90.7
models/nous-research/nous-hermes-2-yi-34b.md,mmlu_human_aging,79.4
models/nous-research/nous-hermes-2-yi-34b.md,mmlu_human_sexuality,89.3
models/nous-research/nous-hermes-2-yi-34b.md,mmlu_international_law,90.9
models/nous-research/nous-hermes-2-yi-34b.md,mmlu_jurisprudence,89.8
models/nous-research/nous-hermes-2-yi-34b.md,mmlu_logical_fallacies,87.1
models/nous-research/nous-hermes-2-yi-34b.md,mmlu_machine_learning,60.7
models/nous-research/nous-hermes-2-yi-34b.md,mmlu_management,92.2
models/nous-research/nous-hermes-2-yi-34b.md,mmlu_marketing,91.9
models/nous-research/nous-hermes-2-yi-34b.md,mmlu_medical_genetics,86.0
models/nous-research/nous-hermes-2-yi-34b.md,mmlu_miscellaneous,91.1
models/nous-research/nous-hermes-2-yi-34b.md,mmlu_moral_disputes,83.5
models/nous-research/nous-hermes-2-yi-34b.md,mmlu_moral_scenarios,71.1
models/nous-research/nous-hermes-2-yi-34b.md,mmlu_nutrition,84.3
models/nous-research/nous-hermes-2-yi-34b.md,mmlu_philosophy,81.4
models/nous-research/nous-hermes-2-yi-34b.md,mmlu_prehistory,88.9
models/nous-research/nous-hermes-2-yi-34b.md,mmlu_professional_accounting,64.9
models/nous-research/nous-hermes-2-yi-34b.md,mmlu_professional_law,61.7
models/nous-research/nous-hermes-2-yi-34b.md,mmlu_professional_medicine,83.1
models/nous-research/nous-hermes-2-yi-34b.md,mmlu_professional_psychology,82.4
models/nous-research/nous-hermes-2-yi-34b.md,mmlu_public_relations,71.8
models/nous-research/nous-hermes-2-yi-34b.md,mmlu_security_studies,84.1
models/nous-research/nous-hermes-2-yi-34b.md,mmlu_sociology,87.6
models/nous-research/nous-hermes-2-yi-34b.md,mmlu_us_foreign_policy,92.0
models/nous-research/nous-hermes-2-yi-34b.md,mmlu_virology,57.2
models/nous-research/nous-hermes-2-yi-34b.md,mmlu_world_religions,87.1
models/nous-research/nous-hermes-llama-2-7b.md,gsm8k,5.8
models/nous-research/nous-hermes-llama-2-7b.md,winogrande,74.0
models/nous-research/nous-hermes-llama-2-7b.md,ifeval,17.3
models/nous-research/nous-hermes-llama-2-7b.md,bbh,38.2
models/nous-research/nous-hermes-llama-2-7b.md,math_lvl5,0.9
models/nous-research/nous-hermes-llama-2-7b.md,gpqa_pooled,26.3
models/nous-research/nous-hermes-llama-2-7b.md,musr,42.6
models/nous-research/nous-hermes-llama-2-7b.md,mmlu_pro,19.4
models/nvidia/kimi-k2-5-nvfp4.md,gsm8k,97.3
models/nvidia/nv-embed-v2.md,beir,58.5
models/nvidia/nv-embed-v2.md,mteb_classification,73.5
models/nvidia/nv-embed-v2.md,mteb_clustering,53.8
models/nvidia/nv-embed-v2.md,mteb_overall,69.5
models/nvidia/nv-embed-v2.md,mteb_retrieval,67.2
models/nvidia/nv-embed-v2.md,mteb_reranking,60.4
models/nvidia/nv-embed-v2.md,mteb_sts,79.6
models/nvidia/nv-embed-v2.md,mteb_pair_classification,84.1
models/nvidia/nv-embed-v2.md,mteb_summarization,30.4
models/nvidia/nv-embed-v2.md,miracl,55.5
models/nvidia/nvlm-d-72b.md,mmmu,58.7
models/nvidia/nvlm-d-72b.md,mathvista,65.2
models/nvidia/nvlm-d-72b.md,docvqa,92.6
models/nvidia/nvlm-d-72b.md,chartqa,86.0
models/nvidia/nvlm-d-72b.md,ai2d,94.2
models/nvidia/nvlm-d-72b.md,ocrbench,85.2
models/nvidia/nvlm-d-72b.md,realworldqa,69.5
models/openai/gpt-3-5-turbo.md,alpaca_eval,25.4
models/openai/gpt-3-5-turbo.md,arena_elo_coding,1100.0
models/openai/gpt-3-5-turbo.md,arena_elo_math,1080.0
models/openai/gpt-3-5-turbo.md,arena_elo_overall,1110.0
models/openai/gpt-3-5-turbo.md,gpqa_diamond,28.3
models/openai/gpt-3-5-turbo.md,gsm8k,80.0
models/openai/gpt-3-5-turbo.md,humaneval,48.1
models/openai/gpt-3-5-turbo.md,ifeval,60.5
models/openai/gpt-3-5-turbo.md,math_500,32.8
models/openai/gpt-3-5-turbo.md,mgsm,56.3
models/openai/gpt-3-5-turbo.md,mmlu_pro,40.2
models/openai/gpt-4-1-mini.md,aider_polyglot,32.4
models/openai/gpt-4-1-mini.md,alpaca_eval,52.1
models/openai/gpt-4-1-mini.md,arena_elo_coding,1310.0
models/openai/gpt-4-1-mini.md,arena_elo_hard_prompts,1402.3
models/openai/gpt-4-1-mini.md,arena_elo_math,1290.0
models/openai/gpt-4-1-mini.md,arena_elo_overall,1300.0
models/openai/gpt-4-1-mini.md,arena_elo_style_control,1382.1
models/openai/gpt-4-1-mini.md,arena_elo_vision,1202.1
models/openai/gpt-4-1-mini.md,bbq,86.5
models/openai/gpt-4-1-mini.md,chartqa,88.5
models/openai/gpt-4-1-mini.md,docvqa,94.1
models/openai/gpt-4-1-mini.md,gpqa_diamond,60.1
models/openai/gpt-4-1-mini.md,helm_safety,90.5
models/openai/gpt-4-1-mini.md,humaneval,86.5
models/openai/gpt-4-1-mini.md,ifeval,85.0
models/openai/gpt-4-1-mini.md,live_code_bench,48.3
models/openai/gpt-4-1-mini.md,math_500,82.3
models/openai/gpt-4-1-mini.md,mathvista,68.2
models/openai/gpt-4-1-mini.md,mmlu_pro,74.2
models/openai/gpt-4-1-mini.md,mmmu,72.5
models/openai/gpt-4-1-mini.md,mt_bench,9.3
models/openai/gpt-4-1-mini.md,multipl_e_csharp,76.5
models/openai/gpt-4-1-mini.md,multipl_e_julia,56.2
models/openai/gpt-4-1-mini.md,multipl_e_kotlin,68.2
models/openai/gpt-4-1-mini.md,multipl_e_lua,50.8
models/openai/gpt-4-1-mini.md,multipl_e_perl,46.5
models/openai/gpt-4-1-mini.md,multipl_e_php,74.2
models/openai/gpt-4-1-mini.md,multipl_e_r,52.8
models/openai/gpt-4-1-mini.md,multipl_e_ruby,62.5
models/openai/gpt-4-1-mini.md,multipl_e_scala,56.8
models/openai/gpt-4-1-mini.md,multipl_e_swift,61.5
models/openai/gpt-4-1-mini.md,swe_bench_verified,23.6
models/openai/gpt-4-1-mini.md,toxigen,93.5
models/openai/gpt-4-1-mini.md,wildbench,80.5
models/openai/gpt-4-1-mini.md,ai2d,91.5
models/openai/gpt-4-1-nano.md,aider_polyglot,8.9
models/openai/gpt-4-1-nano.md,alpaca_eval,52.1
models/openai/gpt-4-1-nano.md,arena_elo_coding,1260.0
models/openai/gpt-4-1-nano.md,arena_elo_hard_prompts,1332.8
models/openai/gpt-4-1-nano.md,arena_elo_math,1240.0
models/openai/gpt-4-1-nano.md,arena_elo_overall,1250.0
models/openai/gpt-4-1-nano.md,arena_elo_style_control,1321.4
models/openai/gpt-4-1-nano.md,arena_elo_vision,1088.9
models/openai/gpt-4-1-nano.md,bbq,86.5
models/openai/gpt-4-1-nano.md,chartqa,88.5
models/openai/gpt-4-1-nano.md,docvqa,94.1
models/openai/gpt-4-1-nano.md,gpqa_diamond,48.3
models/openai/gpt-4-1-nano.md,helm_safety,90.5
models/openai/gpt-4-1-nano.md,humaneval,78.5
models/openai/gpt-4-1-nano.md,ifeval,78.0
models/openai/gpt-4-1-nano.md,live_code_bench,48.3
models/openai/gpt-4-1-nano.md,math_500,70.5
models/openai/gpt-4-1-nano.md,mathvista,68.2
models/openai/gpt-4-1-nano.md,mmlu_pro,64.1
models/openai/gpt-4-1-nano.md,mmmu,72.5
models/openai/gpt-4-1-nano.md,mt_bench,9.3
models/openai/gpt-4-1-nano.md,multipl_e_csharp,76.5
models/openai/gpt-4-1-nano.md,multipl_e_julia,56.2
models/openai/gpt-4-1-nano.md,multipl_e_kotlin,68.2
models/openai/gpt-4-1-nano.md,multipl_e_lua,50.8
models/openai/gpt-4-1-nano.md,multipl_e_perl,46.5
models/openai/gpt-4-1-nano.md,multipl_e_php,74.2
models/openai/gpt-4-1-nano.md,multipl_e_r,52.8
models/openai/gpt-4-1-nano.md,multipl_e_ruby,62.5
models/openai/gpt-4-1-nano.md,multipl_e_scala,56.8
models/openai/gpt-4-1-nano.md,multipl_e_swift,61.5
models/openai/gpt-4-1-nano.md,swe_bench_verified,54.6
models/openai/gpt-4-1-nano.md,toxigen,93.5
models/openai/gpt-4-1-nano.md,wildbench,80.5
models/openai/gpt-4-1-nano.md,ai2d,95.2
models/openai/gpt-4-1.md,aider_polyglot,68.5
models/openai/gpt-4-1.md,alpaca_eval,52.1
models/openai/gpt-4-1.md,arena_elo_coding,1360.0
models/openai/gpt-4-1.md,arena_elo_hard_prompts,1430.8
models/openai/gpt-4-1.md,arena_elo_math,1320.0
models/openai/gpt-4-1.md,arena_elo_overall,1340.0
models/openai/gpt-4-1.md,arena_elo_style_control,1413.0
models/openai/gpt-4-1.md,arena_elo_vision,1213.5
models/openai/gpt-4-1.md,bbq,86.5
models/openai/gpt-4-1.md,chartqa,88.5
models/openai/gpt-4-1.md,docvqa,94.1
models/openai/gpt-4-1.md,gpqa_diamond,69.5
models/openai/gpt-4-1.md,helm_safety,90.5
models/openai/gpt-4-1.md,humaneval,90.2
models/openai/gpt-4-1.md,ifeval,89.5
models/openai/gpt-4-1.md,live_code_bench,48.3
models/openai/gpt-4-1.md,math_500,89.4
models/openai/gpt-4-1.md,mathvista,68.2
models/openai/gpt-4-1.md,medqa,89.7
models/openai/gpt-4-1.md,mmlu_astronomy,79.5
models/openai/gpt-4-1.md,mmlu_biology,87.5
models/openai/gpt-4-1.md,mmlu_business_ethics,81.5
models/openai/gpt-4-1.md,mmlu_chemistry,81.8
models/openai/gpt-4-1.md,mmlu_clinical_knowledge,86.2
models/openai/gpt-4-1.md,mmlu_computer_science,88.2
models/openai/gpt-4-1.md,mmlu_jurisprudence,79.8
models/openai/gpt-4-1.md,mmlu_physics,84.2
models/openai/gpt-4-1.md,mmlu_pro,80.1
models/openai/gpt-4-1.md,mmlu_professional_accounting,71.8
models/openai/gpt-4-1.md,mmlu_professional_law,77.5
models/openai/gpt-4-1.md,mmmu,72.5
models/openai/gpt-4-1.md,mt_bench,9.3
models/openai/gpt-4-1.md,multipl_e,85.7
models/openai/gpt-4-1.md,multipl_e_cpp,85.1
models/openai/gpt-4-1.md,multipl_e_csharp,85.2
models/openai/gpt-4-1.md,multipl_e_go,82.1
models/openai/gpt-4-1.md,multipl_e_java,88.5
models/openai/gpt-4-1.md,multipl_e_javascript,88.2
models/openai/gpt-4-1.md,multipl_e_julia,65.8
models/openai/gpt-4-1.md,multipl_e_kotlin,78.5
models/openai/gpt-4-1.md,multipl_e_lua,61.5
models/openai/gpt-4-1.md,multipl_e_perl,58.2
models/openai/gpt-4-1.md,multipl_e_php,82.8
models/openai/gpt-4-1.md,multipl_e_python,92.5
models/openai/gpt-4-1.md,multipl_e_r,63.5
models/openai/gpt-4-1.md,multipl_e_ruby,73.5
models/openai/gpt-4-1.md,multipl_e_rust,76.2
models/openai/gpt-4-1.md,multipl_e_scala,67.2
models/openai/gpt-4-1.md,multipl_e_swift,71.8
models/openai/gpt-4-1.md,multipl_e_typescript,87.1
models/openai/gpt-4-1.md,swe_bench_agent,48.5
models/openai/gpt-4-1.md,swe_bench_verified,54.6
models/openai/gpt-4-1.md,tau_bench,52.8
models/openai/gpt-4-1.md,terminal_bench,42.1
models/openai/gpt-4-1.md,toxigen,93.5
models/openai/gpt-4-1.md,wildbench,80.5
models/openai/gpt-4-1.md,ai2d,95.2
models/openai/gpt-4-turbo.md,ai2d,89.4
models/openai/gpt-4-turbo.md,alpaca_eval,55.0
models/openai/gpt-4-turbo.md,arena_elo_coding,1270.0
models/openai/gpt-4-turbo.md,arena_elo_hard_prompts,1315.4
models/openai/gpt-4-turbo.md,arena_elo_math,1250.0
models/openai/gpt-4-turbo.md,arena_elo_overall,1260.0
models/openai/gpt-4-turbo.md,arena_elo_style_control,1323.4
models/openai/gpt-4-turbo.md,arena_elo_vision,1112.5
models/openai/gpt-4-turbo.md,bbq,85.5
models/openai/gpt-4-turbo.md,chartqa,87.2
models/openai/gpt-4-turbo.md,docvqa,87.2
models/openai/gpt-4-turbo.md,gpqa_diamond,49.3
models/openai/gpt-4-turbo.md,gsm8k,93.0
models/openai/gpt-4-turbo.md,helm_safety,89.5
models/openai/gpt-4-turbo.md,humaneval,87.8
models/openai/gpt-4-turbo.md,ifeval,82.0
models/openai/gpt-4-turbo.md,live_code_bench,29.1
models/openai/gpt-4-turbo.md,math_500,72.2
models/openai/gpt-4-turbo.md,mathvista,50.5
models/openai/gpt-4-turbo.md,mgsm,88.5
models/openai/gpt-4-turbo.md,mmlu_pro,67.4
models/openai/gpt-4-turbo.md,mmmu,59.4
models/openai/gpt-4-turbo.md,multipl_e_csharp,80.5
models/openai/gpt-4-turbo.md,multipl_e_julia,61.8
models/openai/gpt-4-turbo.md,multipl_e_kotlin,73.8
models/openai/gpt-4-turbo.md,multipl_e_lua,56.8
models/openai/gpt-4-turbo.md,multipl_e_perl,52.5
models/openai/gpt-4-turbo.md,multipl_e_php,78.2
models/openai/gpt-4-turbo.md,multipl_e_r,58.2
models/openai/gpt-4-turbo.md,multipl_e_scala,62.8
models/openai/gpt-4-turbo.md,multipl_e_swift,66.5
models/openai/gpt-4-turbo.md,toxigen,93.2
models/openai/gpt-4.md,alpaca_eval,52.1
models/openai/gpt-4.md,arena_elo_coding,1240.0
models/openai/gpt-4.md,arena_elo_math,1220.0
models/openai/gpt-4.md,arena_elo_overall,1230.0
models/openai/gpt-4.md,bbq,86.5
models/openai/gpt-4.md,chartqa,88.5
models/openai/gpt-4.md,docvqa,94.1
models/openai/gpt-4.md,gpqa_diamond,39.7
models/openai/gpt-4.md,helm_safety,90.5
models/openai/gpt-4.md,humaneval,67.0
models/openai/gpt-4.md,ifeval,76.5
models/openai/gpt-4.md,math_500,42.5
models/openai/gpt-4.md,mathvista,68.2
models/openai/gpt-4.md,mmlu_pro,56.2
models/openai/gpt-4.md,mmmu,72.5
models/openai/gpt-4.md,mt_bench,9.3
models/openai/gpt-4.md,toxigen,93.5
models/openai/gpt-4.md,wildbench,80.5
models/openai/gpt-4.md,mgsm,74.5
models/openai/gpt-4.md,multipl_e_csharp,76.5
models/openai/gpt-4.md,multipl_e_php,74.2
models/openai/gpt-4.md,multipl_e_ruby,62.5
models/openai/gpt-4.md,multipl_e_swift,61.5
models/openai/gpt-4.md,multipl_e_r,52.8
models/openai/gpt-4.md,multipl_e_julia,56.2
models/openai/gpt-4.md,multipl_e_perl,46.5
models/openai/gpt-4.md,multipl_e_lua,50.8
models/openai/gpt-4.md,multipl_e_scala,56.8
models/openai/gpt-4.md,multipl_e_kotlin,68.2
models/openai/gpt-4.md,live_code_bench,48.3
models/openai/gpt-4.md,aider_polyglot,52.4
models/openai/gpt-4.md,swe_bench_verified,54.6
models/openai/gpt-4.md,ai2d,95.2
models/openai/gpt-4o-2024-05-13.md,arena_elo_hard_prompts,1336.8
models/openai/gpt-4o-2024-05-13.md,arena_elo_style_control,1345.1
models/openai/gpt-4o-2024-05-13.md,math,76.6
models/openai/gpt-4o-2024-08-06.md,arena_elo_hard_prompts,1326.3
models/openai/gpt-4o-2024-08-06.md,arena_elo_style_control,1334.3
models/openai/gpt-4o-2024-08-06.md,humaneval,90.2
models/openai/gpt-4o-2024-11-20.md,humaneval,90.2
models/openai/gpt-4o-mini.md,arena_elo_coding,1260.0
models/openai/gpt-4o-mini.md,arena_elo_hard_prompts,1311.1
models/openai/gpt-4o-mini.md,arena_elo_math,1240.0
models/openai/gpt-4o-mini.md,arena_elo_overall,1250.0
models/openai/gpt-4o-mini.md,arena_elo_style_control,1317.2
models/openai/gpt-4o-mini.md,arena_elo_vision,1097.8
models/openai/gpt-4o-mini.md,gpqa_diamond,46.1
models/openai/gpt-4o-mini.md,humaneval,87.2
models/openai/gpt-4o-mini.md,ifeval,80.5
models/openai/gpt-4o-mini.md,live_code_bench,23.4
models/openai/gpt-4o-mini.md,math_500,70.2
models/openai/gpt-4o-mini.md,mgsm,87.0
models/openai/gpt-4o-mini.md,mmlu_pro,66.5
models/openai/gpt-4o-mini.md,multipl_e_csharp,72.5
models/openai/gpt-4o-mini.md,multipl_e_julia,53.5
models/openai/gpt-4o-mini.md,multipl_e_kotlin,65.2
models/openai/gpt-4o-mini.md,multipl_e_lua,48.5
models/openai/gpt-4o-mini.md,multipl_e_perl,44.2
models/openai/gpt-4o-mini.md,multipl_e_php,70.2
models/openai/gpt-4o-mini.md,multipl_e_r,50.2
models/openai/gpt-4o-mini.md,multipl_e_ruby,58.5
models/openai/gpt-4o-mini.md,multipl_e_scala,52.8
models/openai/gpt-4o-mini.md,multipl_e_swift,58.5
models/openai/gpt-4o-mini.md,swe_bench_verified,38.5
models/openai/gpt-4o.md,arena_elo_hard_prompts,1456.0
models/openai/gpt-4o.md,arena_elo_style_control,1443.0
models/openai/gpt-5-1-codex-mini.md,live_code_bench,83.6
models/openai/gpt-5-1-codex.md,terminal_bench_2,52.8
models/openai/gpt-5-1.md,arena_elo_hard_prompts,1474.6
models/openai/gpt-5-1.md,arena_elo_style_control,1454.6
models/openai/gpt-5-1.md,arena_elo_vision,1249.1
models/openai/gpt-5-1.md,medqa,96.4
models/openai/gpt-5-2-codex.md,terminal_bench_2,64.0
models/openai/gpt-5-2-pro.md,live_code_bench,88.9
models/openai/gpt-5-2.md,arena_elo_hard_prompts,1495.4
models/openai/gpt-5-2.md,arena_elo_style_control,1477.0
models/openai/gpt-5-2.md,arena_elo_vision,1277.9
models/openai/gpt-5-2.md,medqa,95.8
models/openai/gpt-5-3-codex-spark.md,arena_elo_hard_prompts,1482.5
models/openai/gpt-5-3-codex-spark.md,arena_elo_style_control,1456.4
models/openai/gpt-5-3-codex.md,terminal_bench_2,77.3
models/openai/gpt-5-4-mini.md,arena_elo_hard_prompts,1483.9
models/openai/gpt-5-4-mini.md,arena_elo_style_control,1457.8
models/openai/gpt-5-4-mini.md,arena_elo_vision,1241.2
models/openai/gpt-5-4-nano.md,arena_elo_hard_prompts,1417.2
models/openai/gpt-5-4-nano.md,arena_elo_style_control,1402.7
models/openai/gpt-5-4-nano.md,arena_elo_vision,1191.8
models/openai/gpt-5-4.md,arena_elo_hard_prompts,1507.2
models/openai/gpt-5-4.md,arena_elo_style_control,1483.6
models/openai/gpt-5-4.md,gpqa_diamond,92.8
models/openai/gpt-5-4.md,graphwalks_bfs_256k_1m,21.4
models/openai/gpt-5-4.md,hle,39.8
models/openai/gpt-5-4.md,hle_tools,52.1
models/openai/gpt-5-4.md,osworld,75.0
models/openai/gpt-5-4.md,swe_bench_pro,57.7
models/openai/gpt-5-4.md,terminal_bench_2,75.1
models/openai/gpt-5-4.md,usamo_2026,95.2
models/openai/gpt-5-codex.md,live_code_bench,84.0
models/openai/gpt-5-mini.md,arena_elo_hard_prompts,1401.8
models/openai/gpt-5-mini.md,arena_elo_math,1330.0
models/openai/gpt-5-mini.md,arena_elo_style_control,1389.5
models/openai/gpt-5-mini.md,arena_elo_vision,1181.9
models/openai/gpt-5-mini.md,gpqa_diamond,68.2
models/openai/gpt-5-mini.md,humaneval,88.5
models/openai/gpt-5-mini.md,ifeval,88.0
models/openai/gpt-5-mini.md,live_code_bench,83.8
models/openai/gpt-5-mini.md,math_500,89.1
models/openai/gpt-5-mini.md,mmlu_pro,79.5
models/openai/gpt-5-nano.md,arena_elo_hard_prompts,1353.3
models/openai/gpt-5-nano.md,arena_elo_math,1280.0
models/openai/gpt-5-nano.md,arena_elo_style_control,1336.4
models/openai/gpt-5-nano.md,arena_elo_vision,1145.6
models/openai/gpt-5-nano.md,gpqa_diamond,55.1
models/openai/gpt-5-nano.md,humaneval,82.0
models/openai/gpt-5-nano.md,ifeval,82.5
models/openai/gpt-5-nano.md,live_code_bench,47.0
models/openai/gpt-5-nano.md,math_500,78.2
models/openai/gpt-5-nano.md,mmlu_pro,70.3
models/openai/gpt-5.md,arena_elo_hard_prompts,1447.9
models/openai/gpt-5.md,arena_elo_style_control,1433.4
models/openai/gpt-5.md,arena_elo_vision,1225.2
models/openai/gpt-5.md,legalbench,86.0
models/openai/o1-mini.md,aider_polyglot,32.9
models/openai/o1-mini.md,arena_elo_coding,1310.0
models/openai/o1-mini.md,arena_elo_hard_prompts,1360.5
models/openai/o1-mini.md,arena_elo_math,1330.0
models/openai/o1-mini.md,arena_elo_overall,1300.0
models/openai/o1-mini.md,arena_elo_style_control,1336.6
models/openai/o1-mini.md,gpqa_diamond,60.0
models/openai/o1-mini.md,gsm8k,97.1
models/openai/o1-mini.md,humaneval,85.0
models/openai/o1-mini.md,ifeval,82.0
models/openai/o1-mini.md,math_500,90.0
models/openai/o1-mini.md,mgsm,89.3
models/openai/o1-mini.md,mmlu_pro,72.5
models/openai/o1-preview.md,arena_elo_hard_prompts,1396.1
models/openai/o1-preview.md,arena_elo_style_control,1387.6
models/openai/o1-preview.md,mgsm,90.8
models/openai/o1-pro.md,arena_elo_coding,1360.0
models/openai/o1-pro.md,arena_elo_math,1400.0
models/openai/o1-pro.md,arena_elo_overall,1370.0
models/openai/o1-pro.md,gpqa_diamond,80.5
models/openai/o1-pro.md,humaneval,90.2
models/openai/o1-pro.md,ifeval,88.5
models/openai/o1-pro.md,math_500,95.6
models/openai/o1-pro.md,mmlu_pro,82.0
models/openai/o1-pro.md,mgsm,89.3
models/openai/o1-pro.md,gsm8k,97.1
models/openai/o1.md,aider_polyglot,61.7
models/openai/o1.md,arena_elo_hard_prompts,1417.4
models/openai/o1.md,arena_elo_style_control,1401.5
models/openai/o1.md,arena_elo_vision,1192.9
models/openai/o1.md,gsm8k,97.1
models/openai/o1.md,medqa,96.5
models/openai/o1.md,mgsm,89.3
models/openai/o3-mini.md,aime_2025,83.3
models/openai/o3-mini.md,arena_elo_hard_prompts,1401.1
models/openai/o3-mini.md,arena_elo_math,1370.0
models/openai/o3-mini.md,arena_elo_style_control,1363.2
models/openai/o3-mini.md,gpqa_diamond,79.7
models/openai/o3-mini.md,humaneval,88.9
models/openai/o3-mini.md,ifeval,86.5
models/openai/o3-mini.md,live_code_bench,71.7
models/openai/o3-mini.md,math_500,94.8
models/openai/o3-mini.md,medqa,91.4
models/openai/o3-mini.md,mgsm,92.0
models/openai/o3-mini.md,mmlu_pro,79.0
models/openai/o3-mini.md,multipl_e_csharp,82.5
models/openai/o3-mini.md,multipl_e_julia,64.2
models/openai/o3-mini.md,multipl_e_kotlin,75.2
models/openai/o3-mini.md,multipl_e_perl,54.2
models/openai/o3-mini.md,multipl_e_php,80.2
models/openai/o3-mini.md,multipl_e_scala,63.2
models/openai/o3-mini.md,swe_bench_verified,71.2
models/openai/o3-pro.md,aime_2025,94
models/openai/o3-pro.md,arena_elo_coding,1420
models/openai/o3-pro.md,arena_elo_math,1440
models/openai/o3-pro.md,arena_elo_overall,1410
models/openai/o3-pro.md,gpqa_diamond,89
models/openai/o3-pro.md,humaneval,93.5
models/openai/o3-pro.md,ifeval,92
models/openai/o3-pro.md,math_500,97.3
models/openai/o3-pro.md,mmlu_pro,85.5
models/openai/o3-pro.md,swe_bench_verified,73.2
models/openai/o3.md,arena_elo_hard_prompts,1439.7
models/openai/o3.md,arena_elo_style_control,1431.2
models/openai/o3.md,arena_elo_vision,1217.6
models/openai/o3.md,medqa,96.1
models/openai/o3.md,multipl_e_csharp,87.8
models/openai/o3.md,multipl_e_julia,69.8
models/openai/o3.md,multipl_e_kotlin,82.1
models/openai/o3.md,multipl_e_lua,65.2
models/openai/o3.md,multipl_e_perl,62.1
models/openai/o3.md,multipl_e_php,85.1
models/openai/o3.md,multipl_e_r,67.5
models/openai/o3.md,multipl_e_ruby,77.5
models/openai/o3.md,multipl_e_scala,71.8
models/openai/o3.md,multipl_e_swift,75.8
models/openai/o4-mini.md,aider_polyglot,72.0
models/openai/o4-mini.md,arena_elo_hard_prompts,1405.2
models/openai/o4-mini.md,arena_elo_style_control,1389.7
models/openai/o4-mini.md,arena_elo_vision,1201.8
models/openai/o4-mini.md,medqa,95.2
models/openai/text-embedding-3-large.md,beir,55.1
models/openai/text-embedding-3-large.md,mteb_classification,70.5
models/openai/text-embedding-3-large.md,mteb_clustering,49.2
models/openai/text-embedding-3-large.md,mteb_overall,64.8
models/openai/text-embedding-3-large.md,mteb_retrieval,62.1
models/openai/text-embedding-3-large.md,mteb_reranking,59.2
models/openai/text-embedding-3-large.md,mteb_sts,81.5
models/openai/text-embedding-3-large.md,mteb_pair_classification,85.5
models/openai/text-embedding-3-large.md,mteb_summarization,30.1
models/openai/text-embedding-3-large.md,miracl,54.9
models/openai/text-embedding-3-small.md,beir,46.8
models/openai/text-embedding-3-small.md,mteb_classification,64.8
models/openai/text-embedding-3-small.md,mteb_clustering,42.5
models/openai/text-embedding-3-small.md,mteb_overall,58.5
models/openai/text-embedding-3-small.md,mteb_retrieval,53.2
models/openai/text-embedding-3-small.md,mteb_reranking,55.0
models/openai/text-embedding-3-small.md,mteb_sts,77.2
models/openai/text-embedding-3-small.md,mteb_pair_classification,82.0
models/openai/text-embedding-3-small.md,mteb_summarization,28.5
models/openai/text-embedding-3-small.md,miracl,42.0
models/openai/text-embedding-ada-002.md,beir,43.5
models/openai/text-embedding-ada-002.md,mteb_classification,62.1
models/openai/text-embedding-ada-002.md,mteb_clustering,39.8
models/openai/text-embedding-ada-002.md,mteb_overall,55.8
models/openai/text-embedding-ada-002.md,mteb_retrieval,49.8
models/openai/text-embedding-ada-002.md,mteb_reranking,52.8
models/openai/text-embedding-ada-002.md,mteb_sts,74.5
models/openai/text-embedding-ada-002.md,mteb_pair_classification,80.2
models/openai/text-embedding-ada-002.md,mteb_summarization,27.0
models/openai/text-embedding-ada-002.md,miracl,35.5
models/openbmb/minicpm-v-4.md,mmmu,51.2
models/openbmb/minicpm-v-4.md,mathvista,66.9
models/openbmb/minicpm-v-4.md,docvqa,92.9
models/openbmb/minicpm-v-4.md,chartqa,84.4
models/openbmb/minicpm-v-4.md,ai2d,82.9
models/openbmb/minicpm-v-4.md,ocrbench,89.4
models/openbmb/minicpm-v-4.md,realworldqa,68.5
models/qwen/qwen2-0-5b-instruct.md,arc_challenge,31.9
models/qwen/qwen2-0-5b-instruct.md,gsm8k,35.7
models/qwen/qwen2-0-5b-instruct.md,hellaswag,48.7
models/qwen/qwen2-0-5b-instruct.md,truthfulqa,39.8
models/qwen/qwen2-0-5b-instruct.md,winogrande,55.8
models/qwen/qwen2-0-5b-instruct.md,mmlu_abstract_algebra,34.0
models/qwen/qwen2-0-5b-instruct.md,mmlu_anatomy,43.0
models/qwen/qwen2-0-5b-instruct.md,mmlu_astronomy,41.4
models/qwen/qwen2-0-5b-instruct.md,mmlu_business_ethics,43.0
models/qwen/qwen2-0-5b-instruct.md,mmlu_clinical_knowledge,50.2
models/qwen/qwen2-0-5b-instruct.md,mmlu_college_biology,39.6
models/qwen/qwen2-0-5b-instruct.md,mmlu_college_chemistry,28.0
models/qwen/qwen2-0-5b-instruct.md,mmlu_college_computer_science,37.0
models/qwen/qwen2-0-5b-instruct.md,mmlu_college_mathematics,31.0
models/qwen/qwen2-0-5b-instruct.md,mmlu_college_medicine,48.0
models/qwen/qwen2-0-5b-instruct.md,mmlu_college_physics,24.5
models/qwen/qwen2-0-5b-instruct.md,mmlu_computer_security,50.0
models/qwen/qwen2-0-5b-instruct.md,mmlu_conceptual_physics,37.0
models/qwen/qwen2-0-5b-instruct.md,mmlu_econometrics,32.5
models/qwen/qwen2-0-5b-instruct.md,mmlu_electrical_engineering,47.6
models/qwen/qwen2-0-5b-instruct.md,mmlu_elementary_mathematics,35.2
models/qwen/qwen2-0-5b-instruct.md,mmlu_formal_logic,33.3
models/qwen/qwen2-0-5b-instruct.md,mmlu_global_facts,36.0
models/qwen/qwen2-0-5b-instruct.md,mmlu_high_school_biology,48.7
models/qwen/qwen2-0-5b-instruct.md,mmlu_high_school_chemistry,42.4
models/qwen/qwen2-0-5b-instruct.md,mmlu_high_school_computer_science,47.0
models/qwen/qwen2-0-5b-instruct.md,mmlu_high_school_european_history,57.6
models/qwen/qwen2-0-5b-instruct.md,mmlu_high_school_geography,50.5
models/qwen/qwen2-0-5b-instruct.md,mmlu_high_school_government_and_politics,56.0
models/qwen/qwen2-0-5b-instruct.md,mmlu_high_school_macroeconomics,45.9
models/qwen/qwen2-0-5b-instruct.md,mmlu_high_school_mathematics,33.7
models/qwen/qwen2-0-5b-instruct.md,mmlu_high_school_microeconomics,47.5
models/qwen/qwen2-0-5b-instruct.md,mmlu_high_school_physics,27.8
models/qwen/qwen2-0-5b-instruct.md,mmlu_high_school_psychology,56.5
models/qwen/qwen2-0-5b-instruct.md,mmlu_high_school_statistics,38.9
models/qwen/qwen2-0-5b-instruct.md,mmlu_high_school_us_history,53.9
models/qwen/qwen2-0-5b-instruct.md,mmlu_high_school_world_history,59.1
models/qwen/qwen2-0-5b-instruct.md,mmlu_human_aging,43.0
models/qwen/qwen2-0-5b-instruct.md,mmlu_human_sexuality,48.1
models/qwen/qwen2-0-5b-instruct.md,mmlu_international_law,68.6
models/qwen/qwen2-0-5b-instruct.md,mmlu_jurisprudence,59.3
models/qwen/qwen2-0-5b-instruct.md,mmlu_logical_fallacies,47.9
models/qwen/qwen2-0-5b-instruct.md,mmlu_machine_learning,25.9
models/qwen/qwen2-0-5b-instruct.md,mmlu_management,63.1
models/qwen/qwen2-0-5b-instruct.md,mmlu_marketing,68.4
models/qwen/qwen2-0-5b-instruct.md,mmlu_medical_genetics,43.0
models/qwen/qwen2-0-5b-instruct.md,mmlu_miscellaneous,52.1
models/qwen/qwen2-0-5b-instruct.md,mmlu_moral_disputes,51.2
models/qwen/qwen2-0-5b-instruct.md,mmlu_moral_scenarios,25.6
models/qwen/qwen2-0-5b-instruct.md,mmlu_nutrition,51.6
models/qwen/qwen2-0-5b-instruct.md,mmlu_philosophy,50.5
models/qwen/qwen2-0-5b-instruct.md,mmlu_prehistory,43.8
models/qwen/qwen2-0-5b-instruct.md,mmlu_professional_accounting,37.2
models/qwen/qwen2-0-5b-instruct.md,mmlu_professional_law,36.2
models/qwen/qwen2-0-5b-instruct.md,mmlu_professional_medicine,44.9
models/qwen/qwen2-0-5b-instruct.md,mmlu_professional_psychology,41.3
models/qwen/qwen2-0-5b-instruct.md,mmlu_public_relations,50.0
models/qwen/qwen2-0-5b-instruct.md,mmlu_security_studies,54.3
models/qwen/qwen2-0-5b-instruct.md,mmlu_sociology,61.2
models/qwen/qwen2-0-5b-instruct.md,mmlu_us_foreign_policy,65.0
models/qwen/qwen2-0-5b-instruct.md,mmlu_virology,37.3
models/qwen/qwen2-0-5b-instruct.md,mmlu_world_religions,48.5
models/qwen/qwen2-0-5b-instruct.md,ifeval,22.5
models/qwen/qwen2-0-5b-instruct.md,bbh,31.7
models/qwen/qwen2-0-5b-instruct.md,math_lvl5,2.9
models/qwen/qwen2-0-5b-instruct.md,gpqa_pooled,24.7
models/qwen/qwen2-0-5b-instruct.md,musr,33.5
models/qwen/qwen2-0-5b-instruct.md,mmlu_pro,15.3
models/qwen/qwen2-1-5b-instruct.md,arc_challenge,44.3
models/qwen/qwen2-1-5b-instruct.md,gsm8k,55.8
models/qwen/qwen2-1-5b-instruct.md,hellaswag,66.7
models/qwen/qwen2-1-5b-instruct.md,truthfulqa,45.9
models/qwen/qwen2-1-5b-instruct.md,winogrande,64.9
models/qwen/qwen2-1-5b-instruct.md,mmlu_abstract_algebra,34.0
models/qwen/qwen2-1-5b-instruct.md,mmlu_anatomy,48.9
models/qwen/qwen2-1-5b-instruct.md,mmlu_astronomy,55.3
models/qwen/qwen2-1-5b-instruct.md,mmlu_business_ethics,67.0
models/qwen/qwen2-1-5b-instruct.md,mmlu_clinical_knowledge,60.0
models/qwen/qwen2-1-5b-instruct.md,mmlu_college_biology,56.2
models/qwen/qwen2-1-5b-instruct.md,mmlu_college_chemistry,38.0
models/qwen/qwen2-1-5b-instruct.md,mmlu_college_computer_science,51.0
models/qwen/qwen2-1-5b-instruct.md,mmlu_college_mathematics,32.0
models/qwen/qwen2-1-5b-instruct.md,mmlu_college_medicine,49.1
models/qwen/qwen2-1-5b-instruct.md,mmlu_college_physics,40.2
models/qwen/qwen2-1-5b-instruct.md,mmlu_computer_security,66.0
models/qwen/qwen2-1-5b-instruct.md,mmlu_conceptual_physics,50.2
models/qwen/qwen2-1-5b-instruct.md,mmlu_econometrics,38.6
models/qwen/qwen2-1-5b-instruct.md,mmlu_electrical_engineering,57.9
models/qwen/qwen2-1-5b-instruct.md,mmlu_elementary_mathematics,42.3
models/qwen/qwen2-1-5b-instruct.md,mmlu_formal_logic,38.9
models/qwen/qwen2-1-5b-instruct.md,mmlu_global_facts,36.0
models/qwen/qwen2-1-5b-instruct.md,mmlu_high_school_biology,64.2
models/qwen/qwen2-1-5b-instruct.md,mmlu_high_school_chemistry,49.3
models/qwen/qwen2-1-5b-instruct.md,mmlu_high_school_computer_science,56.0
models/qwen/qwen2-1-5b-instruct.md,mmlu_high_school_european_history,70.9
models/qwen/qwen2-1-5b-instruct.md,mmlu_high_school_geography,73.7
models/qwen/qwen2-1-5b-instruct.md,mmlu_high_school_government_and_politics,78.8
models/qwen/qwen2-1-5b-instruct.md,mmlu_high_school_macroeconomics,58.5
models/qwen/qwen2-1-5b-instruct.md,mmlu_high_school_mathematics,35.9
models/qwen/qwen2-1-5b-instruct.md,mmlu_high_school_microeconomics,62.2
models/qwen/qwen2-1-5b-instruct.md,mmlu_high_school_physics,35.8
models/qwen/qwen2-1-5b-instruct.md,mmlu_high_school_psychology,75.2
models/qwen/qwen2-1-5b-instruct.md,mmlu_high_school_statistics,44.4
models/qwen/qwen2-1-5b-instruct.md,mmlu_high_school_us_history,64.7
models/qwen/qwen2-1-5b-instruct.md,mmlu_high_school_world_history,70.5
models/qwen/qwen2-1-5b-instruct.md,mmlu_human_aging,61.9
models/qwen/qwen2-1-5b-instruct.md,mmlu_human_sexuality,67.2
models/qwen/qwen2-1-5b-instruct.md,mmlu_international_law,74.4
models/qwen/qwen2-1-5b-instruct.md,mmlu_jurisprudence,69.4
models/qwen/qwen2-1-5b-instruct.md,mmlu_logical_fallacies,68.7
models/qwen/qwen2-1-5b-instruct.md,mmlu_machine_learning,42.0
models/qwen/qwen2-1-5b-instruct.md,mmlu_management,83.5
models/qwen/qwen2-1-5b-instruct.md,mmlu_marketing,80.3
models/qwen/qwen2-1-5b-instruct.md,mmlu_medical_genetics,62.0
models/qwen/qwen2-1-5b-instruct.md,mmlu_miscellaneous,72.0
models/qwen/qwen2-1-5b-instruct.md,mmlu_moral_disputes,62.7
models/qwen/qwen2-1-5b-instruct.md,mmlu_moral_scenarios,29.7
models/qwen/qwen2-1-5b-instruct.md,mmlu_nutrition,69.3
models/qwen/qwen2-1-5b-instruct.md,mmlu_philosophy,64.3
models/qwen/qwen2-1-5b-instruct.md,mmlu_prehistory,59.0
models/qwen/qwen2-1-5b-instruct.md,mmlu_professional_accounting,43.6
models/qwen/qwen2-1-5b-instruct.md,mmlu_professional_law,42.8
models/qwen/qwen2-1-5b-instruct.md,mmlu_professional_medicine,50.4
models/qwen/qwen2-1-5b-instruct.md,mmlu_professional_psychology,55.4
models/qwen/qwen2-1-5b-instruct.md,mmlu_public_relations,60.0
models/qwen/qwen2-1-5b-instruct.md,mmlu_security_studies,68.2
models/qwen/qwen2-1-5b-instruct.md,mmlu_sociology,75.6
models/qwen/qwen2-1-5b-instruct.md,mmlu_us_foreign_policy,79.0
models/qwen/qwen2-1-5b-instruct.md,mmlu_virology,46.4
models/qwen/qwen2-1-5b-instruct.md,mmlu_world_religions,74.3
models/qwen/qwen2-1-5b-instruct.md,ifeval,33.7
models/qwen/qwen2-1-5b-instruct.md,bbh,38.5
models/qwen/qwen2-1-5b-instruct.md,math_lvl5,7.2
models/qwen/qwen2-1-5b-instruct.md,gpqa_pooled,26.2
models/qwen/qwen2-1-5b-instruct.md,musr,42.9
models/qwen/qwen2-1-5b-instruct.md,mmlu_pro,25.0
models/qwen/qwen2-5-0-5b-instruct.md,ifeval,31.5
models/qwen/qwen2-5-0-5b-instruct.md,bbh,33.2
models/qwen/qwen2-5-0-5b-instruct.md,math_lvl5,10.3
models/qwen/qwen2-5-0-5b-instruct.md,gpqa_pooled,25.9
models/qwen/qwen2-5-0-5b-instruct.md,musr,33.4
models/qwen/qwen2-5-0-5b-instruct.md,mmlu_pro,17.2
models/qwen/qwen2-5-0-5b.md,ifeval,16.3
models/qwen/qwen2-5-0-5b.md,bbh,32.7
models/qwen/qwen2-5-0-5b.md,math_lvl5,3.9
models/qwen/qwen2-5-0-5b.md,gpqa_pooled,24.7
models/qwen/qwen2-5-0-5b.md,musr,34.3
models/qwen/qwen2-5-0-5b.md,mmlu_pro,19.1
models/qwen/qwen2-5-1-5b-instruct.md,ifeval,44.8
models/qwen/qwen2-5-1-5b-instruct.md,bbh,42.9
models/qwen/qwen2-5-1-5b-instruct.md,math_lvl5,22.1
models/qwen/qwen2-5-1-5b-instruct.md,gpqa_pooled,25.6
models/qwen/qwen2-5-1-5b-instruct.md,musr,36.6
models/qwen/qwen2-5-1-5b-instruct.md,mmlu_pro,28.0
models/qwen/qwen2-5-1-5b.md,ifeval,26.7
models/qwen/qwen2-5-1-5b.md,bbh,40.8
models/qwen/qwen2-5-1-5b.md,math_lvl5,9.1
models/qwen/qwen2-5-1-5b.md,gpqa_pooled,28.5
models/qwen/qwen2-5-1-5b.md,musr,35.8
models/qwen/qwen2-5-1-5b.md,mmlu_pro,28.5
models/qwen/qwen2-5-3b-instruct.md,ifeval,64.7
models/qwen/qwen2-5-3b-instruct.md,bbh,46.9
models/qwen/qwen2-5-3b-instruct.md,math_lvl5,36.8
models/qwen/qwen2-5-3b-instruct.md,gpqa_pooled,27.3
models/qwen/qwen2-5-3b-instruct.md,musr,39.7
models/qwen/qwen2-5-3b-instruct.md,mmlu_pro,32.5
models/qwen/qwen2-5-72b-instruct.md,alpaca_eval,38.1
models/qwen/qwen2-5-72b-instruct.md,arena_elo_coding,1290.0
models/qwen/qwen2-5-72b-instruct.md,arena_elo_hard_prompts,1317.3
models/qwen/qwen2-5-72b-instruct.md,arena_elo_math,1270.0
models/qwen/qwen2-5-72b-instruct.md,arena_elo_overall,1280.0
models/qwen/qwen2-5-72b-instruct.md,arena_elo_style_control,1302.3
models/qwen/qwen2-5-72b-instruct.md,arena_elo_vision,1122.0
models/qwen/qwen2-5-72b-instruct.md,bbh,66.3
models/qwen/qwen2-5-72b-instruct.md,bbq,75.2
models/qwen/qwen2-5-72b-instruct.md,gpqa_diamond,54.8
models/qwen/qwen2-5-72b-instruct.md,helm_safety,80.5
models/qwen/qwen2-5-72b-instruct.md,humaneval,84.5
models/qwen/qwen2-5-72b-instruct.md,ifeval,82.0
models/qwen/qwen2-5-72b-instruct.md,live_code_bench,55.5
models/qwen/qwen2-5-72b-instruct.md,math_500,83.2
models/qwen/qwen2-5-72b-instruct.md,mmlu_pro,71.5
models/qwen/qwen2-5-72b-instruct.md,multipl_e_csharp,74.5
models/qwen/qwen2-5-72b-instruct.md,multipl_e_julia,54.8
models/qwen/qwen2-5-72b-instruct.md,multipl_e_kotlin,65.5
models/qwen/qwen2-5-72b-instruct.md,multipl_e_lua,49.5
models/qwen/qwen2-5-72b-instruct.md,multipl_e_perl,44.2
models/qwen/qwen2-5-72b-instruct.md,multipl_e_php,72.2
models/qwen/qwen2-5-72b-instruct.md,multipl_e_r,50.5
models/qwen/qwen2-5-72b-instruct.md,multipl_e_ruby,58.5
models/qwen/qwen2-5-72b-instruct.md,multipl_e_scala,53.2
models/qwen/qwen2-5-72b-instruct.md,multipl_e_swift,58.8
models/qwen/qwen2-5-72b-instruct.md,musr,28.3
models/qwen/qwen2-5-72b-instruct.md,toxigen,84.8
models/qwen/qwen2-5-7b.md,gsm8k,91.6
models/qwen/qwen2-5-coder-14b-instruct.md,multipl_e,74.1
models/qwen/qwen2-5-coder-14b-instruct.md,multipl_e_cpp,73.2
models/qwen/qwen2-5-coder-14b-instruct.md,multipl_e_go,70.1
models/qwen/qwen2-5-coder-14b-instruct.md,multipl_e_java,78.5
models/qwen/qwen2-5-coder-14b-instruct.md,multipl_e_javascript,76.5
models/qwen/qwen2-5-coder-14b-instruct.md,multipl_e_python,82.1
models/qwen/qwen2-5-coder-14b-instruct.md,multipl_e_rust,62.5
models/qwen/qwen2-5-coder-14b-instruct.md,multipl_e_typescript,75.8
models/qwen/qwen2-5-coder-14b-instruct.md,multipl_e_csharp,68.2
models/qwen/qwen2-5-coder-14b-instruct.md,multipl_e_php,66.5
models/qwen/qwen2-5-coder-14b-instruct.md,multipl_e_ruby,50.2
models/qwen/qwen2-5-coder-14b-instruct.md,multipl_e_swift,52.1
models/qwen/qwen2-5-coder-14b-instruct.md,multipl_e_lua,45.5
models/qwen/qwen2-5-coder-14b-instruct.md,multipl_e_scala,47.5
models/qwen/qwen2-5-coder-14b-instruct.md,multipl_e_kotlin,56.8
models/qwen/qwen2-5-coder-14b-instruct.md,ifeval,69.1
models/qwen/qwen2-5-coder-14b-instruct.md,bbh,61.4
models/qwen/qwen2-5-coder-14b-instruct.md,math_lvl5,32.5
models/qwen/qwen2-5-coder-14b-instruct.md,gpqa_pooled,30.5
models/qwen/qwen2-5-coder-14b-instruct.md,musr,39.1
models/qwen/qwen2-5-coder-14b-instruct.md,mmlu_pro,39.4
models/qwen/qwen2-5-coder-32b-instruct-awq.md,gpqa_diamond,42.5
models/qwen/qwen2-5-coder-32b-instruct-awq.md,humaneval,87.2
models/qwen/qwen2-5-coder-32b-instruct-awq.md,ifeval,76.0
models/qwen/qwen2-5-coder-32b-instruct-awq.md,math_500,70.5
models/qwen/qwen2-5-coder-32b-instruct-awq.md,mmlu_pro,60.2
models/qwen/qwen2-5-coder-32b-instruct-awq.md,multipl_e,80.3
models/qwen/qwen2-5-coder-32b-instruct-awq.md,multipl_e_cpp,79.8
models/qwen/qwen2-5-coder-32b-instruct-awq.md,multipl_e_go,76.5
models/qwen/qwen2-5-coder-32b-instruct-awq.md,multipl_e_java,83.5
models/qwen/qwen2-5-coder-32b-instruct-awq.md,multipl_e_javascript,82.1
models/qwen/qwen2-5-coder-32b-instruct-awq.md,multipl_e_python,88.5
models/qwen/qwen2-5-coder-32b-instruct-awq.md,multipl_e_rust,70.2
models/qwen/qwen2-5-coder-32b-instruct-awq.md,multipl_e_typescript,81.2
models/qwen/qwen2-5-coder-32b-instruct-awq.md,multipl_e_csharp,76.5
models/qwen/qwen2-5-coder-32b-instruct-awq.md,multipl_e_php,74.2
models/qwen/qwen2-5-coder-32b-instruct-awq.md,multipl_e_ruby,58.5
models/qwen/qwen2-5-coder-32b-instruct-awq.md,multipl_e_swift,60.5
models/qwen/qwen2-5-coder-32b-instruct-awq.md,multipl_e_lua,52.8
models/qwen/qwen2-5-coder-32b-instruct-awq.md,multipl_e_scala,55.2
models/qwen/qwen2-5-coder-32b-instruct-awq.md,multipl_e_kotlin,64.8
models/qwen/qwen2-5-coder-32b-instruct-awq.md,live_code_bench,29.5
models/qwen/qwen2-5-coder-32b-instruct-awq.md,aider_polyglot,16.4
models/qwen/qwen2-5-coder-32b-instruct-awq.md,bbh,64.0
models/qwen/qwen2-5-coder-32b-instruct-awq.md,musr,45.3
models/qwen/qwen2-5-coder-32b-instruct.md,gpqa_diamond,42.5
models/qwen/qwen2-5-coder-32b-instruct.md,humaneval,87.2
models/qwen/qwen2-5-coder-32b-instruct.md,ifeval,76.0
models/qwen/qwen2-5-coder-32b-instruct.md,math_500,70.5
models/qwen/qwen2-5-coder-32b-instruct.md,mmlu_pro,60.2
models/qwen/qwen2-5-coder-32b-instruct.md,multipl_e,80.3
models/qwen/qwen2-5-coder-32b-instruct.md,multipl_e_cpp,79.8
models/qwen/qwen2-5-coder-32b-instruct.md,multipl_e_go,76.5
models/qwen/qwen2-5-coder-32b-instruct.md,multipl_e_java,83.5
models/qwen/qwen2-5-coder-32b-instruct.md,multipl_e_javascript,82.1
models/qwen/qwen2-5-coder-32b-instruct.md,multipl_e_python,88.5
models/qwen/qwen2-5-coder-32b-instruct.md,multipl_e_rust,70.2
models/qwen/qwen2-5-coder-32b-instruct.md,multipl_e_typescript,81.2
models/qwen/qwen2-5-coder-32b-instruct.md,multipl_e_csharp,76.5
models/qwen/qwen2-5-coder-32b-instruct.md,multipl_e_php,74.2
models/qwen/qwen2-5-coder-32b-instruct.md,multipl_e_ruby,58.5
models/qwen/qwen2-5-coder-32b-instruct.md,multipl_e_swift,60.5
models/qwen/qwen2-5-coder-32b-instruct.md,multipl_e_lua,52.8
models/qwen/qwen2-5-coder-32b-instruct.md,multipl_e_scala,55.2
models/qwen/qwen2-5-coder-32b-instruct.md,multipl_e_kotlin,64.8
models/qwen/qwen2-5-coder-32b-instruct.md,live_code_bench,29.5
models/qwen/qwen2-5-coder-32b-instruct.md,aider_polyglot,16.4
models/qwen/qwen2-5-coder-32b-instruct.md,bbh,66.3
models/qwen/qwen2-5-coder-32b-instruct.md,musr,43.9
models/qwen/qwen2-5-coder-7b-instruct-gptq-int4.md,multipl_e,67.6
models/qwen/qwen2-5-coder-7b-instruct-gptq-int4.md,multipl_e_cpp,66.5
models/qwen/qwen2-5-coder-7b-instruct-gptq-int4.md,multipl_e_go,63.8
models/qwen/qwen2-5-coder-7b-instruct-gptq-int4.md,multipl_e_java,72.1
models/qwen/qwen2-5-coder-7b-instruct-gptq-int4.md,multipl_e_javascript,70.2
models/qwen/qwen2-5-coder-7b-instruct-gptq-int4.md,multipl_e_python,75.8
models/qwen/qwen2-5-coder-7b-instruct-gptq-int4.md,multipl_e_rust,55.2
models/qwen/qwen2-5-coder-7b-instruct-gptq-int4.md,multipl_e_typescript,69.5
models/qwen/qwen2-5-coder-7b-instruct-gptq-int4.md,multipl_e_csharp,60.8
models/qwen/qwen2-5-coder-7b-instruct-gptq-int4.md,multipl_e_php,59.0
models/qwen/qwen2-5-coder-7b-instruct-gptq-int4.md,multipl_e_ruby,42.5
models/qwen/qwen2-5-coder-7b-instruct-gptq-int4.md,multipl_e_swift,44.2
models/qwen/qwen2-5-coder-7b-instruct-gptq-int4.md,multipl_e_lua,38.5
models/qwen/qwen2-5-coder-7b-instruct-gptq-int4.md,multipl_e_scala,40.2
models/qwen/qwen2-5-coder-7b-instruct-gptq-int4.md,multipl_e_kotlin,48.5
models/qwen/qwen2-5-coder-7b-instruct.md,multipl_e,67.6
models/qwen/qwen2-5-coder-7b-instruct.md,multipl_e_cpp,66.5
models/qwen/qwen2-5-coder-7b-instruct.md,multipl_e_go,63.8
models/qwen/qwen2-5-coder-7b-instruct.md,multipl_e_java,72.1
models/qwen/qwen2-5-coder-7b-instruct.md,multipl_e_javascript,70.2
models/qwen/qwen2-5-coder-7b-instruct.md,multipl_e_python,75.8
models/qwen/qwen2-5-coder-7b-instruct.md,multipl_e_rust,55.2
models/qwen/qwen2-5-coder-7b-instruct.md,multipl_e_typescript,69.5
models/qwen/qwen2-5-coder-7b-instruct.md,multipl_e_csharp,60.8
models/qwen/qwen2-5-coder-7b-instruct.md,multipl_e_php,59.0
models/qwen/qwen2-5-coder-7b-instruct.md,multipl_e_ruby,42.5
models/qwen/qwen2-5-coder-7b-instruct.md,multipl_e_swift,44.2
models/qwen/qwen2-5-coder-7b-instruct.md,multipl_e_lua,38.5
models/qwen/qwen2-5-coder-7b-instruct.md,multipl_e_scala,40.2
models/qwen/qwen2-5-coder-7b-instruct.md,multipl_e_kotlin,48.5
models/qwen/qwen2-5-coder-7b-instruct.md,ifeval,61.5
models/qwen/qwen2-5-coder-7b-instruct.md,bbh,50.0
models/qwen/qwen2-5-coder-7b-instruct.md,math_lvl5,3.1
models/qwen/qwen2-5-coder-7b-instruct.md,gpqa_pooled,29.4
models/qwen/qwen2-5-coder-7b-instruct.md,musr,41.0
models/qwen/qwen2-5-coder-7b-instruct.md,mmlu_pro,33.5
models/qwen/qwen2-5-vl-3b-instruct.md,mmmu,42.5
models/qwen/qwen2-5-vl-3b-instruct.md,mathvista,45.8
models/qwen/qwen2-5-vl-3b-instruct.md,docvqa,85.2
models/qwen/qwen2-5-vl-3b-instruct.md,chartqa,72.5
models/qwen/qwen2-5-vl-72b-instruct.md,chartqa,82.5
models/qwen/qwen2-5-vl-72b-instruct.md,docvqa,90.1
models/qwen/qwen2-5-vl-72b-instruct.md,mathvista,58.2
models/qwen/qwen2-5-vl-72b-instruct.md,mmmu,64.5
models/qwen/qwen2-5-vl-72b-instruct.md,ai2d,88.7
models/qwen/qwen2-5-vl-72b-instruct.md,ocrbench,88.5
models/qwen/qwen2-5-vl-72b-instruct.md,helm_safety,84.2
models/qwen/qwen2-5-vl-72b-instruct.md,bbq,79.5
models/qwen/qwen2-5-vl-72b-instruct.md,toxigen,87.8
models/qwen/qwen2-5-vl-7b-instruct.md,chartqa,65.8
models/qwen/qwen2-5-vl-7b-instruct.md,docvqa,78.5
models/qwen/qwen2-5-vl-7b-instruct.md,mathvista,42.5
models/qwen/qwen2-5-vl-7b-instruct.md,mmmu,48.2
models/qwen/qwen2-5-vl-7b-instruct.md,ai2d,79.5
models/qwen/qwen2-5-vl-7b-instruct.md,ocrbench,86.4
models/qwen/qwen2-vl-7b-instruct.md,ifeval,46.0
models/qwen/qwen2-vl-7b-instruct.md,bbh,54.6
models/qwen/qwen2-vl-7b-instruct.md,math_lvl5,19.9
models/qwen/qwen2-vl-7b-instruct.md,gpqa_pooled,32.0
models/qwen/qwen2-vl-7b-instruct.md,musr,43.8
models/qwen/qwen2-vl-7b-instruct.md,mmlu_pro,40.9
models/qwen/qwen2-vl-7b-instruct.md,mmmu,54.1
models/qwen/qwen2-vl-7b-instruct.md,mathvista,58.2
models/qwen/qwen2-vl-7b-instruct.md,docvqa,94.5
models/qwen/qwen2-vl-7b-instruct.md,chartqa,83.0
models/qwen/qwen3-235b-a22b.md,aider_polyglot,68.2
models/qwen/qwen3-235b-a22b.md,alpaca_eval,44.5
models/qwen/qwen3-235b-a22b.md,arena_elo_coding,1350.0
models/qwen/qwen3-235b-a22b.md,arena_elo_hard_prompts,1440.4
models/qwen/qwen3-235b-a22b.md,arena_elo_math,1360.0
models/qwen/qwen3-235b-a22b.md,arena_elo_overall,1340.0
models/qwen/qwen3-235b-a22b.md,arena_elo_style_control,1415.8
models/qwen/qwen3-235b-a22b.md,arena_elo_vision,1214.6
models/qwen/qwen3-235b-a22b.md,gpqa_diamond,71.1
models/qwen/qwen3-235b-a22b.md,gsm8k,94.4
models/qwen/qwen3-235b-a22b.md,humaneval,89.5
models/qwen/qwen3-235b-a22b.md,ifeval,88.5
models/qwen/qwen3-235b-a22b.md,live_code_bench,62.2
models/qwen/qwen3-235b-a22b.md,math_500,93.5
models/qwen/qwen3-235b-a22b.md,mgsm,83.5
models/qwen/qwen3-235b-a22b.md,mmlu_astronomy,75.8
models/qwen/qwen3-235b-a22b.md,mmlu_biology,83.8
models/qwen/qwen3-235b-a22b.md,mmlu_business_ethics,76.5
models/qwen/qwen3-235b-a22b.md,mmlu_chemistry,77.2
models/qwen/qwen3-235b-a22b.md,mmlu_clinical_knowledge,82.2
models/qwen/qwen3-235b-a22b.md,mmlu_computer_science,84.5
models/qwen/qwen3-235b-a22b.md,mmlu_jurisprudence,73.8
models/qwen/qwen3-235b-a22b.md,mmlu_physics,81.5
models/qwen/qwen3-235b-a22b.md,mmlu_pro,80.2
models/qwen/qwen3-235b-a22b.md,mmlu_professional_accounting,67.5
models/qwen/qwen3-235b-a22b.md,mmlu_professional_law,71.8
models/qwen/qwen3-235b-a22b.md,mt_bench,8.9
models/qwen/qwen3-235b-a22b.md,multipl_e_csharp,83.5
models/qwen/qwen3-235b-a22b.md,multipl_e_julia,65.8
models/qwen/qwen3-235b-a22b.md,multipl_e_kotlin,76.8
models/qwen/qwen3-235b-a22b.md,multipl_e_lua,58.8
models/qwen/qwen3-235b-a22b.md,multipl_e_perl,55.2
models/qwen/qwen3-235b-a22b.md,multipl_e_php,81.2
models/qwen/qwen3-235b-a22b.md,multipl_e_r,62.5
models/qwen/qwen3-235b-a22b.md,multipl_e_ruby,70.5
models/qwen/qwen3-235b-a22b.md,multipl_e_scala,65.2
models/qwen/qwen3-235b-a22b.md,multipl_e_swift,70.2
models/qwen/qwen3-235b-a22b.md,swe_bench_agent,45.5
models/qwen/qwen3-235b-a22b.md,swe_bench_verified,55.8
models/qwen/qwen3-235b-a22b.md,tau_bench,50.2
models/qwen/qwen3-235b-a22b.md,wildbench,73.8
models/qwen/qwen3-235b-a22b.md,medqa,84.8
models/qwen/qwen3-30b-a3b.md,arena_elo_hard_prompts,1345.6
models/qwen/qwen3-30b-a3b.md,arena_elo_style_control,1327.3
models/qwen/qwen3-30b-a3b.md,medqa,85.3
models/qwen/qwen3-32b.md,aider_polyglot,40.0
models/qwen/qwen3-32b.md,arena_elo_hard_prompts,1367.6
models/qwen/qwen3-32b.md,arena_elo_style_control,1347.0
models/qwen/qwen3-coder-480b-a35b-instruct.md,aider_polyglot,72.5
models/qwen/qwen3-coder-480b-a35b-instruct.md,arena_elo_coding,1380.0
models/qwen/qwen3-coder-480b-a35b-instruct.md,arena_elo_hard_prompts,1413.6
models/qwen/qwen3-coder-480b-a35b-instruct.md,arena_elo_math,1340.0
models/qwen/qwen3-coder-480b-a35b-instruct.md,arena_elo_overall,1350.0
models/qwen/qwen3-coder-480b-a35b-instruct.md,arena_elo_style_control,1387.4
models/qwen/qwen3-coder-480b-a35b-instruct.md,gpqa_diamond,70.5
models/qwen/qwen3-coder-480b-a35b-instruct.md,humaneval,92.5
models/qwen/qwen3-coder-480b-a35b-instruct.md,ifeval,88.0
models/qwen/qwen3-coder-480b-a35b-instruct.md,live_code_bench,58.5
models/qwen/qwen3-coder-480b-a35b-instruct.md,math_500,91.2
models/qwen/qwen3-coder-480b-a35b-instruct.md,mmlu_pro,78.5
models/qwen/qwen3-coder-480b-a35b-instruct.md,multipl_e_csharp,86.5
models/qwen/qwen3-coder-480b-a35b-instruct.md,multipl_e_julia,69.2
models/qwen/qwen3-coder-480b-a35b-instruct.md,multipl_e_kotlin,80.2
models/qwen/qwen3-coder-480b-a35b-instruct.md,multipl_e_lua,62.5
models/qwen/qwen3-coder-480b-a35b-instruct.md,multipl_e_perl,58.8
models/qwen/qwen3-coder-480b-a35b-instruct.md,multipl_e_php,84.2
models/qwen/qwen3-coder-480b-a35b-instruct.md,multipl_e_r,66.5
models/qwen/qwen3-coder-480b-a35b-instruct.md,multipl_e_ruby,74.8
models/qwen/qwen3-coder-480b-a35b-instruct.md,multipl_e_scala,69.5
models/qwen/qwen3-coder-480b-a35b-instruct.md,multipl_e_swift,74.2
models/qwen/qwen3-coder-480b-a35b-instruct.md,swe_bench_agent,52.1
models/qwen/qwen3-coder-480b-a35b-instruct.md,swe_bench_verified,68.2
models/qwen/qwen3-coder-480b-a35b-instruct.md,tau_bench,55.8
models/qwen/qwen3-coder-480b-a35b-instruct.md,terminal_bench_2,37.5
models/qwen/qwen3-embedding-4b.md,beir,55.0
models/qwen/qwen3-embedding-4b.md,miracl,57.0
models/qwen/qwen3-embedding-4b.md,mteb_classification,70.5
models/qwen/qwen3-embedding-4b.md,mteb_clustering,49.5
models/qwen/qwen3-embedding-4b.md,mteb_overall,65.5
models/qwen/qwen3-embedding-4b.md,mteb_retrieval,62.5
models/qwen/qwen3-embedding-4b.md,mteb_reranking,65.1
models/qwen/qwen3-embedding-4b.md,mteb_sts,80.9
models/qwen/qwen3-embedding-4b.md,mteb_pair_classification,85.0
models/qwen/qwen3-embedding-4b.md,mteb_summarization,30.0
models/qwen/qwen3-max.md,medqa,85.5
models/qwen/qwen3-vl-32b-instruct.md,mmmu,72.8
models/qwen/qwen3-vl-32b-instruct.md,docvqa,96.5
models/qwen/qwen3-vl-32b-instruct.md,ocrbench,87.5
models/qwen/qwen3-vl-8b-instruct.md,mmmu,62.5
models/qwen/qwen3-vl-8b-instruct.md,docvqa,96.1
models/qwen/qwen3-vl-8b-instruct.md,ai2d,85.7
models/qwen/qwen3-vl-8b-instruct.md,ocrbench,89.6
models/qwen/qwq-plus.md,gpqa_diamond,58.5
models/qwen/qwq-plus.md,humaneval,82.5
models/qwen/qwq-plus.md,ifeval,80
models/qwen/qwq-plus.md,math_500,90.2
models/qwen/qwq-plus.md,mmlu_pro,72.5
models/rwkv/rwkv-raven-14b.md,ifeval,7.7
models/rwkv/rwkv-raven-14b.md,bbh,33.1
models/rwkv/rwkv-raven-14b.md,math_lvl5,0.5
models/rwkv/rwkv-raven-14b.md,gpqa_pooled,22.9
models/rwkv/rwkv-raven-14b.md,musr,39.5
models/rwkv/rwkv-raven-14b.md,mmlu_pro,11.5
models/salesforce/sfr-embedding-2-r.md,beir,55.0
models/salesforce/sfr-embedding-2-r.md,mteb_classification,70.8
models/salesforce/sfr-embedding-2-r.md,mteb_clustering,49.0
models/salesforce/sfr-embedding-2-r.md,mteb_overall,65.2
models/salesforce/sfr-embedding-2-r.md,mteb_retrieval,62.5
models/salesforce/sfr-embedding-2-r.md,mteb_reranking,58.5
models/salesforce/sfr-embedding-2-r.md,mteb_sts,84.0
models/salesforce/sfr-embedding-2-r.md,mteb_pair_classification,86.0
models/salesforce/sfr-embedding-2-r.md,mteb_summarization,30.5
models/salesforce/sfr-embedding-2-r.md,miracl,50.0
models/salesforce/sfr-embedding-code-400m-r.md,mteb_classification,65.2
models/salesforce/sfr-embedding-code-400m-r.md,mteb_clustering,43.2
models/salesforce/sfr-embedding-code-400m-r.md,mteb_overall,59.5
models/salesforce/sfr-embedding-code-400m-r.md,mteb_retrieval,55.8
models/salesforce/sfr-embedding-code-400m-r.md,mteb_reranking,54.0
models/salesforce/sfr-embedding-code-400m-r.md,mteb_sts,79.5
models/salesforce/sfr-embedding-code-400m-r.md,mteb_pair_classification,82.5
models/salesforce/sfr-embedding-code-400m-r.md,mteb_summarization,28.0
models/salesforce/sfr-embedding-code-400m-r.md,miracl,35.0
models/sentence-transformers/all-distilroberta-v1.md,beir,41.5
models/sentence-transformers/all-distilroberta-v1.md,mteb_classification,62.0
models/sentence-transformers/all-distilroberta-v1.md,mteb_clustering,39.0
models/sentence-transformers/all-distilroberta-v1.md,mteb_overall,55.2
models/sentence-transformers/all-distilroberta-v1.md,mteb_retrieval,47.5
models/sentence-transformers/all-distilroberta-v1.md,mteb_reranking,48.5
models/sentence-transformers/all-distilroberta-v1.md,mteb_sts,76.5
models/sentence-transformers/all-distilroberta-v1.md,mteb_pair_classification,79.0
models/sentence-transformers/all-distilroberta-v1.md,mteb_summarization,25.8
models/sentence-transformers/all-distilroberta-v1.md,miracl,27.0
models/sentence-transformers/all-minilm-l12-v2.md,beir,43.2
models/sentence-transformers/all-minilm-l12-v2.md,mteb_classification,63.8
models/sentence-transformers/all-minilm-l12-v2.md,mteb_clustering,40.5
models/sentence-transformers/all-minilm-l12-v2.md,mteb_overall,56.8
models/sentence-transformers/all-minilm-l12-v2.md,mteb_retrieval,49.2
models/sentence-transformers/all-minilm-l12-v2.md,mteb_reranking,50.0
models/sentence-transformers/all-minilm-l12-v2.md,mteb_sts,78.8
models/sentence-transformers/all-minilm-l12-v2.md,mteb_pair_classification,81.0
models/sentence-transformers/all-minilm-l12-v2.md,mteb_summarization,26.8
models/sentence-transformers/all-minilm-l12-v2.md,miracl,29.0
models/sentence-transformers/all-minilm-l6-v2.md,beir,42.8
models/sentence-transformers/all-minilm-l6-v2.md,mteb_classification,63.2
models/sentence-transformers/all-minilm-l6-v2.md,mteb_clustering,40.1
models/sentence-transformers/all-minilm-l6-v2.md,mteb_overall,56.3
models/sentence-transformers/all-minilm-l6-v2.md,mteb_retrieval,48.5
models/sentence-transformers/all-minilm-l6-v2.md,mteb_reranking,49.5
models/sentence-transformers/all-minilm-l6-v2.md,mteb_sts,78.2
models/sentence-transformers/all-minilm-l6-v2.md,mteb_pair_classification,80.5
models/sentence-transformers/all-minilm-l6-v2.md,mteb_summarization,26.5
models/sentence-transformers/all-minilm-l6-v2.md,miracl,28.0
models/sentence-transformers/all-mpnet-base-v2.md,beir,44.2
models/sentence-transformers/all-mpnet-base-v2.md,mteb_classification,64.5
models/sentence-transformers/all-mpnet-base-v2.md,mteb_clustering,41.5
models/sentence-transformers/all-mpnet-base-v2.md,mteb_overall,57.8
models/sentence-transformers/all-mpnet-base-v2.md,mteb_retrieval,50.2
models/sentence-transformers/all-mpnet-base-v2.md,mteb_reranking,50.8
models/sentence-transformers/all-mpnet-base-v2.md,mteb_sts,79.5
models/sentence-transformers/all-mpnet-base-v2.md,mteb_pair_classification,81.5
models/sentence-transformers/all-mpnet-base-v2.md,mteb_summarization,27.0
models/sentence-transformers/all-mpnet-base-v2.md,miracl,30.0
models/sentence-transformers/all-roberta-large-v1.md,beir,42.0
models/sentence-transformers/all-roberta-large-v1.md,mteb_classification,62.8
models/sentence-transformers/all-roberta-large-v1.md,mteb_clustering,39.5
models/sentence-transformers/all-roberta-large-v1.md,mteb_overall,56.0
models/sentence-transformers/all-roberta-large-v1.md,mteb_retrieval,48.0
models/sentence-transformers/all-roberta-large-v1.md,mteb_reranking,49.0
models/sentence-transformers/all-roberta-large-v1.md,mteb_sts,77.2
models/sentence-transformers/all-roberta-large-v1.md,mteb_pair_classification,79.5
models/sentence-transformers/all-roberta-large-v1.md,mteb_summarization,26.0
models/sentence-transformers/all-roberta-large-v1.md,miracl,28.5
models/sentence-transformers/distiluse-base-multilingual-cased-v1.md,miracl,36.0
models/sentence-transformers/distiluse-base-multilingual-cased-v1.md,mteb_classification,55.5
models/sentence-transformers/distiluse-base-multilingual-cased-v1.md,mteb_clustering,32.5
models/sentence-transformers/distiluse-base-multilingual-cased-v1.md,mteb_overall,48.5
models/sentence-transformers/distiluse-base-multilingual-cased-v1.md,mteb_retrieval,38.8
models/sentence-transformers/distiluse-base-multilingual-cased-v1.md,mteb_reranking,43.0
models/sentence-transformers/distiluse-base-multilingual-cased-v1.md,mteb_sts,70.5
models/sentence-transformers/distiluse-base-multilingual-cased-v1.md,mteb_pair_classification,73.5
models/sentence-transformers/distiluse-base-multilingual-cased-v1.md,mteb_summarization,22.5
models/sentence-transformers/distiluse-base-multilingual-cased-v2.md,miracl,38.0
models/sentence-transformers/distiluse-base-multilingual-cased-v2.md,mteb_classification,57.0
models/sentence-transformers/distiluse-base-multilingual-cased-v2.md,mteb_clustering,34.0
models/sentence-transformers/distiluse-base-multilingual-cased-v2.md,mteb_overall,50.0
models/sentence-transformers/distiluse-base-multilingual-cased-v2.md,mteb_retrieval,40.5
models/sentence-transformers/distiluse-base-multilingual-cased-v2.md,mteb_reranking,44.0
models/sentence-transformers/distiluse-base-multilingual-cased-v2.md,mteb_sts,72.0
models/sentence-transformers/distiluse-base-multilingual-cased-v2.md,mteb_pair_classification,75.0
models/sentence-transformers/distiluse-base-multilingual-cased-v2.md,mteb_summarization,23.5
models/sentence-transformers/labse.md,miracl,45.0
models/sentence-transformers/labse.md,mteb_classification,59.2
models/sentence-transformers/labse.md,mteb_clustering,36.2
models/sentence-transformers/labse.md,mteb_overall,52.0
models/sentence-transformers/labse.md,mteb_retrieval,43.5
models/sentence-transformers/labse.md,mteb_reranking,45.0
models/sentence-transformers/labse.md,mteb_sts,73.0
models/sentence-transformers/labse.md,mteb_pair_classification,76.0
models/sentence-transformers/labse.md,mteb_summarization,24.0
models/sentence-transformers/msmarco-bert-base-dot-v5.md,beir,40.5
models/sentence-transformers/msmarco-bert-base-dot-v5.md,mteb_classification,59.5
models/sentence-transformers/msmarco-bert-base-dot-v5.md,mteb_clustering,36.5
models/sentence-transformers/msmarco-bert-base-dot-v5.md,mteb_overall,53.0
models/sentence-transformers/msmarco-bert-base-dot-v5.md,mteb_retrieval,46.5
models/sentence-transformers/msmarco-bert-base-dot-v5.md,mteb_reranking,47.5
models/sentence-transformers/msmarco-bert-base-dot-v5.md,mteb_sts,75.5
models/sentence-transformers/msmarco-bert-base-dot-v5.md,mteb_pair_classification,78.5
models/sentence-transformers/msmarco-bert-base-dot-v5.md,mteb_summarization,25.5
models/sentence-transformers/msmarco-bert-base-dot-v5.md,miracl,29.0
models/sentence-transformers/msmarco-minilm-l12-cos-v5.md,beir,40.0
models/sentence-transformers/msmarco-minilm-l12-cos-v5.md,mteb_classification,59.0
models/sentence-transformers/msmarco-minilm-l12-cos-v5.md,mteb_clustering,36.0
models/sentence-transformers/msmarco-minilm-l12-cos-v5.md,mteb_overall,52.5
models/sentence-transformers/msmarco-minilm-l12-cos-v5.md,mteb_retrieval,45.5
models/sentence-transformers/msmarco-minilm-l12-cos-v5.md,mteb_reranking,46.5
models/sentence-transformers/msmarco-minilm-l12-cos-v5.md,mteb_sts,74.5
models/sentence-transformers/msmarco-minilm-l12-cos-v5.md,mteb_pair_classification,77.5
models/sentence-transformers/msmarco-minilm-l12-cos-v5.md,mteb_summarization,25.0
models/sentence-transformers/msmarco-minilm-l12-cos-v5.md,miracl,28.0
models/sentence-transformers/msmarco-minilm-l6-v3.md,beir,39.0
models/sentence-transformers/msmarco-minilm-l6-v3.md,mteb_classification,58.0
models/sentence-transformers/msmarco-minilm-l6-v3.md,mteb_clustering,35.0
models/sentence-transformers/msmarco-minilm-l6-v3.md,mteb_overall,51.5
models/sentence-transformers/msmarco-minilm-l6-v3.md,mteb_retrieval,44.2
models/sentence-transformers/msmarco-minilm-l6-v3.md,mteb_reranking,46.0
models/sentence-transformers/msmarco-minilm-l6-v3.md,mteb_sts,74.0
models/sentence-transformers/msmarco-minilm-l6-v3.md,mteb_pair_classification,77.0
models/sentence-transformers/msmarco-minilm-l6-v3.md,mteb_summarization,24.5
models/sentence-transformers/msmarco-minilm-l6-v3.md,miracl,27.5
models/sentence-transformers/multi-qa-minilm-l6-cos-v1.md,beir,41.0
models/sentence-transformers/multi-qa-minilm-l6-cos-v1.md,mteb_classification,61.0
models/sentence-transformers/multi-qa-minilm-l6-cos-v1.md,mteb_clustering,38.0
models/sentence-transformers/multi-qa-minilm-l6-cos-v1.md,mteb_overall,54.2
models/sentence-transformers/multi-qa-minilm-l6-cos-v1.md,mteb_retrieval,46.8
models/sentence-transformers/multi-qa-minilm-l6-cos-v1.md,mteb_reranking,48.0
models/sentence-transformers/multi-qa-minilm-l6-cos-v1.md,mteb_sts,76.0
models/sentence-transformers/multi-qa-minilm-l6-cos-v1.md,mteb_pair_classification,78.5
models/sentence-transformers/multi-qa-minilm-l6-cos-v1.md,mteb_summarization,25.5
models/sentence-transformers/multi-qa-minilm-l6-cos-v1.md,miracl,30.0
models/sentence-transformers/multi-qa-mpnet-base-cos-v1.md,beir,42.8
models/sentence-transformers/multi-qa-mpnet-base-cos-v1.md,mteb_classification,62.2
models/sentence-transformers/multi-qa-mpnet-base-cos-v1.md,mteb_clustering,39.5
models/sentence-transformers/multi-qa-mpnet-base-cos-v1.md,mteb_overall,55.5
models/sentence-transformers/multi-qa-mpnet-base-cos-v1.md,mteb_retrieval,48.2
models/sentence-transformers/multi-qa-mpnet-base-cos-v1.md,mteb_reranking,49.2
models/sentence-transformers/multi-qa-mpnet-base-cos-v1.md,mteb_sts,77.2
models/sentence-transformers/multi-qa-mpnet-base-cos-v1.md,mteb_pair_classification,79.8
models/sentence-transformers/multi-qa-mpnet-base-cos-v1.md,mteb_summarization,26.2
models/sentence-transformers/multi-qa-mpnet-base-cos-v1.md,miracl,31.5
models/sentence-transformers/multi-qa-mpnet-base-dot-v1.md,beir,43.0
models/sentence-transformers/multi-qa-mpnet-base-dot-v1.md,mteb_classification,62.5
models/sentence-transformers/multi-qa-mpnet-base-dot-v1.md,mteb_clustering,39.8
models/sentence-transformers/multi-qa-mpnet-base-dot-v1.md,mteb_overall,55.8
models/sentence-transformers/multi-qa-mpnet-base-dot-v1.md,mteb_retrieval,48.5
models/sentence-transformers/multi-qa-mpnet-base-dot-v1.md,mteb_reranking,49.5
models/sentence-transformers/multi-qa-mpnet-base-dot-v1.md,mteb_sts,77.5
models/sentence-transformers/multi-qa-mpnet-base-dot-v1.md,mteb_pair_classification,80.0
models/sentence-transformers/multi-qa-mpnet-base-dot-v1.md,mteb_summarization,26.5
models/sentence-transformers/multi-qa-mpnet-base-dot-v1.md,miracl,32.0
models/sentence-transformers/paraphrase-minilm-l12-v2.md,mteb_classification,60.2
models/sentence-transformers/paraphrase-minilm-l12-v2.md,mteb_clustering,37.2
models/sentence-transformers/paraphrase-minilm-l12-v2.md,mteb_overall,53.2
models/sentence-transformers/paraphrase-minilm-l12-v2.md,mteb_retrieval,44.5
models/sentence-transformers/paraphrase-minilm-l12-v2.md,mteb_reranking,46.8
models/sentence-transformers/paraphrase-minilm-l12-v2.md,mteb_sts,75.2
models/sentence-transformers/paraphrase-minilm-l12-v2.md,mteb_pair_classification,78.0
models/sentence-transformers/paraphrase-minilm-l12-v2.md,mteb_summarization,25.0
models/sentence-transformers/paraphrase-minilm-l12-v2.md,miracl,27.0
models/sentence-transformers/paraphrase-minilm-l3-v2.md,mteb_classification,57.5
models/sentence-transformers/paraphrase-minilm-l3-v2.md,mteb_clustering,34.5
models/sentence-transformers/paraphrase-minilm-l3-v2.md,mteb_overall,50.5
models/sentence-transformers/paraphrase-minilm-l3-v2.md,mteb_retrieval,41.5
models/sentence-transformers/paraphrase-minilm-l3-v2.md,mteb_reranking,44.0
models/sentence-transformers/paraphrase-minilm-l3-v2.md,mteb_sts,72.0
models/sentence-transformers/paraphrase-minilm-l3-v2.md,mteb_pair_classification,75.5
models/sentence-transformers/paraphrase-minilm-l3-v2.md,mteb_summarization,23.0
models/sentence-transformers/paraphrase-minilm-l3-v2.md,miracl,24.0
models/sentence-transformers/paraphrase-minilm-l6-v2.md,mteb_classification,59.8
models/sentence-transformers/paraphrase-minilm-l6-v2.md,mteb_clustering,36.8
models/sentence-transformers/paraphrase-minilm-l6-v2.md,mteb_overall,52.8
models/sentence-transformers/paraphrase-minilm-l6-v2.md,mteb_retrieval,44.0
models/sentence-transformers/paraphrase-minilm-l6-v2.md,mteb_reranking,46.5
models/sentence-transformers/paraphrase-minilm-l6-v2.md,mteb_sts,74.5
models/sentence-transformers/paraphrase-minilm-l6-v2.md,mteb_pair_classification,77.5
models/sentence-transformers/paraphrase-minilm-l6-v2.md,mteb_summarization,24.5
models/sentence-transformers/paraphrase-minilm-l6-v2.md,miracl,26.5
models/sentence-transformers/paraphrase-mpnet-base-v2.md,mteb_classification,62.2
models/sentence-transformers/paraphrase-mpnet-base-v2.md,mteb_clustering,39.2
models/sentence-transformers/paraphrase-mpnet-base-v2.md,mteb_overall,55.5
models/sentence-transformers/paraphrase-mpnet-base-v2.md,mteb_retrieval,47.0
models/sentence-transformers/paraphrase-mpnet-base-v2.md,mteb_reranking,49.0
models/sentence-transformers/paraphrase-mpnet-base-v2.md,mteb_sts,77.8
models/sentence-transformers/paraphrase-mpnet-base-v2.md,mteb_pair_classification,80.0
models/sentence-transformers/paraphrase-mpnet-base-v2.md,mteb_summarization,26.2
models/sentence-transformers/paraphrase-mpnet-base-v2.md,miracl,30.5
models/sentence-transformers/paraphrase-multilingual-minilm-l12-v2.md,miracl,42.0
models/sentence-transformers/paraphrase-multilingual-minilm-l12-v2.md,mteb_classification,60.5
models/sentence-transformers/paraphrase-multilingual-minilm-l12-v2.md,mteb_clustering,37.5
models/sentence-transformers/paraphrase-multilingual-minilm-l12-v2.md,mteb_overall,53.5
models/sentence-transformers/paraphrase-multilingual-minilm-l12-v2.md,mteb_retrieval,44.8
models/sentence-transformers/paraphrase-multilingual-minilm-l12-v2.md,mteb_reranking,47.0
models/sentence-transformers/paraphrase-multilingual-minilm-l12-v2.md,mteb_sts,75.0
models/sentence-transformers/paraphrase-multilingual-minilm-l12-v2.md,mteb_pair_classification,78.0
models/sentence-transformers/paraphrase-multilingual-minilm-l12-v2.md,mteb_summarization,25.0
models/sentence-transformers/paraphrase-multilingual-mpnet-base-v2.md,miracl,43.5
models/sentence-transformers/paraphrase-multilingual-mpnet-base-v2.md,mteb_classification,61.5
models/sentence-transformers/paraphrase-multilingual-mpnet-base-v2.md,mteb_clustering,38.5
models/sentence-transformers/paraphrase-multilingual-mpnet-base-v2.md,mteb_overall,54.8
models/sentence-transformers/paraphrase-multilingual-mpnet-base-v2.md,mteb_retrieval,46.2
models/sentence-transformers/paraphrase-multilingual-mpnet-base-v2.md,mteb_reranking,48.2
models/sentence-transformers/paraphrase-multilingual-mpnet-base-v2.md,mteb_sts,76.5
models/sentence-transformers/paraphrase-multilingual-mpnet-base-v2.md,mteb_pair_classification,79.0
models/sentence-transformers/paraphrase-multilingual-mpnet-base-v2.md,mteb_summarization,25.8
models/snowflake/snowflake-arctic-embed-l-v2-0.md,beir,56.0
models/snowflake/snowflake-arctic-embed-l-v2-0.md,mteb_classification,71.0
models/snowflake/snowflake-arctic-embed-l-v2-0.md,mteb_clustering,49.8
models/snowflake/snowflake-arctic-embed-l-v2-0.md,mteb_overall,65.5
models/snowflake/snowflake-arctic-embed-l-v2-0.md,mteb_retrieval,63.0
models/snowflake/snowflake-arctic-embed-l-v2-0.md,mteb_reranking,58.0
models/snowflake/snowflake-arctic-embed-l-v2-0.md,mteb_sts,83.5
models/snowflake/snowflake-arctic-embed-l-v2-0.md,mteb_pair_classification,85.5
models/snowflake/snowflake-arctic-embed-l-v2-0.md,mteb_summarization,30.2
models/snowflake/snowflake-arctic-embed-l-v2-0.md,miracl,64.9
models/snowflake/snowflake-arctic-embed-l.md,beir,53.8
models/snowflake/snowflake-arctic-embed-l.md,mteb_classification,69.1
models/snowflake/snowflake-arctic-embed-l.md,mteb_clustering,47.2
models/snowflake/snowflake-arctic-embed-l.md,mteb_overall,63.2
models/snowflake/snowflake-arctic-embed-l.md,mteb_retrieval,60.5
models/snowflake/snowflake-arctic-embed-l.md,mteb_reranking,56.5
models/snowflake/snowflake-arctic-embed-l.md,mteb_sts,82.0
models/snowflake/snowflake-arctic-embed-l.md,mteb_pair_classification,84.5
models/snowflake/snowflake-arctic-embed-l.md,mteb_summarization,29.5
models/snowflake/snowflake-arctic-embed-l.md,miracl,52.0
models/snowflake/snowflake-arctic-embed-m-long.md,beir,51.0
models/snowflake/snowflake-arctic-embed-m-long.md,mteb_classification,67.0
models/snowflake/snowflake-arctic-embed-m-long.md,mteb_clustering,44.8
models/snowflake/snowflake-arctic-embed-m-long.md,mteb_overall,61.0
models/snowflake/snowflake-arctic-embed-m-long.md,mteb_retrieval,57.5
models/snowflake/snowflake-arctic-embed-m-long.md,mteb_reranking,54.2
models/snowflake/snowflake-arctic-embed-m-long.md,mteb_sts,80.0
models/snowflake/snowflake-arctic-embed-m-long.md,mteb_pair_classification,82.8
models/snowflake/snowflake-arctic-embed-m-long.md,mteb_summarization,28.2
models/snowflake/snowflake-arctic-embed-m-long.md,miracl,48.0
models/snowflake/snowflake-arctic-embed-m-v1-5.md,beir,51.5
models/snowflake/snowflake-arctic-embed-m-v1-5.md,mteb_classification,67.2
models/snowflake/snowflake-arctic-embed-m-v1-5.md,mteb_clustering,45.2
models/snowflake/snowflake-arctic-embed-m-v1-5.md,mteb_overall,61.5
models/snowflake/snowflake-arctic-embed-m-v1-5.md,mteb_retrieval,58.0
models/snowflake/snowflake-arctic-embed-m-v1-5.md,mteb_reranking,55.0
models/snowflake/snowflake-arctic-embed-m-v1-5.md,mteb_sts,80.5
models/snowflake/snowflake-arctic-embed-m-v1-5.md,mteb_pair_classification,83.0
models/snowflake/snowflake-arctic-embed-m-v1-5.md,mteb_summarization,28.5
models/snowflake/snowflake-arctic-embed-m-v1-5.md,miracl,50.5
models/snowflake/snowflake-arctic-embed-m-v2-0.md,beir,53.0
models/snowflake/snowflake-arctic-embed-m-v2-0.md,mteb_classification,68.5
models/snowflake/snowflake-arctic-embed-m-v2-0.md,mteb_clustering,46.5
models/snowflake/snowflake-arctic-embed-m-v2-0.md,mteb_overall,62.8
models/snowflake/snowflake-arctic-embed-m-v2-0.md,mteb_retrieval,59.5
models/snowflake/snowflake-arctic-embed-m-v2-0.md,mteb_reranking,56.0
models/snowflake/snowflake-arctic-embed-m-v2-0.md,mteb_sts,81.5
models/snowflake/snowflake-arctic-embed-m-v2-0.md,mteb_pair_classification,84.0
models/snowflake/snowflake-arctic-embed-m-v2-0.md,mteb_summarization,29.0
models/snowflake/snowflake-arctic-embed-m-v2-0.md,miracl,59.2
models/snowflake/snowflake-arctic-embed-m.md,beir,50.5
models/snowflake/snowflake-arctic-embed-m.md,mteb_classification,66.5
models/snowflake/snowflake-arctic-embed-m.md,mteb_clustering,44.2
models/snowflake/snowflake-arctic-embed-m.md,mteb_overall,60.5
models/snowflake/snowflake-arctic-embed-m.md,mteb_retrieval,56.8
models/snowflake/snowflake-arctic-embed-m.md,mteb_reranking,54.5
models/snowflake/snowflake-arctic-embed-m.md,mteb_sts,80.0
models/snowflake/snowflake-arctic-embed-m.md,mteb_pair_classification,83.0
models/snowflake/snowflake-arctic-embed-m.md,mteb_summarization,28.5
models/snowflake/snowflake-arctic-embed-m.md,miracl,48.5
models/snowflake/snowflake-arctic-embed-s.md,beir,47.2
models/snowflake/snowflake-arctic-embed-s.md,mteb_classification,64.0
models/snowflake/snowflake-arctic-embed-s.md,mteb_clustering,41.8
models/snowflake/snowflake-arctic-embed-s.md,mteb_overall,57.8
models/snowflake/snowflake-arctic-embed-s.md,mteb_retrieval,53.5
models/snowflake/snowflake-arctic-embed-s.md,mteb_reranking,52.5
models/snowflake/snowflake-arctic-embed-s.md,mteb_sts,78.0
models/snowflake/snowflake-arctic-embed-s.md,mteb_pair_classification,81.5
models/snowflake/snowflake-arctic-embed-s.md,mteb_summarization,27.0
models/snowflake/snowflake-arctic-embed-s.md,miracl,44.0
models/snowflake/snowflake-arctic-embed-xs.md,beir,44.5
models/snowflake/snowflake-arctic-embed-xs.md,mteb_classification,62.0
models/snowflake/snowflake-arctic-embed-xs.md,mteb_clustering,39.5
models/snowflake/snowflake-arctic-embed-xs.md,mteb_overall,55.2
models/snowflake/snowflake-arctic-embed-xs.md,mteb_retrieval,50.5
models/snowflake/snowflake-arctic-embed-xs.md,mteb_reranking,50.5
models/snowflake/snowflake-arctic-embed-xs.md,mteb_sts,76.0
models/snowflake/snowflake-arctic-embed-xs.md,mteb_pair_classification,79.5
models/snowflake/snowflake-arctic-embed-xs.md,mteb_summarization,25.5
models/snowflake/snowflake-arctic-embed-xs.md,miracl,40.0
models/stability/stablelm-2-1-6b.md,ifeval,11.6
models/stability/stablelm-2-1-6b.md,bbh,33.8
models/stability/stablelm-2-1-6b.md,math_lvl5,0.8
models/stability/stablelm-2-1-6b.md,gpqa_pooled,24.8
models/stability/stablelm-2-1-6b.md,musr,38.8
models/stability/stablelm-2-1-6b.md,mmlu_pro,14.6
models/stability/stablelm-3b-4e1t.md,ifeval,22.0
models/stability/stablelm-3b-4e1t.md,bbh,35.0
models/stability/stablelm-3b-4e1t.md,math_lvl5,1.1
models/stability/stablelm-3b-4e1t.md,gpqa_pooled,23.7
models/stability/stablelm-3b-4e1t.md,musr,37.8
models/stability/stablelm-3b-4e1t.md,mmlu_pro,16.7
models/stability/stablelm-zephyr-3b.md,ifeval,36.8
models/stability/stablelm-zephyr-3b.md,bbh,38.7
models/stability/stablelm-zephyr-3b.md,math_lvl5,4.3
models/stability/stablelm-zephyr-3b.md,gpqa_pooled,23.9
models/stability/stablelm-zephyr-3b.md,musr,41.8
models/stability/stablelm-zephyr-3b.md,mmlu_pro,17.7
models/teknium/openhermes-13b.md,ifeval,26.7
models/teknium/openhermes-13b.md,bbh,42.1
models/teknium/openhermes-13b.md,math_lvl5,1.2
models/teknium/openhermes-13b.md,gpqa_pooled,27.3
models/teknium/openhermes-13b.md,musr,40.4
models/teknium/openhermes-13b.md,mmlu_pro,23.9
models/teknium/openhermes-2-5-mistral-7b.md,ifeval,55.7
models/teknium/openhermes-2-5-mistral-7b.md,bbh,48.7
models/teknium/openhermes-2-5-mistral-7b.md,math_lvl5,5.1
models/teknium/openhermes-2-5-mistral-7b.md,gpqa_pooled,28.4
models/teknium/openhermes-2-5-mistral-7b.md,musr,42.4
models/teknium/openhermes-2-5-mistral-7b.md,mmlu_pro,30.5
models/teknium/openhermes-2-mistral-7b.md,ifeval,52.9
models/teknium/openhermes-2-mistral-7b.md,bbh,49.5
models/teknium/openhermes-2-mistral-7b.md,math_lvl5,4.5
models/teknium/openhermes-2-mistral-7b.md,gpqa_pooled,28.4
models/teknium/openhermes-2-mistral-7b.md,musr,45.2
models/teknium/openhermes-2-mistral-7b.md,mmlu_pro,29.3
models/tii/falcon-11b.md,winogrande,78.3
models/tii/falcon-11b.md,ifeval,32.6
models/tii/falcon-11b.md,bbh,43.9
models/tii/falcon-11b.md,math_lvl5,2.8
models/tii/falcon-11b.md,gpqa_pooled,27.1
models/tii/falcon-11b.md,musr,39.9
models/tii/falcon-11b.md,mmlu_pro,23.9
models/tii/falcon-40b-instruct.md,gsm8k,34.3
models/tii/falcon-40b-instruct.md,ifeval,24.5
models/tii/falcon-40b-instruct.md,bbh,40.5
models/tii/falcon-40b-instruct.md,math_lvl5,2.0
models/tii/falcon-40b-instruct.md,gpqa_pooled,25.0
models/tii/falcon-40b-instruct.md,musr,37.6
models/tii/falcon-40b-instruct.md,mmlu_pro,22.6
models/tii/falcon-40b.md,arc_challenge,61.9
models/tii/falcon-40b.md,hellaswag,85.3
models/tii/falcon-40b.md,truthfulqa,41.7
models/tii/falcon-40b.md,mmlu_abstract_algebra,34.0
models/tii/falcon-40b.md,mmlu_anatomy,53.3
models/tii/falcon-40b.md,mmlu_astronomy,57.2
models/tii/falcon-40b.md,mmlu_business_ethics,54.0
models/tii/falcon-40b.md,mmlu_clinical_knowledge,60.8
models/tii/falcon-40b.md,mmlu_college_biology,66.7
models/tii/falcon-40b.md,mmlu_college_chemistry,45.0
models/tii/falcon-40b.md,mmlu_college_computer_science,50.0
models/tii/falcon-40b.md,mmlu_college_mathematics,39.0
models/tii/falcon-40b.md,mmlu_college_medicine,52.0
models/tii/falcon-40b.md,mmlu_college_physics,27.5
models/tii/falcon-40b.md,mmlu_computer_security,63.0
models/tii/falcon-40b.md,mmlu_conceptual_physics,41.3
models/tii/falcon-40b.md,mmlu_econometrics,33.3
models/tii/falcon-40b.md,mmlu_electrical_engineering,53.1
models/tii/falcon-40b.md,mmlu_elementary_mathematics,33.9
models/tii/falcon-40b.md,mmlu_formal_logic,30.2
models/tii/falcon-40b.md,mmlu_global_facts,32.0
models/tii/falcon-40b.md,mmlu_high_school_biology,67.1
models/tii/falcon-40b.md,mmlu_high_school_chemistry,44.3
models/tii/falcon-40b.md,mmlu_high_school_computer_science,62.0
models/tii/falcon-40b.md,mmlu_high_school_european_history,69.7
models/tii/falcon-40b.md,mmlu_high_school_geography,74.2
models/tii/falcon-40b.md,mmlu_high_school_government_and_politics,77.2
models/tii/falcon-40b.md,mmlu_high_school_macroeconomics,55.4
models/tii/falcon-40b.md,mmlu_high_school_mathematics,31.5
models/tii/falcon-40b.md,mmlu_high_school_microeconomics,55.5
models/tii/falcon-40b.md,mmlu_high_school_physics,31.8
models/tii/falcon-40b.md,mmlu_high_school_psychology,77.6
models/tii/falcon-40b.md,mmlu_high_school_statistics,47.7
models/tii/falcon-40b.md,mmlu_high_school_us_history,71.6
models/tii/falcon-40b.md,mmlu_high_school_world_history,71.3
models/tii/falcon-40b.md,mmlu_human_aging,73.5
models/tii/falcon-40b.md,mmlu_human_sexuality,72.5
models/tii/falcon-40b.md,mmlu_international_law,65.3
models/tii/falcon-40b.md,mmlu_jurisprudence,69.4
models/tii/falcon-40b.md,mmlu_logical_fallacies,65.6
models/tii/falcon-40b.md,mmlu_machine_learning,29.5
models/tii/falcon-40b.md,mmlu_management,78.6
models/tii/falcon-40b.md,mmlu_marketing,79.1
models/tii/falcon-40b.md,mmlu_medical_genetics,66.0
models/tii/falcon-40b.md,mmlu_miscellaneous,75.9
models/tii/falcon-40b.md,mmlu_moral_disputes,62.7
models/tii/falcon-40b.md,mmlu_moral_scenarios,27.0
models/tii/falcon-40b.md,mmlu_nutrition,67.3
models/tii/falcon-40b.md,mmlu_philosophy,66.9
models/tii/falcon-40b.md,mmlu_prehistory,63.3
models/tii/falcon-40b.md,mmlu_professional_accounting,43.6
models/tii/falcon-40b.md,mmlu_professional_law,43.2
models/tii/falcon-40b.md,mmlu_professional_medicine,61.0
models/tii/falcon-40b.md,mmlu_professional_psychology,56.5
models/tii/falcon-40b.md,mmlu_public_relations,62.7
models/tii/falcon-40b.md,mmlu_security_studies,66.1
models/tii/falcon-40b.md,mmlu_sociology,79.6
models/tii/falcon-40b.md,mmlu_us_foreign_policy,81.0
models/tii/falcon-40b.md,mmlu_virology,47.6
models/tii/falcon-40b.md,mmlu_world_religions,80.7
models/tii/falcon-40b.md,ifeval,25.0
models/tii/falcon-40b.md,bbh,40.2
models/tii/falcon-40b.md,math_lvl5,1.8
models/tii/falcon-40b.md,gpqa_pooled,27.3
models/tii/falcon-40b.md,musr,36.3
models/tii/falcon-40b.md,mmlu_pro,25.0
models/tii/falcon-7b-instruct.md,gsm8k,4.7
models/tii/falcon-7b-instruct.md,ifeval,19.7
models/tii/falcon-7b-instruct.md,bbh,32.0
models/tii/falcon-7b-instruct.md,math_lvl5,1.2
models/tii/falcon-7b-instruct.md,gpqa_pooled,24.7
models/tii/falcon-7b-instruct.md,musr,36.3
models/tii/falcon-7b-instruct.md,mmlu_pro,11.6
models/tii/falcon-7b.md,gsm8k,4.6
models/tii/falcon-7b.md,ifeval,18.2
models/tii/falcon-7b.md,bbh,32.9
models/tii/falcon-7b.md,math_lvl5,1.0
models/tii/falcon-7b.md,gpqa_pooled,24.5
models/tii/falcon-7b.md,musr,37.8
models/tii/falcon-7b.md,mmlu_pro,11.3
models/tii/falcon-mamba-7b.md,ifeval,33.4
models/tii/falcon-mamba-7b.md,bbh,42.8
models/tii/falcon-mamba-7b.md,math_lvl5,4.5
models/tii/falcon-mamba-7b.md,gpqa_pooled,31.0
models/tii/falcon-mamba-7b.md,musr,42.1
models/tii/falcon-mamba-7b.md,mmlu_pro,23.0
models/tii/falcon3-1b-base.md,ifeval,24.3
models/tii/falcon3-1b-base.md,bbh,35.7
models/tii/falcon3-1b-base.md,math_lvl5,3.3
models/tii/falcon3-1b-base.md,gpqa_pooled,27.9
models/tii/falcon3-1b-base.md,musr,41.5
models/tii/falcon3-1b-base.md,mmlu_pro,16.1
models/tii/falcon3-1b-instruct.md,ifeval,55.6
models/tii/falcon3-1b-instruct.md,bbh,37.4
models/tii/falcon3-1b-instruct.md,math_lvl5,6.3
models/tii/falcon3-1b-instruct.md,gpqa_pooled,26.7
models/tii/falcon3-1b-instruct.md,musr,41.9
models/tii/falcon3-1b-instruct.md,mmlu_pro,18.4
models/tii/falcon3-3b-base.md,ifeval,27.6
models/tii/falcon3-3b-base.md,bbh,44.2
models/tii/falcon3-3b-base.md,math_lvl5,11.8
models/tii/falcon3-3b-base.md,gpqa_pooled,29.7
models/tii/falcon3-3b-base.md,musr,37.5
models/tii/falcon3-3b-base.md,mmlu_pro,28.8
models/tii/falcon3-3b-instruct.md,ifeval,69.8
models/tii/falcon3-3b-instruct.md,bbh,47.5
models/tii/falcon3-3b-instruct.md,math_lvl5,25.0
models/tii/falcon3-3b-instruct.md,gpqa_pooled,28.9
models/tii/falcon3-3b-instruct.md,musr,41.4
models/tii/falcon3-3b-instruct.md,mmlu_pro,30.1
models/tii/falcon3-7b-base.md,ifeval,34.2
models/tii/falcon3-7b-base.md,bbh,51.0
models/tii/falcon3-7b-base.md,math_lvl5,19.4
models/tii/falcon3-7b-base.md,gpqa_pooled,34.6
models/tii/falcon3-7b-base.md,musr,47.0
models/tii/falcon3-7b-base.md,mmlu_pro,39.1
models/tii/falcon3-7b-instruct.md,ifeval,76.1
models/tii/falcon3-7b-instruct.md,bbh,56.3
models/tii/falcon3-7b-instruct.md,math_lvl5,40.9
models/tii/falcon3-7b-instruct.md,gpqa_pooled,31.0
models/tii/falcon3-7b-instruct.md,musr,48.3
models/tii/falcon3-7b-instruct.md,mmlu_pro,40.9
models/tii/falcon3-mamba-7b-instruct.md,ifeval,71.7
models/tii/falcon3-mamba-7b-instruct.md,bbh,46.8
models/tii/falcon3-mamba-7b-instruct.md,math_lvl5,30.1
models/tii/falcon3-mamba-7b-instruct.md,gpqa_pooled,30.4
models/tii/falcon3-mamba-7b-instruct.md,musr,38.7
models/tii/falcon3-mamba-7b-instruct.md,mmlu_pro,33.7
models/together/gpt-jt-6b-v1.md,ifeval,20.6
models/together/gpt-jt-6b-v1.md,bbh,33.0
models/together/gpt-jt-6b-v1.md,math_lvl5,1.1
models/together/gpt-jt-6b-v1.md,gpqa_pooled,26.1
models/together/gpt-jt-6b-v1.md,musr,37.4
models/together/gpt-jt-6b-v1.md,mmlu_pro,16.3
models/together/gpt-neoxt-chat-base-20b.md,ifeval,18.3
models/together/gpt-neoxt-chat-base-20b.md,bbh,33.2
models/together/gpt-neoxt-chat-base-20b.md,math_lvl5,2.3
models/together/gpt-neoxt-chat-base-20b.md,gpqa_pooled,25.0
models/together/gpt-neoxt-chat-base-20b.md,musr,34.6
models/together/gpt-neoxt-chat-base-20b.md,mmlu_pro,11.5
models/together/llama-2-7b-32k-instruct.md,ifeval,21.3
models/together/llama-2-7b-32k-instruct.md,bbh,34.4
models/together/llama-2-7b-32k-instruct.md,math_lvl5,1.6
models/together/llama-2-7b-32k-instruct.md,gpqa_pooled,25.2
models/together/llama-2-7b-32k-instruct.md,musr,40.6
models/together/llama-2-7b-32k-instruct.md,mmlu_pro,17.8
models/together/llama-2-7b-32k.md,ifeval,18.6
models/together/llama-2-7b-32k.md,bbh,34.0
models/together/llama-2-7b-32k.md,math_lvl5,1.4
models/together/llama-2-7b-32k.md,gpqa_pooled,25.0
models/together/llama-2-7b-32k.md,musr,37.5
models/together/llama-2-7b-32k.md,mmlu_pro,17.7
models/together/redpajama-incite-7b-base.md,ifeval,20.8
models/together/redpajama-incite-7b-base.md,bbh,31.9
models/together/redpajama-incite-7b-base.md,math_lvl5,1.6
models/together/redpajama-incite-7b-base.md,gpqa_pooled,25.5
models/together/redpajama-incite-7b-base.md,musr,36.2
models/together/redpajama-incite-7b-base.md,mmlu_pro,12.0
models/together/redpajama-incite-7b-chat.md,ifeval,15.6
models/together/redpajama-incite-7b-chat.md,bbh,31.8
models/together/redpajama-incite-7b-chat.md,math_lvl5,0.7
models/together/redpajama-incite-7b-chat.md,gpqa_pooled,25.3
models/together/redpajama-incite-7b-chat.md,musr,34.5
models/together/redpajama-incite-7b-chat.md,mmlu_pro,11.2
models/together/redpajama-incite-7b-instruct.md,ifeval,20.6
models/together/redpajama-incite-7b-instruct.md,bbh,33.8
models/together/redpajama-incite-7b-instruct.md,math_lvl5,2.1
models/together/redpajama-incite-7b-instruct.md,gpqa_pooled,25.1
models/together/redpajama-incite-7b-instruct.md,musr,36.9
models/together/redpajama-incite-7b-instruct.md,mmlu_pro,12.7
models/together/redpajama-incite-base-3b-v1.md,ifeval,22.9
models/together/redpajama-incite-base-3b-v1.md,bbh,30.6
models/together/redpajama-incite-base-3b-v1.md,math_lvl5,1.4
models/together/redpajama-incite-base-3b-v1.md,gpqa_pooled,24.3
models/together/redpajama-incite-base-3b-v1.md,musr,37.4
models/together/redpajama-incite-base-3b-v1.md,mmlu_pro,11.1
models/together/redpajama-incite-chat-3b-v1.md,ifeval,16.5
models/together/redpajama-incite-chat-3b-v1.md,bbh,32.2
models/together/redpajama-incite-chat-3b-v1.md,math_lvl5,0.9
models/together/redpajama-incite-chat-3b-v1.md,gpqa_pooled,24.4
models/together/redpajama-incite-chat-3b-v1.md,musr,36.8
models/together/redpajama-incite-chat-3b-v1.md,mmlu_pro,11.3
models/unsloth/llama-3-1-8b-instruct.md,arena_elo_coding,1160
models/unsloth/llama-3-1-8b-instruct.md,arena_elo_math,1150
models/unsloth/llama-3-1-8b-instruct.md,arena_elo_overall,1170
models/unsloth/llama-3-1-8b-instruct.md,bbh,39.2
models/unsloth/llama-3-1-8b-instruct.md,bbq,72.8
models/unsloth/llama-3-1-8b-instruct.md,gpqa_diamond,28.5
models/unsloth/llama-3-1-8b-instruct.md,helm_safety,78.5
models/unsloth/llama-3-1-8b-instruct.md,humaneval,55.5
models/unsloth/llama-3-1-8b-instruct.md,ifeval,62
models/unsloth/llama-3-1-8b-instruct.md,math_500,42
models/unsloth/llama-3-1-8b-instruct.md,mmlu_pro,40.5
models/unsloth/llama-3-1-8b-instruct.md,musr,12.8
models/unsloth/llama-3-1-8b-instruct.md,toxigen,82.1
models/voyage/voyage-3-lite.md,beir,51.2
models/voyage/voyage-3-lite.md,mteb_classification,67.8
models/voyage/voyage-3-lite.md,mteb_clustering,46.2
models/voyage/voyage-3-lite.md,mteb_overall,62.1
models/voyage/voyage-3-lite.md,mteb_retrieval,58.2
models/voyage/voyage-3-lite.md,mteb_reranking,55.5
models/voyage/voyage-3-lite.md,mteb_sts,80.5
models/voyage/voyage-3-lite.md,mteb_pair_classification,83.0
models/voyage/voyage-3-lite.md,mteb_summarization,28.5
models/voyage/voyage-3-lite.md,miracl,48.0
models/voyage/voyage-3.md,beir,56.5
models/voyage/voyage-3.md,mteb_classification,71.8
models/voyage/voyage-3.md,mteb_clustering,51.5
models/voyage/voyage-3.md,mteb_overall,67.2
models/voyage/voyage-3.md,mteb_retrieval,64.5
models/voyage/voyage-3.md,mteb_reranking,59.0
models/voyage/voyage-3.md,mteb_sts,84.0
models/voyage/voyage-3.md,mteb_pair_classification,86.0
models/voyage/voyage-3.md,mteb_summarization,30.5
models/voyage/voyage-3.md,miracl,58.5
models/voyage/voyage-code-3.md,beir,52.5
models/voyage/voyage-code-3.md,mteb_classification,68.5
models/voyage/voyage-code-3.md,mteb_clustering,47.0
models/voyage/voyage-code-3.md,mteb_overall,63.5
models/voyage/voyage-code-3.md,mteb_retrieval,60.0
models/voyage/voyage-code-3.md,mteb_reranking,56.5
models/voyage/voyage-code-3.md,mteb_sts,81.0
models/voyage/voyage-code-3.md,mteb_pair_classification,83.5
models/voyage/voyage-code-3.md,mteb_summarization,29.0
models/voyage/voyage-code-3.md,miracl,42.0
models/voyage/voyage-finance-2.md,mteb_classification,68.8
models/voyage/voyage-finance-2.md,mteb_clustering,46.8
models/voyage/voyage-finance-2.md,mteb_overall,63.0
models/voyage/voyage-finance-2.md,mteb_retrieval,59.8
models/voyage/voyage-finance-2.md,mteb_reranking,56.0
models/voyage/voyage-finance-2.md,mteb_sts,81.0
models/voyage/voyage-finance-2.md,mteb_pair_classification,83.0
models/voyage/voyage-finance-2.md,mteb_summarization,29.0
models/voyage/voyage-finance-2.md,miracl,45.5
models/voyage/voyage-law-2.md,mteb_classification,68.0
models/voyage/voyage-law-2.md,mteb_clustering,46.0
models/voyage/voyage-law-2.md,mteb_overall,62.5
models/voyage/voyage-law-2.md,mteb_retrieval,59.2
models/voyage/voyage-law-2.md,mteb_reranking,55.8
models/voyage/voyage-law-2.md,mteb_sts,80.8
models/voyage/voyage-law-2.md,mteb_pair_classification,82.8
models/voyage/voyage-law-2.md,mteb_summarization,28.8
models/voyage/voyage-law-2.md,miracl,44.0
models/voyage/voyage-multilingual-2.md,beir,52.0
models/voyage/voyage-multilingual-2.md,miracl,57.0
models/voyage/voyage-multilingual-2.md,mteb_classification,68.2
models/voyage/voyage-multilingual-2.md,mteb_clustering,46.5
models/voyage/voyage-multilingual-2.md,mteb_overall,62.8
models/voyage/voyage-multilingual-2.md,mteb_retrieval,59.5
models/voyage/voyage-multilingual-2.md,mteb_reranking,56.0
models/voyage/voyage-multilingual-2.md,mteb_sts,81.5
models/voyage/voyage-multilingual-2.md,mteb_pair_classification,83.5
models/voyage/voyage-multilingual-2.md,mteb_summarization,29.0
models/xai/grok-2.md,arena_elo_hard_prompts,1325.7
models/xai/grok-2.md,arena_elo_style_control,1334.8
models/xai/grok-3-fast-latest.md,arena_elo_coding,1320.0
models/xai/grok-3-fast-latest.md,arena_elo_math,1310.0
models/xai/grok-3-fast-latest.md,arena_elo_overall,1330.0
models/xai/grok-3-fast-latest.md,gpqa_diamond,62.8
models/xai/grok-3-fast-latest.md,humaneval,86.5
models/xai/grok-3-fast-latest.md,ifeval,85.0
models/xai/grok-3-fast-latest.md,math_500,82.5
models/xai/grok-3-fast-latest.md,mmlu_pro,76.0
models/xai/grok-3-fast-latest.md,swe_bench_verified,48.5
models/xai/grok-3-fast-latest.md,live_code_bench,79.4
models/xai/grok-3-fast-latest.md,aider_polyglot,53.3
models/xai/grok-3-fast.md,arena_elo_coding,1320.0
models/xai/grok-3-fast.md,arena_elo_math,1310.0
models/xai/grok-3-fast.md,arena_elo_overall,1330.0
models/xai/grok-3-fast.md,gpqa_diamond,62.8
models/xai/grok-3-fast.md,humaneval,86.5
models/xai/grok-3-fast.md,ifeval,85.0
models/xai/grok-3-fast.md,math_500,82.5
models/xai/grok-3-fast.md,mmlu_pro,76.0
models/xai/grok-3-fast.md,swe_bench_verified,48.5
models/xai/grok-3-fast.md,live_code_bench,79.4
models/xai/grok-3-fast.md,aider_polyglot,53.3
models/xai/grok-3-latest.md,arena_elo_coding,1320.0
models/xai/grok-3-latest.md,arena_elo_math,1310.0
models/xai/grok-3-latest.md,arena_elo_overall,1330.0
models/xai/grok-3-latest.md,gpqa_diamond,62.8
models/xai/grok-3-latest.md,humaneval,86.5
models/xai/grok-3-latest.md,ifeval,85.0
models/xai/grok-3-latest.md,math_500,82.5
models/xai/grok-3-latest.md,mmlu_pro,76.0
models/xai/grok-3-latest.md,swe_bench_verified,48.5
models/xai/grok-3-latest.md,live_code_bench,79.4
models/xai/grok-3-latest.md,aider_polyglot,53.3
models/xai/grok-3-mini-fast-latest.md,arena_elo_coding,1280.0
models/xai/grok-3-mini-fast-latest.md,arena_elo_math,1300.0
models/xai/grok-3-mini-fast-latest.md,arena_elo_overall,1290.0
models/xai/grok-3-mini-fast-latest.md,gpqa_diamond,55.3
models/xai/grok-3-mini-fast-latest.md,humaneval,82.0
models/xai/grok-3-mini-fast-latest.md,ifeval,80.5
models/xai/grok-3-mini-fast-latest.md,math_500,80.5
models/xai/grok-3-mini-fast-latest.md,mmlu_pro,70.2
models/xai/grok-3-mini-fast-latest.md,live_code_bench,69.6
models/xai/grok-3-mini-fast-latest.md,aider_polyglot,49.3
models/xai/grok-3-mini-fast.md,arena_elo_coding,1280.0
models/xai/grok-3-mini-fast.md,arena_elo_math,1300.0
models/xai/grok-3-mini-fast.md,arena_elo_overall,1290.0
models/xai/grok-3-mini-fast.md,gpqa_diamond,55.3
models/xai/grok-3-mini-fast.md,humaneval,82.0
models/xai/grok-3-mini-fast.md,ifeval,80.5
models/xai/grok-3-mini-fast.md,math_500,80.5
models/xai/grok-3-mini-fast.md,mmlu_pro,70.2
models/xai/grok-3-mini-fast.md,live_code_bench,69.6
models/xai/grok-3-mini-fast.md,aider_polyglot,49.3
models/xai/grok-3-mini-latest.md,arena_elo_coding,1280.0
models/xai/grok-3-mini-latest.md,arena_elo_math,1300.0
models/xai/grok-3-mini-latest.md,arena_elo_overall,1290.0
models/xai/grok-3-mini-latest.md,gpqa_diamond,55.3
models/xai/grok-3-mini-latest.md,humaneval,82.0
models/xai/grok-3-mini-latest.md,ifeval,80.5
models/xai/grok-3-mini-latest.md,math_500,80.5
models/xai/grok-3-mini-latest.md,mmlu_pro,70.2
models/xai/grok-3-mini-latest.md,live_code_bench,69.6
models/xai/grok-3-mini-latest.md,aider_polyglot,49.3
models/xai/grok-3-mini.md,aider_polyglot,49.3
models/xai/grok-3-mini.md,arena_elo_coding,1280.0
models/xai/grok-3-mini.md,arena_elo_hard_prompts,1377.8
models/xai/grok-3-mini.md,arena_elo_math,1300.0
models/xai/grok-3-mini.md,arena_elo_overall,1290.0
models/xai/grok-3-mini.md,arena_elo_style_control,1362.7
models/xai/grok-3-mini.md,gpqa_diamond,55.3
models/xai/grok-3-mini.md,humaneval,82.0
models/xai/grok-3-mini.md,ifeval,80.5
models/xai/grok-3-mini.md,live_code_bench,69.6
models/xai/grok-3-mini.md,math_500,80.5
models/xai/grok-3-mini.md,mmlu_pro,70.2
models/xai/grok-3.md,aider_polyglot,53.3
models/xai/grok-3.md,arena_elo_coding,1320.0
models/xai/grok-3.md,arena_elo_hard_prompts,1426.2
models/xai/grok-3.md,arena_elo_math,1310.0
models/xai/grok-3.md,arena_elo_overall,1330.0
models/xai/grok-3.md,arena_elo_style_control,1411.7
models/xai/grok-3.md,gpqa_diamond,62.8
models/xai/grok-3.md,humaneval,86.5
models/xai/grok-3.md,ifeval,85.0
models/xai/grok-3.md,live_code_bench,79.4
models/xai/grok-3.md,math_500,82.5
models/xai/grok-3.md,medqa,86.1
models/xai/grok-3.md,mmlu_pro,76.0
models/xai/grok-3.md,swe_bench_verified,48.5
models/xai/grok-4-1-fast.md,arena_elo_hard_prompts,1441.8
models/xai/grok-4-1-fast.md,arena_elo_style_control,1431.1
models/xai/grok-4-1-fast.md,arena_elo_vision,1173.7
models/xai/grok-4-20-0309-reasoning.md,arena_elo_hard_prompts,1505.0
models/xai/grok-4-20-0309-reasoning.md,arena_elo_style_control,1490.4
models/xai/grok-4-20-0309-reasoning.md,arena_elo_vision,1242.8
models/xai/grok-4-20-multi-agent-0309.md,arena_elo_hard_prompts,1491.6
models/xai/grok-4-20-multi-agent-0309.md,arena_elo_style_control,1474.5
models/xai/grok-4-20-multi-agent-0309.md,arena_elo_vision,1228.4
models/xai/grok-4-fast-non-reasoning.md,arena_elo_hard_prompts,1432.7
models/xai/grok-4-fast-non-reasoning.md,arena_elo_style_control,1420.7
models/xai/grok-4.md,arena_elo_hard_prompts,1482.8
models/xai/grok-4.md,arena_elo_style_control,1470.7
models/xai/grok-4.md,arena_elo_vision,1182.0
models/zhipu/chatglm2-6b.md,arc_challenge,38.8
models/zhipu/chatglm2-6b.md,hellaswag,59.0
models/zhipu/chatglm2-6b.md,truthfulqa,48.1
models/zhipu/chatglm2-6b.md,mmlu_abstract_algebra,28.0
models/zhipu/chatglm2-6b.md,mmlu_anatomy,41.5
models/zhipu/chatglm2-6b.md,mmlu_astronomy,53.3
models/zhipu/chatglm2-6b.md,mmlu_business_ethics,61.0
models/zhipu/chatglm2-6b.md,mmlu_clinical_knowledge,48.7
models/zhipu/chatglm2-6b.md,mmlu_college_biology,38.9
models/zhipu/chatglm2-6b.md,mmlu_college_chemistry,40.0
models/zhipu/chatglm2-6b.md,mmlu_college_computer_science,33.0
models/zhipu/chatglm2-6b.md,mmlu_college_mathematics,32.0
models/zhipu/chatglm2-6b.md,mmlu_college_medicine,42.2
models/zhipu/chatglm2-6b.md,mmlu_college_physics,21.6
models/zhipu/chatglm2-6b.md,mmlu_computer_security,56.0
models/zhipu/chatglm2-6b.md,mmlu_conceptual_physics,40.0
models/zhipu/chatglm2-6b.md,mmlu_econometrics,30.7
models/zhipu/chatglm2-6b.md,mmlu_electrical_engineering,46.9
models/zhipu/chatglm2-6b.md,mmlu_elementary_mathematics,31.7
models/zhipu/chatglm2-6b.md,mmlu_formal_logic,34.9
models/zhipu/chatglm2-6b.md,mmlu_global_facts,36.0
models/zhipu/chatglm2-6b.md,mmlu_high_school_biology,55.8
models/zhipu/chatglm2-6b.md,mmlu_high_school_chemistry,45.3
models/zhipu/chatglm2-6b.md,mmlu_high_school_computer_science,42.0
models/zhipu/chatglm2-6b.md,mmlu_high_school_european_history,60.0
models/zhipu/chatglm2-6b.md,mmlu_high_school_geography,55.6
models/zhipu/chatglm2-6b.md,mmlu_high_school_government_and_politics,57.0
models/zhipu/chatglm2-6b.md,mmlu_high_school_macroeconomics,44.9
models/zhipu/chatglm2-6b.md,mmlu_high_school_mathematics,26.3
models/zhipu/chatglm2-6b.md,mmlu_high_school_microeconomics,43.3
models/zhipu/chatglm2-6b.md,mmlu_high_school_physics,29.1
models/zhipu/chatglm2-6b.md,mmlu_high_school_psychology,59.3
models/zhipu/chatglm2-6b.md,mmlu_high_school_statistics,33.8
models/zhipu/chatglm2-6b.md,mmlu_high_school_us_history,58.8
models/zhipu/chatglm2-6b.md,mmlu_high_school_world_history,66.2
models/zhipu/chatglm2-6b.md,mmlu_human_aging,46.6
models/zhipu/chatglm2-6b.md,mmlu_human_sexuality,48.1
models/zhipu/chatglm2-6b.md,mmlu_international_law,60.3
models/zhipu/chatglm2-6b.md,mmlu_jurisprudence,58.3
models/zhipu/chatglm2-6b.md,mmlu_logical_fallacies,49.1
models/zhipu/chatglm2-6b.md,mmlu_machine_learning,43.8
models/zhipu/chatglm2-6b.md,mmlu_management,62.1
models/zhipu/chatglm2-6b.md,mmlu_marketing,69.2
models/zhipu/chatglm2-6b.md,mmlu_medical_genetics,52.0
models/zhipu/chatglm2-6b.md,mmlu_miscellaneous,59.6
models/zhipu/chatglm2-6b.md,mmlu_moral_disputes,52.9
models/zhipu/chatglm2-6b.md,mmlu_moral_scenarios,23.6
models/zhipu/chatglm2-6b.md,mmlu_nutrition,53.3
models/zhipu/chatglm2-6b.md,mmlu_philosophy,49.8
models/zhipu/chatglm2-6b.md,mmlu_prehistory,49.4
models/zhipu/chatglm2-6b.md,mmlu_professional_accounting,33.3
models/zhipu/chatglm2-6b.md,mmlu_professional_law,35.6
models/zhipu/chatglm2-6b.md,mmlu_professional_medicine,35.3
models/zhipu/chatglm2-6b.md,mmlu_professional_psychology,44.4
models/zhipu/chatglm2-6b.md,mmlu_public_relations,58.2
models/zhipu/chatglm2-6b.md,mmlu_security_studies,56.7
models/zhipu/chatglm2-6b.md,mmlu_sociology,62.2
models/zhipu/chatglm2-6b.md,mmlu_us_foreign_policy,73.0
models/zhipu/chatglm2-6b.md,mmlu_virology,41.6
models/zhipu/chatglm2-6b.md,mmlu_world_religions,47.4
models/zhipu/glm-4-5-air.md,arena_elo_coding,1426.9
models/zhipu/glm-4-5-air.md,arena_elo_hard_prompts,1391.2
models/zhipu/glm-4-5-air.md,arena_elo_math,1390.0
models/zhipu/glm-4-5-air.md,arena_elo_overall,1372.8
models/zhipu/glm-4-5-air.md,arena_elo_style_control,1372.8
models/zhipu/glm-4-5.md,arena_elo_coding,1454.6
models/zhipu/glm-4-5.md,arena_elo_hard_prompts,1432.7
models/zhipu/glm-4-5.md,arena_elo_math,1415.0
models/zhipu/glm-4-5.md,arena_elo_overall,1410.9
models/zhipu/glm-4-5.md,arena_elo_style_control,1410.9
models/zhipu/glm-4-5v.md,arena_elo_coding,1403.8
models/zhipu/glm-4-5v.md,arena_elo_hard_prompts,1375.5
models/zhipu/glm-4-5v.md,arena_elo_math,1357.7
models/zhipu/glm-4-5v.md,arena_elo_overall,1353.3
models/zhipu/glm-4-5v.md,arena_elo_style_control,1353.3
models/zhipu/glm-4-5v.md,arena_elo_vision,1156.6
models/zhipu/glm-4-6.md,arena_elo_coding,1459.8
models/zhipu/glm-4-6.md,arena_elo_hard_prompts,1442.6
models/zhipu/glm-4-6.md,arena_elo_math,1421.6
models/zhipu/glm-4-6.md,arena_elo_overall,1425.8
models/zhipu/glm-4-6.md,arena_elo_style_control,1425.8
models/zhipu/glm-4-6v.md,arena_elo_coding,1420.5
models/zhipu/glm-4-6v.md,arena_elo_hard_prompts,1384.1
models/zhipu/glm-4-6v.md,arena_elo_overall,1377.9
models/zhipu/glm-4-6v.md,arena_elo_style_control,1377.9
models/zhipu/glm-4-6v.md,arena_elo_vision,1163.1
models/zhipu/glm-4-7-flash.md,arena_elo_coding,1425.0
models/zhipu/glm-4-7-flash.md,arena_elo_hard_prompts,1387.9
models/zhipu/glm-4-7-flash.md,arena_elo_math,1367.8
models/zhipu/glm-4-7-flash.md,arena_elo_overall,1368.7
models/zhipu/glm-4-7-flash.md,arena_elo_style_control,1368.7
models/zhipu/glm-4-7.md,arena_elo_coding,1486.1
models/zhipu/glm-4-7.md,arena_elo_hard_prompts,1463.5
models/zhipu/glm-4-7.md,arena_elo_math,1429.7
models/zhipu/glm-4-7.md,arena_elo_overall,1442.7
models/zhipu/glm-4-7.md,arena_elo_style_control,1442.7
models/zhipu/glm-4-9b-chat-1m.md,bbh,41.8
models/zhipu/glm-4-9b-chat-1m.md,gpqa_pooled,30.4
models/zhipu/glm-4-9b-chat-1m.md,musr,37.9
models/zhipu/glm-4-9b-chat-1m.md,mmlu_pro,31.6
models/zhipu/glm-4-9b-chat-hf.md,ifeval,65.1
models/zhipu/glm-4-9b-chat-hf.md,bbh,44.3
models/zhipu/glm-4-9b-chat-hf.md,math_lvl5,8.5
models/zhipu/glm-4-9b-chat-hf.md,gpqa_pooled,30.3
models/zhipu/glm-4-9b-chat-hf.md,musr,35.9
models/zhipu/glm-4-9b-chat-hf.md,mmlu_pro,27.7
models/zhipu/glm-4-9b-chat.md,bbh,47.4
models/zhipu/glm-4-9b-chat.md,gpqa_pooled,31.4
models/zhipu/glm-4-9b-chat.md,musr,39.9
models/zhipu/glm-4-9b-chat.md,mmlu_pro,31.7
models/zhipu/glm-4-9b.md,ifeval,14.3
models/zhipu/glm-4-9b.md,bbh,55.3
models/zhipu/glm-4-9b.md,gpqa_pooled,31.6
models/zhipu/glm-4-9b.md,musr,43.9
models/zhipu/glm-4-9b.md,mmlu_pro,41.4
models/zhipu/glm-5-1.md,aime_2025,95.3
models/zhipu/glm-5-1.md,arena_elo_coding,1520.3
models/zhipu/glm-5-1.md,arena_elo_hard_prompts,1494.3
models/zhipu/glm-5-1.md,arena_elo_math,1457.4
models/zhipu/glm-5-1.md,arena_elo_overall,1467.4
models/zhipu/glm-5-1.md,arena_elo_style_control,1467.4
models/zhipu/glm-5-1.md,browsecomp,68.0
models/zhipu/glm-5-1.md,gpqa_diamond,86.2
models/zhipu/glm-5-1.md,hle,31.0
models/zhipu/glm-5-1.md,hle_tools,52.3
models/zhipu/glm-5-1.md,swe_bench_pro,58.4
models/zhipu/glm-5-1.md,tau_bench,70.6
models/zhipu/glm-5-1.md,terminal_bench_2,63.5
models/zhipu/glm-5-1.md,usamo_2026,83.8
models/zhipu/glm-5.md,arena_elo_coding,1488.6
models/zhipu/glm-5.md,arena_elo_hard_prompts,1475.9
models/zhipu/glm-5.md,arena_elo_math,1458.3
models/zhipu/glm-5.md,arena_elo_overall,1455.6
models/zhipu/glm-5.md,arena_elo_style_control,1455.6
